static const unsigned char data_404_html[] = {
	/* /404.html */
	0x2f, 0x34, 0x30, 0x34, 0x2e, 0x68, 0x74, 0x6d, 0x6c, 0,
	0x48, 0x54, 0x54, 0x50, 0x2f, 0x31, 0x2e, 0x30, 0x20, 0x34, 
	0x30, 0x34, 0x20, 0x46, 0x69, 0x6c, 0x65, 0x20, 0x6e, 0x6f, 
	0x74, 0x20, 0x66, 0x6f, 0x75, 0x6e, 0x64, 0xd, 0xa, 0x53, 
	0x65, 0x72, 0x76, 0x65, 0x72, 0x3a, 0x20, 0x6c, 0x77, 0x49, 
	0x50, 0x2f, 0x70, 0x72, 0x65, 0x2d, 0x30, 0x2e, 0x36, 0x20, 
	0x28, 0x68, 0x74, 0x74, 0x70, 0x3a, 0x2f, 0x2f, 0x77, 0x77, 
	0x77, 0x2e, 0x73, 0x69, 0x63, 0x73, 0x2e, 0x73, 0x65, 0x2f, 
	0x7e, 0x61, 0x64, 0x61, 0x6d, 0x2f, 0x6c, 0x77, 0x69, 0x70, 
	0x2f, 0x29, 0xd, 0xa, 0x43, 0x6f, 0x6e, 0x74, 0x65, 0x6e, 
	0x74, 0x2d, 0x74, 0x79, 0x70, 0x65, 0x3a, 0x20, 0x74, 0x65, 
	0x78, 0x74, 0x2f, 0x68, 0x74, 0x6d, 0x6c, 0xd, 0xa, 0xd, 
	0xa, 0x3c, 0x21, 0x64, 0x6f, 0x63, 0x74, 0x79, 0x70, 0x65, 
	0x20, 0x68, 0x74, 0x6d, 0x6c, 0x3e, 0x3c, 0x68, 0x74, 0x6d, 
	0x6c, 0x20, 0x6c, 0x61, 0x6e, 0x67, 0x3d, 0x22, 0x65, 0x6e, 
	0x22, 0x3e, 0x3c, 0x6d, 0x65, 0x74, 0x61, 0x20, 0x63, 0x68, 
	0x61, 0x72, 0x73, 0x65, 0x74, 0x3d, 0x22, 0x75, 0x74, 0x66, 
	0x2d, 0x38, 0x22, 0x3e, 0x3c, 0x74, 0x69, 0x74, 0x6c, 0x65, 
	0x3e, 0x34, 0x30, 0x34, 0x3c, 0x2f, 0x74, 0x69, 0x74, 0x6c, 
	0x65, 0x3e, 0x3c, 0x68, 0x31, 0x3e, 0x34, 0x30, 0x34, 0x20, 
	0x4e, 0x6f, 0x74, 0x20, 0x46, 0x6f, 0x75, 0x6e, 0x64, 0x3c, 
	0x2f, 0x68, 0x31, 0x3e, 0x3c, 0x2f, 0x68, 0x74, 0x6d, 0x6c, 
	0x3e, 0xd, 0xa, };

static const unsigned char data_index_html[] = {
	/* /index.html */
	0x2f, 0x69, 0x6e, 0x64, 0x65, 0x78, 0x2e, 0x68, 0x74, 0x6d, 0x6c, 0,
	0x48, 0x54, 0x54, 0x50, 0x2f, 0x31, 0x2e, 0x30, 0x20, 0x32, 
	0x30, 0x30, 0x20, 0x4f, 0x4b, 0xd, 0xa, 0x53, 0x65, 0x72, 
	0x76, 0x65, 0x72, 0x3a, 0x20, 0x6c, 0x77, 0x49, 0x50, 0x2f, 
	0x70, 0x72, 0x65, 0x2d, 0x30, 0x2e, 0x36, 0x20, 0x28, 0x68, 
	0x74, 0x74, 0x70, 0x3a, 0x2f, 0x2f, 0x77, 0x77, 0x77, 0x2e, 
	0x73, 0x69, 0x63, 0x73, 0x2e, 0x73, 0x65, 0x2f, 0x7e, 0x61, 
	0x64, 0x61, 0x6d, 0x2f, 0x6c, 0x77, 0x69, 0x70, 0x2f, 0x29, 
	0xd, 0xa, 0x43, 0x6f, 0x6e, 0x74, 0x65, 0x6e, 0x74, 0x2d, 
	0x74, 0x79, 0x70, 0x65, 0x3a, 0x20, 0x74, 0x65, 0x78, 0x74, 
	0x2f, 0x68, 0x74, 0x6d, 0x6c, 0xd, 0xa, 0xd, 0xa, 0x3c, 
	0x21, 0x44, 0x4f, 0x43, 0x54, 0x59, 0x50, 0x45, 0x20, 0x68, 
	0x74, 0x6d, 0x6c, 0x3e, 0xa, 0x3c, 0x68, 0x74, 0x6d, 0x6c, 
	0x20, 0x6c, 0x61, 0x6e, 0x67, 0x3d, 0x22, 0x6a, 0x61, 0x22, 
	0x3e, 0xa, 0x3c, 0x68, 0x65, 0x61, 0x64, 0x3e, 0xa, 0x20, 
	0x20, 0x3c, 0x6d, 0x65, 0x74, 0x61, 0x20, 0x63, 0x68, 0x61, 
	0x72, 0x73, 0x65, 0x74, 0x3d, 0x22, 0x55, 0x54, 0x46, 0x2d, 
	0x38, 0x22, 0x3e, 0xa, 0x20, 0x20, 0x3c, 0x6d, 0x65, 0x74, 
	0x61, 0x20, 0x6e, 0x61, 0x6d, 0x65, 0x3d, 0x22, 0x76, 0x69, 
	0x65, 0x77, 0x70, 0x6f, 0x72, 0x74, 0x22, 0x20, 0x63, 0x6f, 
	0x6e, 0x74, 0x65, 0x6e, 0x74, 0x3d, 0x22, 0x77, 0x69, 0x64, 
	0x74, 0x68, 0x3d, 0x64, 0x65, 0x76, 0x69, 0x63, 0x65, 0x2d, 
	0x77, 0x69, 0x64, 0x74, 0x68, 0x2c, 0x20, 0x69, 0x6e, 0x69, 
	0x74, 0x69, 0x61, 0x6c, 0x2d, 0x73, 0x63, 0x61, 0x6c, 0x65, 
	0x3d, 0x31, 0x2e, 0x30, 0x2c, 0x20, 0x6d, 0x61, 0x78, 0x69, 
	0x6d, 0x75, 0x6d, 0x2d, 0x73, 0x63, 0x61, 0x6c, 0x65, 0x3d, 
	0x31, 0x2e, 0x30, 0x2c, 0x20, 0x75, 0x73, 0x65, 0x72, 0x2d, 
	0x73, 0x63, 0x61, 0x6c, 0x61, 0x62, 0x6c, 0x65, 0x3d, 0x6e, 
	0x6f, 0x2c, 0x20, 0x76, 0x69, 0x65, 0x77, 0x70, 0x6f, 0x72, 
	0x74, 0x2d, 0x66, 0x69, 0x74, 0x3d, 0x63, 0x6f, 0x76, 0x65, 
	0x72, 0x22, 0x3e, 0xa, 0x20, 0x20, 0x3c, 0x74, 0x69, 0x74, 
	0x6c, 0x65, 0x3e, 0xe3, 0x83, 0x9f, 0xe3, 0x83, 0x8b, 0xe5, 
	0x9b, 0x9b, 0xe9, 0xa7, 0x86, 0xe3, 0x82, 0xb3, 0xe3, 0x83, 
	0xb3, 0xe3, 0x83, 0x88, 0xe3, 0x83, 0xad, 0xe3, 0x83, 0xbc, 
	0xe3, 0x83, 0xa9, 0xe3, 0x83, 0xbc, 0x3c, 0x2f, 0x74, 0x69, 
	0x74, 0x6c, 0x65, 0x3e, 0xa, 0x20, 0x20, 0x3c, 0x6c, 0x69, 
	0x6e, 0x6b, 0x20, 0x72, 0x65, 0x6c, 0x3d, 0x22, 0x73, 0x74, 
	0x79, 0x6c, 0x65, 0x73, 0x68, 0x65, 0x65, 0x74, 0x22, 0x20, 
	0x68, 0x72, 0x65, 0x66, 0x3d, 0x22, 0x73, 0x74, 0x79, 0x6c, 
	0x65, 0x2e, 0x63, 0x73, 0x73, 0x22, 0x3e, 0xa, 0x3c, 0x2f, 
	0x68, 0x65, 0x61, 0x64, 0x3e, 0xa, 0x3c, 0x62, 0x6f, 0x64, 
	0x79, 0x20, 0x64, 0x61, 0x74, 0x61, 0x2d, 0x73, 0x74, 0x61, 
	0x74, 0x65, 0x3d, 0x22, 0x44, 0x49, 0x53, 0x43, 0x4f, 0x4e, 
	0x4e, 0x45, 0x43, 0x54, 0x45, 0x44, 0x22, 0x3e, 0xa, 0x20, 
	0x20, 0x3c, 0x21, 0x2d, 0x2d, 0x20, 0xe8, 0xbb, 0x8a, 0xe8, 
	0xbc, 0x89, 0xe3, 0x82, 0xab, 0xe3, 0x83, 0xa1, 0xe3, 0x83, 
	0xa9, 0xe6, 0x98, 0xa0, 0xe5, 0x83, 0x8f, 0xef, 0xbc, 0x9a, 
	0x4d, 0x38, 0x35, 0x20, 0xe3, 0x81, 0x8c, 0xe7, 0x94, 0x9f, 
	0xe6, 0x88, 0x90, 0xe3, 0x81, 0x99, 0xe3, 0x82, 0x8b, 0x20, 
	0x42, 0x4d, 0x50, 0x20, 0xe3, 0x82, 0xb9, 0xe3, 0x83, 0x8a, 
	0xe3, 0x83, 0x83, 0xe3, 0x83, 0x97, 0xe3, 0x82, 0xb7, 0xe3, 
	0x83, 0xa7, 0xe3, 0x83, 0x83, 0xe3, 0x83, 0x88, 0x20, 0x2f, 
	0x76, 0x69, 0x64, 0x65, 0x6f, 0x5f, 0x66, 0x65, 0x65, 0x64, 
	0x20, 0xe3, 0x82, 0x92, 0x20, 0x6a, 0x73, 0x2f, 0x76, 0x69, 
	0x64, 0x65, 0x6f, 0x2e, 0x6a, 0x73, 0x20, 0xe3, 0x81, 0x8c, 
	0xe5, 0x8f, 0x96, 0xe5, 0xbe, 0x97, 0xe3, 0x81, 0x99, 0xe3, 
	0x82, 0x8b, 0xe3, 0x80, 0x82, 0x20, 0x2d, 0x2d, 0x3e, 0xa, 
	0x20, 0x20, 0x3c, 0x64, 0x69, 0x76, 0x20, 0x69, 0x64, 0x3d, 
	0x22, 0x63, 0x61, 0x6d, 0x65, 0x72, 0x61, 0x22, 0x20, 0x64, 
	0x61, 0x74, 0x61, 0x2d, 0x76, 0x69, 0x64, 0x65, 0x6f, 0x2d, 
	0x73, 0x74, 0x61, 0x74, 0x65, 0x3d, 0x22, 0x77, 0x61, 0x69, 
	0x74, 0x69, 0x6e, 0x67, 0x22, 0x20, 0x61, 0x72, 0x69, 0x61, 
	0x2d, 0x6c, 0x61, 0x62, 0x65, 0x6c, 0x3d, 0x22, 0xe8, 0xbb, 
	0x8a, 0xe8, 0xbc, 0x89, 0xe3, 0x82, 0xab, 0xe3, 0x83, 0xa1, 
	0xe3, 0x83, 0xa9, 0xe6, 0x98, 0xa0, 0xe5, 0x83, 0x8f, 0x22, 
	0x3e, 0xa, 0x20, 0x20, 0x20, 0x20, 0x3c, 0x69, 0x6d, 0x67, 
	0x20, 0x69, 0x64, 0x3d, 0x22, 0x63, 0x61, 0x6d, 0x65, 0x72, 
	0x61, 0x2d, 0x69, 0x6d, 0x61, 0x67, 0x65, 0x22, 0x20, 0x61, 
	0x6c, 0x74, 0x3d, 0x22, 0xe8, 0xbb, 0x8a, 0xe8, 0xbc, 0x89, 
	0xe3, 0x82, 0xab, 0xe3, 0x83, 0xa1, 0xe3, 0x83, 0xa9, 0xe3, 
	0x81, 0xae, 0xe6, 0x98, 0xa0, 0xe5, 0x83, 0x8f, 0x22, 0x3e, 
	0xa, 0x20, 0x20, 0x3c, 0x2f, 0x64, 0x69, 0x76, 0x3e, 0xa, 
	0xa, 0x20, 0x20, 0x3c, 0x21, 0x2d, 0x2d, 0x20, 0xe3, 0x83, 
	0xa9, 0xe3, 0x82, 0xb8, 0xe3, 0x82, 0xb3, 0xe3, 0x83, 0xb3, 
	0xe5, 0xbc, 0x8f, 0xe6, 0x93, 0x8d, 0xe4, 0xbd, 0x9c, 0xef, 
	0xbc, 0x9a, 0xe5, 0xb7, 0xa6, 0xe6, 0x89, 0x8b, 0xef, 0xbc, 
	0x9d, 0xe5, 0x89, 0x8d, 0xe9, 0x80, 0xb2, 0xef, 0xbc, 0x88, 
	0xe7, 0x94, 0xbb, 0xe9, 0x9d, 0xa2, 0xe5, 0xb7, 0xa6, 0xe4, 
	0xb8, 0x8b, 0xef, 0xbc, 0x89, 0xe3, 0x80, 0x81, 0xe5, 0x8f, 
	0xb3, 0xe6, 0x89, 0x8b, 0xef, 0xbc, 0x9d, 0xe5, 0xb7, 0xa6, 
	0xe5, 0x8f, 0xb3, 0xef, 0xbc, 0x88, 0xe7, 0x94, 0xbb, 0xe9, 
	0x9d, 0xa2, 0xe5, 0x8f, 0xb3, 0xe4, 0xb8, 0x8b, 0xe3, 0x80, 
	0x81, 0xe6, 0x93, 0x8d, 0xe4, 0xbd, 0x9c, 0xe3, 0x83, 0x95, 
	0xe3, 0x83, 0x83, 0xe3, 0x82, 0xbf, 0xe3, 0x83, 0xbc, 0xe5, 
	0x86, 0x85, 0xe3, 0x81, 0xae, 0xe4, 0xb8, 0x8a, 0xe6, 0xae, 
	0xb5, 0xef, 0xbc, 0x89, 0xe3, 0x80, 0x82, 0xa, 0x20, 0x20, 
	0x20, 0x20, 0x20, 0x20, 0x20, 0xe4, 0xb8, 0xa1, 0xe6, 0x96, 
	0xb9, 0xe3, 0x82, 0x92, 0xe5, 0x90, 0x8c, 0xe6, 0x99, 0x82, 
	0xe3, 0x81, 0xab, 0xe6, 0x8a, 0xbc, 0xe3, 0x81, 0x9b, 0xe3, 
	0x82, 0x8b, 0xe3, 0x80, 0x82, 0xe5, 0xbe, 0x8c, 0xe9, 0x80, 
	0x80, 0xe3, 0x81, 0xaf, 0xe5, 0xae, 0x89, 0xe5, 0x85, 0xa8, 
	0xe4, 0xb8, 0x8a, 0xe3, 0x81, 0xaa, 0xe3, 0x81, 0x84, 0xe3, 
	0x80, 0x82, 0x20, 0x2d, 0x2d, 0x3e, 0xa, 0x20, 0x20, 0x3c, 
	0x64, 0x69, 0x76, 0x20, 0x69, 0x64, 0x3d, 0x22, 0x70, 0x61, 
	0x64, 0x2d, 0x74, 0x68, 0x72, 0x6f, 0x74, 0x74, 0x6c, 0x65, 
	0x22, 0x20, 0x63, 0x6c, 0x61, 0x73, 0x73, 0x3d, 0x22, 0x70, 
	0x61, 0x64, 0x20, 0x70, 0x61, 0x64, 0x2d, 0x74, 0x68, 0x72, 
	0x6f, 0x74, 0x74, 0x6c, 0x65, 0x22, 0x20, 0x72, 0x6f, 0x6c, 
	0x65, 0x3d, 0x22, 0x67, 0x72, 0x6f, 0x75, 0x70, 0x22, 0x20, 
	0x61, 0x72, 0x69, 0x61, 0x2d, 0x6c, 0x61, 0x62, 0x65, 0x6c, 
	0x3d, 0x22, 0xe5, 0x89, 0x8d, 0xe9, 0x80, 0xb2, 0xef, 0xbc, 
	0x88, 0xe5, 0xb7, 0xa6, 0xe6, 0x89, 0x8b, 0xef, 0xbc, 0x89, 
	0x22, 0x3e, 0xa, 0x20, 0x20, 0x20, 0x20, 0x3c, 0x62, 0x75, 
	0x74, 0x74, 0x6f, 0x6e, 0x20, 0x74, 0x79, 0x70, 0x65, 0x3d, 
	0x22, 0x62, 0x75, 0x74, 0x74, 0x6f, 0x6e, 0x22, 0x20, 0x69, 
	0x64, 0x3d, 0x22, 0x70, 0x61, 0x64, 0x2d, 0x66, 0x6f, 0x72, 
	0x77, 0x61, 0x72, 0x64, 0x22, 0x20, 0x63, 0x6c, 0x61, 0x73, 
	0x73, 0x3d, 0x22, 0x70, 0x61, 0x64, 0x2d, 0x62, 0x74, 0x6e, 
	0x20, 0x70, 0x61, 0x64, 0x2d, 0x66, 0x6f, 0x72, 0x77, 0x61, 
	0x72, 0x64, 0x22, 0x20, 0x64, 0x61, 0x74, 0x61, 0x2d, 0x64, 
	0x69, 0x72, 0x3d, 0x22, 0x75, 0x70, 0x22, 0x20, 0x61, 0x72, 
	0x69, 0x61, 0x2d, 0x6c, 0x61, 0x62, 0x65, 0x6c, 0x3d, 0x22, 
	0xe5, 0x89, 0x8d, 0xe9, 0x80, 0xb2, 0x22, 0x3e, 0xa, 0x20, 
	0x20, 0x20, 0x20, 0x20, 0x20, 0x3c, 0x73, 0x76, 0x67, 0x20, 
	0x76, 0x69, 0x65, 0x77, 0x42, 0x6f, 0x78, 0x3d, 0x22, 0x30, 
	0x20, 0x30, 0x20, 0x32, 0x34, 0x20, 0x32, 0x34, 0x22, 0x20, 
	0x77, 0x69, 0x64, 0x74, 0x68, 0x3d, 0x22, 0x33, 0x36, 0x22, 
	0x20, 0x68, 0x65, 0x69, 0x67, 0x68, 0x74, 0x3d, 0x22, 0x33, 
	0x36, 0x22, 0x3e, 0x3c, 0x70, 0x61, 0x74, 0x68, 0x20, 0x64, 
	0x3d, 0x22, 0x4d, 0x31, 0x32, 0x20, 0x35, 0x20, 0x4c, 0x34, 
	0x20, 0x31, 0x37, 0x20, 0x4c, 0x32, 0x30, 0x20, 0x31, 0x37, 
	0x20, 0x5a, 0x22, 0x20, 0x66, 0x69, 0x6c, 0x6c, 0x3d, 0x22, 
	0x63, 0x75, 0x72, 0x72, 0x65, 0x6e, 0x74, 0x43, 0x6f, 0x6c, 
	0x6f, 0x72, 0x22, 0x2f, 0x3e, 0x3c, 0x2f, 0x73, 0x76, 0x67, 
	0x3e, 0xa, 0x20, 0x20, 0x20, 0x20, 0x3c, 0x2f, 0x62, 0x75, 
	0x74, 0x74, 0x6f, 0x6e, 0x3e, 0xa, 0x20, 0x20, 0x3c, 0x2f, 
	0x64, 0x69, 0x76, 0x3e, 0xa, 0xa, 0x20, 0x20, 0x3c, 0x21, 
	0x2d, 0x2d, 0x20, 0x48, 0x55, 0x44, 0x20, 0xe3, 0x83, 0x98, 
	0xe3, 0x83, 0x83, 0xe3, 0x83, 0x80, 0xe3, 0x83, 0xbc, 0x20, 
	0x28, 0xe7, 0x8a, 0xb6, 0xe6, 0x85, 0x8b, 0x20, 0x2f, 0x20, 
	0xe8, 0xb7, 0x9d, 0xe9, 0x9b, 0xa2, 0x20, 0x2f, 0x20, 0x49, 
	0x4e, 0x46, 0x4f, 0x29, 0x20, 0x2d, 0x2d, 0x3e, 0xa, 0x20, 
	0x20, 0x3c, 0x68, 0x65, 0x61, 0x64, 0x65, 0x72, 0x20, 0x63, 
	0x6c, 0x61, 0x73, 0x73, 0x3d, 0x22, 0x74, 0x6f, 0x70, 0x2d, 
	0x62, 0x61, 0x72, 0x22, 0x3e, 0xa, 0x20, 0x20, 0x20, 0x20, 
	0x3c, 0x64, 0x69, 0x76, 0x20, 0x69, 0x64, 0x3d, 0x22, 0x73, 
	0x74, 0x61, 0x74, 0x75, 0x73, 0x2d, 0x62, 0x61, 0x64, 0x67, 
	0x65, 0x22, 0x20, 0x63, 0x6c, 0x61, 0x73, 0x73, 0x3d, 0x22, 
	0x62, 0x61, 0x64, 0x67, 0x65, 0x22, 0x3e, 0xa, 0x20, 0x20, 
	0x20, 0x20, 0x20, 0x20, 0x3c, 0x73, 0x70, 0x61, 0x6e, 0x20, 
	0x63, 0x6c, 0x61, 0x73, 0x73, 0x3d, 0x22, 0x73, 0x74, 0x61, 
	0x74, 0x75, 0x73, 0x2d, 0x64, 0x6f, 0x74, 0x22, 0x3e, 0x3c, 
	0x2f, 0x73, 0x70, 0x61, 0x6e, 0x3e, 0xa, 0x20, 0x20, 0x20, 
	0x20, 0x20, 0x20, 0x3c, 0x73, 0x70, 0x61, 0x6e, 0x20, 0x69, 
	0x64, 0x3d, 0x22, 0x73, 0x74, 0x61, 0x74, 0x75, 0x73, 0x2d, 
	0x74, 0x65, 0x78, 0x74, 0x22, 0x3e, 0xe6, 0x9c, 0xaa, 0xe6, 
	0x8e, 0xa5, 0xe7, 0xb6, 0x9a, 0x3c, 0x2f, 0x73, 0x70, 0x61, 
	0x6e, 0x3e, 0xa, 0x20, 0x20, 0x20, 0x20, 0x3c, 0x2f, 0x64, 
	0x69, 0x76, 0x3e, 0xa, 0x20, 0x20, 0x20, 0x20, 0x3c, 0x64, 
	0x69, 0x76, 0x20, 0x69, 0x64, 0x3d, 0x22, 0x64, 0x69, 0x73, 
	0x74, 0x61, 0x6e, 0x63, 0x65, 0x2d, 0x63, 0x61, 0x72, 0x64, 
	0x22, 0x20, 0x63, 0x6c, 0x61, 0x73, 0x73, 0x3d, 0x22, 0x62, 
	0x61, 0x64, 0x67, 0x65, 0x22, 0x3e, 0xa, 0x20, 0x20, 0x20, 
	0x20, 0x20, 0x20, 0x3c, 0x73, 0x70, 0x61, 0x6e, 0x20, 0x63, 
	0x6c, 0x61, 0x73, 0x73, 0x3d, 0x22, 0x6c, 0x61, 0x62, 0x65, 
	0x6c, 0x22, 0x3e, 0xe5, 0x89, 0x8d, 0xe6, 0x96, 0xb9, 0xe8, 
	0xb7, 0x9d, 0xe9, 0x9b, 0xa2, 0x3c, 0x2f, 0x73, 0x70, 0x61, 
	0x6e, 0x3e, 0xa, 0x20, 0x20, 0x20, 0x20, 0x20, 0x20, 0x3c, 
	0x73, 0x70, 0x61, 0x6e, 0x20, 0x69, 0x64, 0x3d, 0x22, 0x64, 
	0x69, 0x73, 0x74, 0x61, 0x6e, 0x63, 0x65, 0x2d, 0x76, 0x61, 
	0x6c, 0x22, 0x20, 0x63, 0x6c, 0x61, 0x73, 0x73, 0x3d, 0x22, 
	0x76, 0x61, 0x6c, 0x22, 0x3e, 0x2d, 0x2d, 0x3c, 0x2f, 0x73, 
	0x70, 0x61, 0x6e, 0x3e, 0xa, 0x20, 0x20, 0x20, 0x20, 0x20, 
	0x20, 0x3c, 0x73, 0x70, 0x61, 0x6e, 0x20, 0x63, 0x6c, 0x61, 
	0x73, 0x73, 0x3d, 0x22, 0x75, 0x6e, 0x69, 0x74, 0x22, 0x3e, 
	0x6d, 0x6d, 0x3c, 0x2f, 0x73, 0x70, 0x61, 0x6e, 0x3e, 0xa, 
	0x20, 0x20, 0x20, 0x20, 0x3c, 0x2f, 0x64, 0x69, 0x76, 0x3e, 
	0xa, 0x20, 0x20, 0x20, 0x20, 0x3c, 0x64, 0x69, 0x76, 0x20, 
	0x69, 0x64, 0x3d, 0x22, 0x61, 0x6c, 0x61, 0x72, 0x6d, 0x2d, 
	0x62, 0x61, 0x64, 0x67, 0x65, 0x22, 0x20, 0x63, 0x6c, 0x61, 
	0x73, 0x73, 0x3d, 0x22, 0x62, 0x61, 0x64, 0x67, 0x65, 0x22, 
	0x20, 0x72, 0x6f, 0x6c, 0x65, 0x3d, 0x22, 0x73, 0x74, 0x61, 
	0x74, 0x75, 0x73, 0x22, 0x20, 0x61, 0x72, 0x69, 0x61, 0x2d, 
	0x6c, 0x69, 0x76, 0x65, 0x3d, 0x22, 0x70, 0x6f, 0x6c, 0x69, 
	0x74, 0x65, 0x22, 0x3e, 0xe2, 0x9a, 0xa0, 0x20, 0x3c, 0x73, 
	0x70, 0x61, 0x6e, 0x20, 0x69, 0x64, 0x3d, 0x22, 0x61, 0x6c, 
	0x61, 0x72, 0x6d, 0x2d, 0x6b, 0x69, 0x6e, 0x64, 0x22, 0x3e, 
	0x3c, 0x2f, 0x73, 0x70, 0x61, 0x6e, 0x3e, 0x3c, 0x2f, 0x64, 
	0x69, 0x76, 0x3e, 0xa, 0x20, 0x20, 0x20, 0x20, 0x3c, 0x62, 
	0x75, 0x74, 0x74, 0x6f, 0x6e, 0x20, 0x70, 0x6f, 0x70, 0x6f, 
	0x76, 0x65, 0x72, 0x74, 0x61, 0x72, 0x67, 0x65, 0x74, 0x3d, 
	0x22, 0x69, 0x6e, 0x66, 0x6f, 0x2d, 0x6d, 0x6f, 0x64, 0x61, 
	0x6c, 0x22, 0x20, 0x63, 0x6c, 0x61, 0x73, 0x73, 0x3d, 0x22, 
	0x62, 0x74, 0x6e, 0x20, 0x62, 0x74, 0x6e, 0x2d, 0x73, 0x6d, 
	0x22, 0x3e, 0x49, 0x4e, 0x46, 0x4f, 0x3c, 0x2f, 0x62, 0x75, 
	0x74, 0x74, 0x6f, 0x6e, 0x3e, 0xa, 0x20, 0x20, 0x3c, 0x2f, 
	0x68, 0x65, 0x61, 0x64, 0x65, 0x72, 0x3e, 0xa, 0xa, 0x20, 
	0x20, 0x3c, 0x21, 0x2d, 0x2d, 0x20, 0xe9, 0x9a, 0x9c, 0xe5, 
	0xae, 0xb3, 0xe7, 0x89, 0xa9, 0xe3, 0x82, 0xa2, 0xe3, 0x83, 
	0xa9, 0xe3, 0x83, 0xbc, 0xe3, 0x83, 0xa0, 0xe3, 0x81, 0xae, 
	0xe3, 0x83, 0xad, 0xe3, 0x82, 0xb0, 0xef, 0xbc, 0x88, 0xe6, 
	0x96, 0xb0, 0xe3, 0x81, 0x97, 0xe3, 0x81, 0x84, 0xe9, 0xa0, 
	0x86, 0xe3, 0x80, 0x81, 0xe6, 0x9c, 0x80, 0xe5, 0xa4, 0xa7, 
	0x35, 0xe4, 0xbb, 0xb6, 0xef, 0xbc, 0x89, 0x20, 0x2d, 0x2d, 
	0x3e, 0xa, 0x20, 0x20, 0x3c, 0x6f, 0x6c, 0x20, 0x69, 0x64, 
	0x3d, 0x22, 0x61, 0x6c, 0x61, 0x72, 0x6d, 0x2d, 0x6c, 0x6f, 
	0x67, 0x22, 0x20, 0x61, 0x72, 0x69, 0x61, 0x2d, 0x6c, 0x61, 
	0x62, 0x65, 0x6c, 0x3d, 0x22, 0xe9, 0x9a, 0x9c, 0xe5, 0xae, 
	0xb3, 0xe7, 0x89, 0xa9, 0xe3, 0x82, 0xa2, 0xe3, 0x83, 0xa9, 
	0xe3, 0x83, 0xbc, 0xe3, 0x83, 0xa0, 0xe3, 0x81, 0xae, 0xe3, 
	0x83, 0xad, 0xe3, 0x82, 0xb0, 0x22, 0x3e, 0x3c, 0x2f, 0x6f, 
	0x6c, 0x3e, 0xa, 0xa, 0x20, 0x20, 0x3c, 0x64, 0x69, 0x76, 
	0x20, 0x69, 0x64, 0x3d, 0x22, 0x61, 0x6c, 0x65, 0x72, 0x74, 
	0x2d, 0x62, 0x61, 0x6e, 0x6e, 0x65, 0x72, 0x22, 0x20, 0x70, 
	0x6f, 0x70, 0x6f, 0x76, 0x65, 0x72, 0x3d, 0x22, 0x6d, 0x61, 
	0x6e, 0x75, 0x61, 0x6c, 0x22, 0x3e, 0xe3, 0x82, 0xa8, 0xe3, 
	0x83, 0xa9, 0xe3, 0x83, 0xbc, 0xe9, 0x80, 0x9a, 0xe7, 0x9f, 
	0xa5, 0x3c, 0x2f, 0x64, 0x69, 0x76, 0x3e, 0xa, 0xa, 0x20, 
	0x20, 0x3c, 0x21, 0x2d, 0x2d, 0x20, 0xe4, 0xb8, 0xad, 0xe6, 
	0x96, 0xad, 0xe7, 0x90, 0x86, 0xe7, 0x94, 0xb1, 0xef, 0xbc, 
	0x9a, 0xe3, 0x83, 0xa2, 0xe3, 0x83, 0xbc, 0xe3, 0x83, 0x89, 
	0xe5, 0x88, 0x87, 0xe6, 0x9b, 0xbf, 0xe3, 0x81, 0xae, 0xe6, 
	0x8b, 0x92, 0xe5, 0x90, 0xa6, 0xe7, 0x90, 0x86, 0xe7, 0x94, 
	0xb1, 0xef, 0xbc, 0x88, 0x23, 0x61, 0x6c, 0x65, 0x72, 0x74, 
	0x2d, 0x62, 0x61, 0x6e, 0x6e, 0x65, 0x72, 0xef, 0xbc, 0x89, 
	0xe3, 0x81, 0xa8, 0xe5, 0x90, 0x8c, 0xe3, 0x81, 0x98, 0xe7, 
	0x94, 0xbb, 0xe9, 0x9d, 0xa2, 0xe4, 0xb8, 0x8a, 0xe9, 0x83, 
	0xa8, 0xe4, 0xb8, 0xad, 0xe5, 0xa4, 0xae, 0xe3, 0x81, 0xab, 
	0xe8, 0xa1, 0xa8, 0xe7, 0xa4, 0xba, 0xe3, 0x81, 0x99, 0xe3, 
	0x82, 0x8b, 0x20, 0x2d, 0x2d, 0x3e, 0xa, 0x20, 0x20, 0x3c, 
	0x64, 0x69, 0x76, 0x20, 0x69, 0x64, 0x3d, 0x22, 0x73, 0x74, 
	0x6f, 0x70, 0x2d, 0x72, 0x65, 0x61, 0x73, 0x6f, 0x6e, 0x22, 
	0x20, 0x72, 0x6f, 0x6c, 0x65, 0x3d, 0x22, 0x73, 0x74, 0x61, 
	0x74, 0x75, 0x73, 0x22, 0x20, 0x61, 0x72, 0x69, 0x61, 0x2d, 
	0x6c, 0x69, 0x76, 0x65, 0x3d, 0x22, 0x70, 0x6f, 0x6c, 0x69, 
	0x74, 0x65, 0x22, 0x3e, 0xe4, 0xb8, 0xad, 0xe6, 0x96, 0xad, 
	0xe7, 0x90, 0x86, 0xe7, 0x94, 0xb1, 0x3a, 0x20, 0x3c, 0x73, 
	0x70, 0x61, 0x6e, 0x20, 0x69, 0x64, 0x3d, 0x22, 0x73, 0x74, 
	0x6f, 0x70, 0x2d, 0x72, 0x65, 0x61, 0x73, 0x6f, 0x6e, 0x2d, 
	0x74, 0x65, 0x78, 0x74, 0x22, 0x3e, 0x4e, 0x4f, 0x4e, 0x45, 
	0x3c, 0x2f, 0x73, 0x70, 0x61, 0x6e, 0x3e, 0x3c, 0x2f, 0x64, 
	0x69, 0x76, 0x3e, 0xa, 0xa, 0x20, 0x20, 0x3c, 0x21, 0x2d, 
	0x2d, 0x20, 0xe6, 0x93, 0x8d, 0xe4, 0xbd, 0x9c, 0xe3, 0x83, 
	0x95, 0xe3, 0x83, 0x83, 0xe3, 0x82, 0xbf, 0xe3, 0x83, 0xbc, 
	0x20, 0x28, 0xe5, 0xb7, 0xa6, 0xe5, 0x8f, 0xb3, 0xe3, 0x83, 
	0x91, 0xe3, 0x83, 0x83, 0xe3, 0x83, 0x89, 0x20, 0x2f, 0x20, 
	0xe3, 0x83, 0xa2, 0xe3, 0x83, 0xbc, 0xe3, 0x83, 0x89, 0xe5, 
	0x88, 0x87, 0xe6, 0x9b, 0xbf, 0x29, 0x20, 0x2d, 0x2d, 0x3e, 
	0xa, 0x20, 0x20, 0x3c, 0x66, 0x6f, 0x6f, 0x74, 0x65, 0x72, 
	0x20, 0x63, 0x6c, 0x61, 0x73, 0x73, 0x3d, 0x22, 0x62, 0x6f, 
	0x74, 0x74, 0x6f, 0x6d, 0x2d, 0x62, 0x61, 0x72, 0x22, 0x3e, 
	0xa, 0x20, 0x20, 0x20, 0x20, 0x3c, 0x64, 0x69, 0x76, 0x20, 
	0x69, 0x64, 0x3d, 0x22, 0x70, 0x61, 0x64, 0x2d, 0x73, 0x74, 
	0x65, 0x65, 0x72, 0x22, 0x20, 0x63, 0x6c, 0x61, 0x73, 0x73, 
	0x3d, 0x22, 0x70, 0x61, 0x64, 0x20, 0x70, 0x61, 0x64, 0x2d, 
	0x73, 0x74, 0x65, 0x65, 0x72, 0x22, 0x20, 0x72, 0x6f, 0x6c, 
	0x65, 0x3d, 0x22, 0x67, 0x72, 0x6f, 0x75, 0x70, 0x22, 0x20, 
	0x61, 0x72, 0x69, 0x61, 0x2d, 0x6c, 0x61, 0x62, 0x65, 0x6c, 
	0x3d, 0x22, 0xe5, 0xb7, 0xa6, 0xe5, 0x8f, 0xb3, 0xef, 0xbc, 
	0x88, 0xe5, 0x8f, 0xb3, 0xe6, 0x89, 0x8b, 0xef, 0xbc, 0x89, 
	0x22, 0x3e, 0xa, 0x20, 0x20, 0x20, 0x20, 0x20, 0x20, 0x3c, 
	0x62, 0x75, 0x74, 0x74, 0x6f, 0x6e, 0x20, 0x74, 0x79, 0x70, 
	0x65, 0x3d, 0x22, 0x62, 0x75, 0x74, 0x74, 0x6f, 0x6e, 0x22, 
	0x20, 0x69, 0x64, 0x3d, 0x22, 0x70, 0x61, 0x64, 0x2d, 0x6c, 
	0x65, 0x66, 0x74, 0x22, 0x20, 0x63, 0x6c, 0x61, 0x73, 0x73, 
	0x3d, 0x22, 0x70, 0x61, 0x64, 0x2d, 0x62, 0x74, 0x6e, 0x20, 
	0x70, 0x61, 0x64, 0x2d, 0x6c, 0x65, 0x66, 0x74, 0x22, 0x20, 
	0x64, 0x61, 0x74, 0x61, 0x2d, 0x64, 0x69, 0x72, 0x3d, 0x22, 
	0x6c, 0x65, 0x66, 0x74, 0x22, 0x20, 0x61, 0x72, 0x69, 0x61, 
	0x2d, 0x6c, 0x61, 0x62, 0x65, 0x6c, 0x3d, 0x22, 0xe5, 0xb7, 
	0xa6, 0x22, 0x3e, 0xa, 0x20, 0x20, 0x20, 0x20, 0x20, 0x20, 
	0x20, 0x20, 0x3c, 0x73, 0x76, 0x67, 0x20, 0x76, 0x69, 0x65, 
	0x77, 0x42, 0x6f, 0x78, 0x3d, 0x22, 0x30, 0x20, 0x30, 0x20, 
	0x32, 0x34, 0x20, 0x32, 0x34, 0x22, 0x20, 0x77, 0x69, 0x64, 
	0x74, 0x68, 0x3d, 0x22, 0x33, 0x36, 0x22, 0x20, 0x68, 0x65, 
	0x69, 0x67, 0x68, 0x74, 0x3d, 0x22, 0x33, 0x36, 0x22, 0x3e, 
	0x3c, 0x70, 0x61, 0x74, 0x68, 0x20, 0x64, 0x3d, 0x22, 0x4d, 
	0x35, 0x20, 0x31, 0x32, 0x20, 0x4c, 0x31, 0x37, 0x20, 0x34, 
	0x20, 0x4c, 0x31, 0x37, 0x20, 0x32, 0x30, 0x20, 0x5a, 0x22, 
	0x20, 0x66, 0x69, 0x6c, 0x6c, 0x3d, 0x22, 0x63, 0x75, 0x72, 
	0x72, 0x65, 0x6e, 0x74, 0x43, 0x6f, 0x6c, 0x6f, 0x72, 0x22, 
	0x2f, 0x3e, 0x3c, 0x2f, 0x73, 0x76, 0x67, 0x3e, 0xa, 0x20, 
	0x20, 0x20, 0x20, 0x20, 0x20, 0x3c, 0x2f, 0x62, 0x75, 0x74, 
	0x74, 0x6f, 0x6e, 0x3e, 0xa, 0x20, 0x20, 0x20, 0x20, 0x20, 
	0x20, 0x3c, 0x62, 0x75, 0x74, 0x74, 0x6f, 0x6e, 0x20, 0x74, 
	0x79, 0x70, 0x65, 0x3d, 0x22, 0x62, 0x75, 0x74, 0x74, 0x6f, 
	0x6e, 0x22, 0x20, 0x69, 0x64, 0x3d, 0x22, 0x70, 0x61, 0x64, 
	0x2d, 0x72, 0x69, 0x67, 0x68, 0x74, 0x22, 0x20, 0x63, 0x6c, 
	0x61, 0x73, 0x73, 0x3d, 0x22, 0x70, 0x61, 0x64, 0x2d, 0x62, 
	0x74, 0x6e, 0x20, 0x70, 0x61, 0x64, 0x2d, 0x72, 0x69, 0x67, 
	0x68, 0x74, 0x22, 0x20, 0x64, 0x61, 0x74, 0x61, 0x2d, 0x64, 
	0x69, 0x72, 0x3d, 0x22, 0x72, 0x69, 0x67, 0x68, 0x74, 0x22, 
	0x20, 0x61, 0x72, 0x69, 0x61, 0x2d, 0x6c, 0x61, 0x62, 0x65, 
	0x6c, 0x3d, 0x22, 0xe5, 0x8f, 0xb3, 0x22, 0x3e, 0xa, 0x20, 
	0x20, 0x20, 0x20, 0x20, 0x20, 0x20, 0x20, 0x3c, 0x73, 0x76, 
	0x67, 0x20, 0x76, 0x69, 0x65, 0x77, 0x42, 0x6f, 0x78, 0x3d, 
	0x22, 0x30, 0x20, 0x30, 0x20, 0x32, 0x34, 0x20, 0x32, 0x34, 
	0x22, 0x20, 0x77, 0x69, 0x64, 0x74, 0x68, 0x3d, 0x22, 0x33, 
	0x36, 0x22, 0x20, 0x68, 0x65, 0x69, 0x67, 0x68, 0x74, 0x3d, 
	0x22, 0x33, 0x36, 0x22, 0x3e, 0x3c, 0x70, 0x61, 0x74, 0x68, 
	0x20, 0x64, 0x3d, 0x22, 0x4d, 0x31, 0x39, 0x20, 0x31, 0x32, 
	0x20, 0x4c, 0x37, 0x20, 0x34, 0x20, 0x4c, 0x37, 0x20, 0x32, 
	0x30, 0x20, 0x5a, 0x22, 0x20, 0x66, 0x69, 0x6c, 0x6c, 0x3d, 
	0x22, 0x63, 0x75, 0x72, 0x72, 0x65, 0x6e, 0x74, 0x43, 0x6f, 
	0x6c, 0x6f, 0x72, 0x22, 0x2f, 0x3e, 0x3c, 0x2f, 0x73, 0x76, 
	0x67, 0x3e, 0xa, 0x20, 0x20, 0x20, 0x20, 0x20, 0x20, 0x3c, 
	0x2f, 0x62, 0x75, 0x74, 0x74, 0x6f, 0x6e, 0x3e, 0xa, 0x20, 
	0x20, 0x20, 0x20, 0x3c, 0x2f, 0x64, 0x69, 0x76, 0x3e, 0xa, 
	0x20, 0x20, 0x20, 0x20, 0x3c, 0x64, 0x69, 0x76, 0x20, 0x63, 
	0x6c, 0x61, 0x73, 0x73, 0x3d, 0x22, 0x61, 0x63, 0x74, 0x69, 
	0x6f, 0x6e, 0x2d, 0x72, 0x6f, 0x77, 0x22, 0x3e, 0xa, 0x20, 
	0x20, 0x20, 0x20, 0x20, 0x20, 0x3c, 0x62, 0x75, 0x74, 0x74, 
	0x6f, 0x6e, 0x20, 0x69, 0x64, 0x3d, 0x22, 0x62, 0x74, 0x6e, 
	0x2d, 0x6d, 0x6f, 0x64, 0x65, 0x22, 0x20, 0x63, 0x6c, 0x61, 
	0x73, 0x73, 0x3d, 0x22, 0x61, 0x63, 0x74, 0x69, 0x6f, 0x6e, 
	0x2d, 0x62, 0x74, 0x6e, 0x22, 0x3e, 0x4d, 0x41, 0x4e, 0x55, 
	0x41, 0x4c, 0x20, 0x4d, 0x4f, 0x44, 0x45, 0x3c, 0x2f, 0x62, 
	0x75, 0x74, 0x74, 0x6f, 0x6e, 0x3e, 0xa, 0x20, 0x20, 0x20, 
	0x20, 0x3c, 0x2f, 0x64, 0x69, 0x76, 0x3e, 0xa, 0x20, 0x20, 
	0x3c, 0x2f, 0x66, 0x6f, 0x6f, 0x74, 0x65, 0x72, 0x3e, 0xa, 
	0xa, 0x20, 0x20, 0x3c, 0x21, 0x2d, 0x2d, 0x20, 0x54, 0x4f, 
	0x52, 0x20, 0xe3, 0x82, 0xaa, 0xe3, 0x83, 0xbc, 0xe3, 0x83, 
	0x90, 0xe3, 0x83, 0xbc, 0xe3, 0x83, 0xac, 0xe3, 0x82, 0xa4, 
	0x20, 0x2d, 0x2d, 0x3e, 0xa, 0x20, 0x20, 0x3c, 0x64, 0x69, 
	0x76, 0x20, 0x69, 0x64, 0x3d, 0x22, 0x74, 0x6f, 0x72, 0x2d, 
	0x6f, 0x76, 0x65, 0x72, 0x6c, 0x61, 0x79, 0x22, 0x20, 0x63, 
	0x6c, 0x61, 0x73, 0x73, 0x3d, 0x22, 0x6f, 0x76, 0x65, 0x72, 
	0x6c, 0x61, 0x79, 0x22, 0x3e, 0xa, 0x20, 0x20, 0x20, 0x20, 
	0x3c, 0x64, 0x69, 0x76, 0x20, 0x63, 0x6c, 0x61, 0x73, 0x73, 
	0x3d, 0x22, 0x63, 0x61, 0x72, 0x64, 0x20, 0x74, 0x6f, 0x72, 
	0x2d, 0x63, 0x61, 0x72, 0x64, 0x22, 0x3e, 0xa, 0x20, 0x20, 
	0x20, 0x20, 0x20, 0x20, 0x3c, 0x68, 0x32, 0x3e, 0x54, 0x41, 
	0x4b, 0x45, 0x20, 0x4f, 0x56, 0x45, 0x52, 0x20, 0x52, 0x45, 
	0x51, 0x55, 0x45, 0x53, 0x54, 0x3c, 0x2f, 0x68, 0x32, 0x3e, 
	0xa, 0x20, 0x20, 0x20, 0x20, 0x20, 0x20, 0x3c, 0x70, 0x20, 
	0x69, 0x64, 0x3d, 0x22, 0x74, 0x6f, 0x72, 0x2d, 0x6d, 0x65, 
	0x73, 0x73, 0x61, 0x67, 0x65, 0x22, 0x3e, 0xe8, 0x87, 0xaa, 
	0xe5, 0x8b, 0x95, 0xe9, 0x81, 0x8b, 0xe8, 0xbb, 0xa2, 0xe3, 
	0x81, 0xae, 0xe7, 0xb6, 0x99, 0xe7, 0xb6, 0x9a, 0xe3, 0x81, 
	0x8c, 0xe5, 0x9b, 0xb0, 0xe9, 0x9b, 0xa3, 0xe3, 0x81, 0xa7, 
	0xe3, 0x81, 0x99, 0xe3, 0x80, 0x82, 0xe6, 0x89, 0x8b, 0xe5, 
	0x8b, 0x95, 0xe6, 0x93, 0x8d, 0xe4, 0xbd, 0x9c, 0xe3, 0x81, 
	0xb8, 0xe5, 0xbc, 0x95, 0xe3, 0x81, 0x8d, 0xe7, 0xb6, 0x99, 
	0xe3, 0x81, 0x84, 0xe3, 0x81, 0xa7, 0xe3, 0x81, 0x8f, 0xe3, 
	0x81, 0xa0, 0xe3, 0x81, 0x95, 0xe3, 0x81, 0x84, 0xe3, 0x80, 
	0x82, 0x3c, 0x2f, 0x70, 0x3e, 0xa, 0x20, 0x20, 0x20, 0x20, 
	0x20, 0x20, 0x3c, 0x64, 0x69, 0x76, 0x20, 0x63, 0x6c, 0x61, 
	0x73, 0x73, 0x3d, 0x22, 0x74, 0x69, 0x6d, 0x65, 0x72, 0x22, 
	0x3e, 0xe6, 0xae, 0x8b, 0xe3, 0x82, 0x8a, 0xe6, 0x99, 0x82, 
	0xe9, 0x96, 0x93, 0x3a, 0x20, 0x3c, 0x73, 0x70, 0x61, 0x6e, 
	0x20, 0x69, 0x64, 0x3d, 0x22, 0x74, 0x6f, 0x72, 0x2d, 0x63, 
	0x6f, 0x75, 0x6e, 0x74, 0x64, 0x6f, 0x77, 0x6e, 0x22, 0x3e, 
	0x33, 0x2e, 0x30, 0x3c, 0x2f, 0x73, 0x70, 0x61, 0x6e, 0x3e, 
	0x20, 0xe7, 0xa7, 0x92, 0x3c, 0x2f, 0x64, 0x69, 0x76, 0x3e, 
	0xa, 0x20, 0x20, 0x20, 0x20, 0x20, 0x20, 0x3c, 0x62, 0x75, 
	0x74, 0x74, 0x6f, 0x6e, 0x20, 0x69, 0x64, 0x3d, 0x22, 0x62, 
	0x74, 0x6e, 0x2d, 0x74, 0x61, 0x6b, 0x65, 0x6f, 0x76, 0x65, 
	0x72, 0x22, 0x20, 0x63, 0x6c, 0x61, 0x73, 0x73, 0x3d, 0x22, 
	0x62, 0x74, 0x6e, 0x20, 0x62, 0x74, 0x6e, 0x2d, 0x6c, 0x67, 
	0x22, 0x3e, 0xe6, 0x89, 0x8b, 0xe5, 0x8b, 0x95, 0xe6, 0x93, 
	0x8d, 0xe4, 0xbd, 0x9c, 0xe3, 0x81, 0xab, 0xe5, 0x88, 0x87, 
	0xe3, 0x82, 0x8a, 0xe6, 0x9b, 0xbf, 0xe3, 0x81, 0x88, 0xe3, 
	0x82, 0x8b, 0x3c, 0x2f, 0x62, 0x75, 0x74, 0x74, 0x6f, 0x6e, 
	0x3e, 0xa, 0x20, 0x20, 0x20, 0x20, 0x3c, 0x2f, 0x64, 0x69, 
	0x76, 0x3e, 0xa, 0x20, 0x20, 0x3c, 0x2f, 0x64, 0x69, 0x76, 
	0x3e, 0xa, 0xa, 0x20, 0x20, 0x3c, 0x21, 0x2d, 0x2d, 0x20, 
	0xe5, 0x88, 0x87, 0xe6, 0x96, 0xad, 0xe3, 0x82, 0xaa, 0xe3, 
	0x83, 0xbc, 0xe3, 0x83, 0x90, 0xe3, 0x83, 0xbc, 0xe3, 0x83, 
	0xac, 0xe3, 0x82, 0xa4, 0x20, 0x2d, 0x2d, 0x3e, 0xa, 0x20, 
	0x20, 0x3c, 0x64, 0x69, 0x76, 0x20, 0x69, 0x64, 0x3d, 0x22, 
	0x64, 0x69, 0x73, 0x63, 0x6f, 0x6e, 0x6e, 0x65, 0x63, 0x74, 
	0x65, 0x64, 0x2d, 0x6f, 0x76, 0x65, 0x72, 0x6c, 0x61, 0x79, 
	0x22, 0x20, 0x63, 0x6c, 0x61, 0x73, 0x73, 0x3d, 0x22, 0x6f, 
	0x76, 0x65, 0x72, 0x6c, 0x61, 0x79, 0x22, 0x3e, 0xa, 0x20, 
	0x20, 0x20, 0x20, 0x3c, 0x64, 0x69, 0x76, 0x20, 0x63, 0x6c, 
	0x61, 0x73, 0x73, 0x3d, 0x22, 0x63, 0x61, 0x72, 0x64, 0x20, 
	0x63, 0x65, 0x6e, 0x74, 0x65, 0x72, 0x22, 0x3e, 0xa, 0x20, 
	0x20, 0x20, 0x20, 0x20, 0x20, 0x3c, 0x64, 0x69, 0x76, 0x20, 
	0x63, 0x6c, 0x61, 0x73, 0x73, 0x3d, 0x22, 0x73, 0x70, 0x69, 
	0x6e, 0x6e, 0x65, 0x72, 0x22, 0x3e, 0x3c, 0x2f, 0x64, 0x69, 
	0x76, 0x3e, 0xa, 0x20, 0x20, 0x20, 0x20, 0x20, 0x20, 0x3c, 
	0x68, 0x32, 0x3e, 0x44, 0x49, 0x53, 0x43, 0x4f, 0x4e, 0x4e, 
	0x45, 0x43, 0x54, 0x45, 0x44, 0x3c, 0x2f, 0x68, 0x32, 0x3e, 
	0xa, 0x20, 0x20, 0x20, 0x20, 0x20, 0x20, 0x3c, 0x70, 0x3e, 
	0xe3, 0x82, 0xb5, 0xe3, 0x83, 0xbc, 0xe3, 0x83, 0x90, 0xe3, 
	0x83, 0xbc, 0xe3, 0x81, 0xab, 0xe6, 0x8e, 0xa5, 0xe7, 0xb6, 
	0x9a, 0xe3, 0x81, 0x97, 0xe3, 0x81, 0xa6, 0xe3, 0x81, 0x84, 
	0xe3, 0x81, 0xbe, 0xe3, 0x81, 0x99, 0x2e, 0x2e, 0x2e, 0x3c, 
	0x2f, 0x70, 0x3e, 0xa, 0x20, 0x20, 0x20, 0x20, 0x20, 0x20, 
	0x3c, 0x70, 0x20, 0x63, 0x6c, 0x61, 0x73, 0x73, 0x3d, 0x22, 
	0x6d, 0x75, 0x74, 0x65, 0x64, 0x22, 0x3e, 0xe3, 0x83, 0x9e, 
	0xe3, 0x82, 0xa4, 0xe3, 0x82, 0xb3, 0xe3, 0x83, 0xb3, 0xe3, 
	0x81, 0xae, 0xe8, 0xb5, 0xb7, 0xe5, 0x8b, 0x95, 0xe3, 0x81, 
	0xa8, 0xe3, 0x83, 0x8d, 0xe3, 0x83, 0x83, 0xe3, 0x83, 0x88, 
	0xe3, 0x83, 0xaf, 0xe3, 0x83, 0xbc, 0xe3, 0x82, 0xaf, 0xe6, 
	0x8e, 0xa5, 0xe7, 0xb6, 0x9a, 0xe3, 0x82, 0x92, 0xe7, 0xa2, 
	0xba, 0xe8, 0xaa, 0x8d, 0xe3, 0x81, 0x97, 0xe3, 0x81, 0xa6, 
	0xe3, 0x81, 0x8f, 0xe3, 0x81, 0xa0, 0xe3, 0x81, 0x95, 0xe3, 
	0x81, 0x84, 0x3c, 0x2f, 0x70, 0x3e, 0xa, 0x20, 0x20, 0x20, 
	0x20, 0x3c, 0x2f, 0x64, 0x69, 0x76, 0x3e, 0xa, 0x20, 0x20, 
	0x3c, 0x2f, 0x64, 0x69, 0x76, 0x3e, 0xa, 0xa, 0x20, 0x20, 
	0x3c, 0x21, 0x2d, 0x2d, 0x20, 0x49, 0x4e, 0x46, 0x4f, 0x20, 
	0xe3, 0x83, 0xa2, 0xe3, 0x83, 0xbc, 0xe3, 0x83, 0x80, 0xe3, 
	0x83, 0xab, 0x20, 0x2d, 0x2d, 0x3e, 0xa, 0x20, 0x20, 0x3c, 
	0x64, 0x69, 0x76, 0x20, 0x69, 0x64, 0x3d, 0x22, 0x69, 0x6e, 
	0x66, 0x6f, 0x2d, 0x6d, 0x6f, 0x64, 0x61, 0x6c, 0x22, 0x20, 
	0x70, 0x6f, 0x70, 0x6f, 0x76, 0x65, 0x72, 0x20, 0x63, 0x6c, 
	0x61, 0x73, 0x73, 0x3d, 0x22, 0x6d, 0x6f, 0x64, 0x61, 0x6c, 
	0x2d, 0x63, 0x61, 0x72, 0x64, 0x22, 0x3e, 0xa, 0x20, 0x20, 
	0x20, 0x20, 0x3c, 0x68, 0x32, 0x3e, 0xe6, 0x93, 0x8d, 0xe4, 
	0xbd, 0x9c, 0xe3, 0x82, 0xac, 0xe3, 0x82, 0xa4, 0xe3, 0x83, 
	0x89, 0x3c, 0x2f, 0x68, 0x32, 0x3e, 0xa, 0x20, 0x20, 0x20, 
	0x20, 0x3c, 0x70, 0x20, 0x63, 0x6c, 0x61, 0x73, 0x73, 0x3d, 
	0x22, 0x6d, 0x75, 0x74, 0x65, 0x64, 0x22, 0x3e, 0xe3, 0x83, 
	0x9f, 0xe3, 0x83, 0x8b, 0xe5, 0x9b, 0x9b, 0xe9, 0xa7, 0x86, 
	0xe3, 0x82, 0xb3, 0xe3, 0x83, 0xb3, 0xe3, 0x83, 0x88, 0xe3, 
	0x83, 0xad, 0xe3, 0x83, 0xbc, 0xe3, 0x83, 0xa9, 0xe3, 0x83, 
	0xbc, 0x3c, 0x2f, 0x70, 0x3e, 0xa, 0x20, 0x20, 0x20, 0x20, 
	0x3c, 0x75, 0x6c, 0x3e, 0xa, 0x20, 0x20, 0x20, 0x20, 0x20, 
	0x20, 0x3c, 0x6c, 0x69, 0x3e, 0x3c, 0x73, 0x74, 0x72, 0x6f, 
	0x6e, 0x67, 0x3e, 0xe3, 0x83, 0xa9, 0xe3, 0x82, 0xb8, 0xe3, 
	0x82, 0xb3, 0xe3, 0x83, 0xb3, 0xe6, 0x93, 0x8d, 0xe4, 0xbd, 
	0x9c, 0x3a, 0x3c, 0x2f, 0x73, 0x74, 0x72, 0x6f, 0x6e, 0x67, 
	0x3e, 0x20, 0xe5, 0xb7, 0xa6, 0xe6, 0x89, 0x8b, 0xe3, 0x81, 
	0xa7, 0xe5, 0x89, 0x8d, 0xe9, 0x80, 0xb2, 0xe3, 0x83, 0x9c, 
	0xe3, 0x82, 0xbf, 0xe3, 0x83, 0xb3, 0xef, 0xbc, 0x88, 0xe7, 
	0x94, 0xbb, 0xe9, 0x9d, 0xa2, 0xe5, 0xb7, 0xa6, 0xe4, 0xb8, 
	0x8b, 0xef, 0xbc, 0x89, 0xe3, 0x80, 0x81, 0xe5, 0x8f, 0xb3, 
	0xe6, 0x89, 0x8b, 0xe3, 0x81, 0xa7, 0x20, 0xe2, 0x97, 0x80, 
	0x20, 0x2f, 0x20, 0xe2, 0x96, 0xb6, 0x20, 0xe3, 0x83, 0x9c, 
	0xe3, 0x82, 0xbf, 0xe3, 0x83, 0xb3, 0xef, 0xbc, 0x88, 0xe7, 
	0x94, 0xbb, 0xe9, 0x9d, 0xa2, 0xe5, 0x8f, 0xb3, 0xe4, 0xb8, 
	0x8b, 0xef, 0xbc, 0x89, 0xe3, 0x80, 0x82, 0xe5, 0x90, 0x8c, 
	0xe6, 0x99, 0x82, 0xe3, 0x81, 0xab, 0xe6, 0x8a, 0xbc, 0xe3, 
	0x81, 0x99, 0xe3, 0x81, 0xa8, 0xe6, 0x9b, 0xb2, 0xe3, 0x81, 
	0x8c, 0xe3, 0x82, 0x8a, 0xe3, 0x81, 0xaa, 0xe3, 0x81, 0x8c, 
	0xe3, 0x82, 0x89, 0xe9, 0x80, 0xb2, 0xe3, 0x81, 0xbf, 0xe3, 
	0x81, 0xbe, 0xe3, 0x81, 0x99, 0xef, 0xbc, 0x88, 0xe3, 0x82, 
	0xad, 0xe3, 0x83, 0xbc, 0xe3, 0x83, 0x9c, 0xe3, 0x83, 0xbc, 
	0xe3, 0x83, 0x89, 0x3a, 0x20, 0xe2, 0x86, 0x91, 0x20, 0x2f, 
	0x20, 0x57, 0x20, 0xe3, 0x81, 0xa7, 0xe5, 0x89, 0x8d, 0xe9, 
	0x80, 0xb2, 0xe3, 0x80, 0x81, 0xe2, 0x86, 0x90, 0x20, 0x2f, 
	0x20, 0xe2, 0x86, 0x92, 0x20, 0xe3, 0x81, 0xbe, 0xe3, 0x81, 
	0x9f, 0xe3, 0x81, 0xaf, 0x20, 0x41, 0x20, 0x2f, 0x20, 0x44, 
	0x20, 0xe3, 0x81, 0xa7, 0xe5, 0xb7, 0xa6, 0xe5, 0x8f, 0xb3, 
	0xef, 0xbc, 0x89, 0xe3, 0x80, 0x82, 0x3c, 0x2f, 0x6c, 0x69, 
	0x3e, 0xa, 0x20, 0x20, 0x20, 0x20, 0x20, 0x20, 0x3c, 0x6c, 
	0x69, 0x3e, 0x3c, 0x73, 0x74, 0x72, 0x6f, 0x6e, 0x67, 0x3e, 
	0x4d, 0x41, 0x4e, 0x55, 0x41, 0x4c, 0x20, 0x2f, 0x20, 0x41, 
	0x55, 0x54, 0x4f, 0x20, 0xe3, 0x83, 0xa2, 0xe3, 0x83, 0xbc, 
	0xe3, 0x83, 0x89, 0xe5, 0x88, 0x87, 0xe6, 0x9b, 0xbf, 0x3a, 
	0x3c, 0x2f, 0x73, 0x74, 0x72, 0x6f, 0x6e, 0x67, 0x3e, 0x20, 
	0xe7, 0x94, 0xbb, 0xe9, 0x9d, 0xa2, 0xe4, 0xb8, 0x8b, 0xe3, 
	0x81, 0xae, 0xe3, 0x83, 0xa2, 0xe3, 0x83, 0xbc, 0xe3, 0x83, 
	0x89, 0xe5, 0x88, 0x87, 0xe6, 0x9b, 0xbf, 0xe3, 0x83, 0x9c, 
	0xe3, 0x82, 0xbf, 0xe3, 0x83, 0xb3, 0xe3, 0x81, 0xa7, 0x20, 
	0x4d, 0x41, 0x4e, 0x55, 0x41, 0x4c, 0x20, 0x4d, 0x4f, 0x44, 
	0x45, 0x20, 0xe3, 0x81, 0xa8, 0x20, 0x41, 0x55, 0x54, 0x4f, 
	0x20, 0x4d, 0x4f, 0x44, 0x45, 0x20, 0xe3, 0x82, 0x92, 0xe5, 
	0x88, 0x87, 0xe3, 0x82, 0x8a, 0xe6, 0x9b, 0xbf, 0xe3, 0x81, 
	0x88, 0xe3, 0x81, 0xbe, 0xe3, 0x81, 0x99, 0xe3, 0x80, 0x82, 
	0x3c, 0x2f, 0x6c, 0x69, 0x3e, 0xa, 0x20, 0x20, 0x20, 0x20, 
	0x3c, 0x2f, 0x75, 0x6c, 0x3e, 0xa, 0x20, 0x20, 0x20, 0x20, 
	0x3c, 0x70, 0x20, 0x69, 0x64, 0x3d, 0x22, 0x63, 0x61, 0x6d, 
	0x65, 0x72, 0x61, 0x2d, 0x73, 0x74, 0x61, 0x74, 0x75, 0x73, 
	0x22, 0x20, 0x68, 0x69, 0x64, 0x64, 0x65, 0x6e, 0x3e, 0x3c, 
	0x2f, 0x70, 0x3e, 0xa, 0x20, 0x20, 0x3c, 0x2f, 0x64, 0x69, 
	0x76, 0x3e, 0xa, 0xa, 0x20, 0x20, 0x3c, 0x73, 0x63, 0x72, 
	0x69, 0x70, 0x74, 0x20, 0x74, 0x79, 0x70, 0x65, 0x3d, 0x22, 
	0x6d, 0x6f, 0x64, 0x75, 0x6c, 0x65, 0x22, 0x20, 0x73, 0x72, 
	0x63, 0x3d, 0x22, 0x6a, 0x73, 0x2f, 0x76, 0x69, 0x64, 0x65, 
	0x6f, 0x2e, 0x6a, 0x73, 0x22, 0x3e, 0x3c, 0x2f, 0x73, 0x63, 
	0x72, 0x69, 0x70, 0x74, 0x3e, 0xa, 0x20, 0x20, 0x3c, 0x73, 
	0x63, 0x72, 0x69, 0x70, 0x74, 0x20, 0x74, 0x79, 0x70, 0x65, 
	0x3d, 0x22, 0x6d, 0x6f, 0x64, 0x75, 0x6c, 0x65, 0x22, 0x20, 
	0x73, 0x72, 0x63, 0x3d, 0x22, 0x6a, 0x73, 0x2f, 0x61, 0x70, 
	0x70, 0x2e, 0x6a, 0x73, 0x22, 0x3e, 0x3c, 0x2f, 0x73, 0x63, 
	0x72, 0x69, 0x70, 0x74, 0x3e, 0xa, 0x3c, 0x2f, 0x62, 0x6f, 
	0x64, 0x79, 0x3e, 0xa, 0x3c, 0x2f, 0x68, 0x74, 0x6d, 0x6c, 
	0x3e, 0xa, };

static const unsigned char data_js_app_js[] = {
	/* /js/app.js */
	0x2f, 0x6a, 0x73, 0x2f, 0x61, 0x70, 0x70, 0x2e, 0x6a, 0x73, 0,
	0x48, 0x54, 0x54, 0x50, 0x2f, 0x31, 0x2e, 0x30, 0x20, 0x32, 
	0x30, 0x30, 0x20, 0x4f, 0x4b, 0xd, 0xa, 0x53, 0x65, 0x72, 
	0x76, 0x65, 0x72, 0x3a, 0x20, 0x6c, 0x77, 0x49, 0x50, 0x2f, 
	0x70, 0x72, 0x65, 0x2d, 0x30, 0x2e, 0x36, 0x20, 0x28, 0x68, 
	0x74, 0x74, 0x70, 0x3a, 0x2f, 0x2f, 0x77, 0x77, 0x77, 0x2e, 
	0x73, 0x69, 0x63, 0x73, 0x2e, 0x73, 0x65, 0x2f, 0x7e, 0x61, 
	0x64, 0x61, 0x6d, 0x2f, 0x6c, 0x77, 0x69, 0x70, 0x2f, 0x29, 
	0xd, 0xa, 0x43, 0x6f, 0x6e, 0x74, 0x65, 0x6e, 0x74, 0x2d, 
	0x74, 0x79, 0x70, 0x65, 0x3a, 0x20, 0x61, 0x70, 0x70, 0x6c, 
	0x69, 0x63, 0x61, 0x74, 0x69, 0x6f, 0x6e, 0x2f, 0x6a, 0x61, 
	0x76, 0x61, 0x73, 0x63, 0x72, 0x69, 0x70, 0x74, 0xd, 0xa, 
	0xd, 0xa, 0x69, 0x6d, 0x70, 0x6f, 0x72, 0x74, 0x20, 0x7b, 
	0x20, 0x49, 0x6e, 0x70, 0x75, 0x74, 0x43, 0x6f, 0x6e, 0x74, 
	0x72, 0x6f, 0x6c, 0x6c, 0x65, 0x72, 0x20, 0x7d, 0x20, 0x66, 
	0x72, 0x6f, 0x6d, 0x20, 0x27, 0x2e, 0x2f, 0x69, 0x6e, 0x70, 
	0x75, 0x74, 0x2e, 0x6a, 0x73, 0x27, 0x3b, 0xa, 0x69, 0x6d, 
	0x70, 0x6f, 0x72, 0x74, 0x20, 0x7b, 0x20, 0x55, 0x49, 0x4d, 
	0x61, 0x6e, 0x61, 0x67, 0x65, 0x72, 0x20, 0x20, 0x20, 0x20, 
	0x20, 0x20, 0x20, 0x7d, 0x20, 0x66, 0x72, 0x6f, 0x6d, 0x20, 
	0x27, 0x2e, 0x2f, 0x75, 0x69, 0x2e, 0x6a, 0x73, 0x27, 0x3b, 
	0xa, 0x69, 0x6d, 0x70, 0x6f, 0x72, 0x74, 0x20, 0x7b, 0x20, 
	0x43, 0x6f, 0x6d, 0x6d, 0x4d, 0x61, 0x6e, 0x61, 0x67, 0x65, 
	0x72, 0x20, 0x20, 0x20, 0x20, 0x20, 0x7d, 0x20, 0x66, 0x72, 
	0x6f, 0x6d, 0x20, 0x27, 0x2e, 0x2f, 0x63, 0x6f, 0x6d, 0x6d, 
	0x2e, 0x6a, 0x73, 0x27, 0x3b, 0xa, 0x69, 0x6d, 0x70, 0x6f, 
	0x72, 0x74, 0x20, 0x7b, 0x20, 0x53, 0x74, 0x61, 0x74, 0x65, 
	0x4d, 0x61, 0x63, 0x68, 0x69, 0x6e, 0x65, 0x20, 0x20, 0x20, 
	0x20, 0x7d, 0x20, 0x66, 0x72, 0x6f, 0x6d, 0x20, 0x27, 0x2e, 
	0x2f, 0x73, 0x74, 0x61, 0x74, 0x65, 0x2d, 0x6d, 0x61, 0x63, 
	0x68, 0x69, 0x6e, 0x65, 0x2e, 0x6a, 0x73, 0x27, 0x3b, 0xa, 
	0x69, 0x6d, 0x70, 0x6f, 0x72, 0x74, 0x20, 0x7b, 0x20, 0x69, 
	0x6e, 0x73, 0x74, 0x61, 0x6c, 0x6c, 0x53, 0x65, 0x6c, 0x65, 
	0x63, 0x74, 0x69, 0x6f, 0x6e, 0x47, 0x75, 0x61, 0x72, 0x64, 
	0x2c, 0x20, 0x69, 0x6e, 0x73, 0x74, 0x61, 0x6c, 0x6c, 0x4c, 
	0x61, 0x6e, 0x64, 0x73, 0x63, 0x61, 0x70, 0x65, 0x2c, 0x20, 
	0x69, 0x6e, 0x73, 0x74, 0x61, 0x6c, 0x6c, 0x5a, 0x6f, 0x6f, 
	0x6d, 0x47, 0x75, 0x61, 0x72, 0x64, 0x20, 0x7d, 0x20, 0x66, 
	0x72, 0x6f, 0x6d, 0x20, 0x27, 0x2e, 0x2f, 0x73, 0x63, 0x72, 
	0x65, 0x65, 0x6e, 0x2e, 0x6a, 0x73, 0x27, 0x3b, 0xa, 0xa, 
	0x65, 0x78, 0x70, 0x6f, 0x72, 0x74, 0x20, 0x63, 0x6c, 0x61, 
	0x73, 0x73, 0x20, 0x4d, 0x69, 0x6e, 0x69, 0x34, 0x57, 0x44, 
	0x41, 0x70, 0x70, 0x20, 0x7b, 0xa, 0x20, 0x20, 0x20, 0x20, 
	0x63, 0x6f, 0x6e, 0x73, 0x74, 0x72, 0x75, 0x63, 0x74, 0x6f, 
	0x72, 0x28, 0x29, 0x20, 0x7b, 0xa, 0x20, 0x20, 0x20, 0x20, 
	0x20, 0x20, 0x20, 0x20, 0x74, 0x68, 0x69, 0x73, 0x2e, 0x69, 
	0x6e, 0x70, 0x75, 0x74, 0x20, 0x3d, 0x20, 0x6e, 0x65, 0x77, 
	0x20, 0x49, 0x6e, 0x70, 0x75, 0x74, 0x43, 0x6f, 0x6e, 0x74, 
	0x72, 0x6f, 0x6c, 0x6c, 0x65, 0x72, 0x28, 0x29, 0x3b, 0xa, 
	0xa, 0x20, 0x20, 0x20, 0x20, 0x20, 0x20, 0x20, 0x20, 0x74, 
	0x68, 0x69, 0x73, 0x2e, 0x75, 0x69, 0x20, 0x3d, 0x20, 0x6e, 
	0x65, 0x77, 0x20, 0x55, 0x49, 0x4d, 0x61, 0x6e, 0x61, 0x67, 
	0x65, 0x72, 0x28, 0x7b, 0xa, 0x20, 0x20, 0x20, 0x20, 0x20, 
	0x20, 0x20, 0x20, 0x20, 0x20, 0x20, 0x20, 0x6f, 0x6e, 0x44, 
	0x72, 0x69, 0x76, 0x65, 0x4d, 0x6f, 0x64, 0x65, 0x43, 0x6c, 
	0x69, 0x63, 0x6b, 0x3a, 0x20, 0x20, 0x20, 0x28, 0x29, 0x20, 
	0x3d, 0x3e, 0x20, 0x74, 0x68, 0x69, 0x73, 0x2e, 0x73, 0x74, 
	0x61, 0x74, 0x65, 0x4d, 0x61, 0x63, 0x68, 0x69, 0x6e, 0x65, 
	0x2e, 0x72, 0x65, 0x71, 0x75, 0x65, 0x73, 0x74, 0x44, 0x72, 
	0x69, 0x76, 0x65, 0x4d, 0x6f, 0x64, 0x65, 0x54, 0x6f, 0x67, 
	0x67, 0x6c, 0x65, 0x28, 0x29, 0x2c, 0xa, 0x20, 0x20, 0x20, 
	0x20, 0x20, 0x20, 0x20, 0x20, 0x20, 0x20, 0x20, 0x20, 0x6f, 
	0x6e, 0x54, 0x6f, 0x72, 0x54, 0x61, 0x6b, 0x65, 0x6f, 0x76, 
	0x65, 0x72, 0x43, 0x6c, 0x69, 0x63, 0x6b, 0x3a, 0x20, 0x28, 
	0x29, 0x20, 0x3d, 0x3e, 0x20, 0x74, 0x68, 0x69, 0x73, 0x2e, 
	0x73, 0x74, 0x61, 0x74, 0x65, 0x4d, 0x61, 0x63, 0x68, 0x69, 
	0x6e, 0x65, 0x2e, 0x72, 0x65, 0x71, 0x75, 0x65, 0x73, 0x74, 
	0x54, 0x6f, 0x72, 0x54, 0x61, 0x6b, 0x65, 0x6f, 0x76, 0x65, 
	0x72, 0x28, 0x29, 0xa, 0x20, 0x20, 0x20, 0x20, 0x20, 0x20, 
	0x20, 0x20, 0x7d, 0x29, 0x3b, 0xa, 0xa, 0x20, 0x20, 0x20, 
	0x20, 0x20, 0x20, 0x20, 0x20, 0x74, 0x68, 0x69, 0x73, 0x2e, 
	0x73, 0x74, 0x61, 0x74, 0x65, 0x4d, 0x61, 0x63, 0x68, 0x69, 
	0x6e, 0x65, 0x20, 0x3d, 0x20, 0x6e, 0x65, 0x77, 0x20, 0x53, 
	0x74, 0x61, 0x74, 0x65, 0x4d, 0x61, 0x63, 0x68, 0x69, 0x6e, 
	0x65, 0x28, 0x74, 0x68, 0x69, 0x73, 0x29, 0x3b, 0xa, 0xa, 
	0x20, 0x20, 0x20, 0x20, 0x20, 0x20, 0x20, 0x20, 0x74, 0x68, 
	0x69, 0x73, 0x2e, 0x63, 0x6f, 0x6d, 0x6d, 0x20, 0x3d, 0x20, 
	0x6e, 0x65, 0x77, 0x20, 0x43, 0x6f, 0x6d, 0x6d, 0x4d, 0x61, 
	0x6e, 0x61, 0x67, 0x65, 0x72, 0x28, 0x7b, 0xa, 0x20, 0x20, 
	0x20, 0x20, 0x20, 0x20, 0x20, 0x20, 0x20, 0x20, 0x20, 0x20, 
	0x6e, 0x65, 0x78, 0x74, 0x52, 0x65, 0x71, 0x75, 0x65, 0x73, 
	0x74, 0x3a, 0x20, 0x20, 0x28, 0x29, 0x20, 0x20, 0x20, 0x20, 
	0x20, 0x20, 0x20, 0x20, 0x20, 0x20, 0x20, 0x20, 0x20, 0x20, 
	0x3d, 0x3e, 0x20, 0x74, 0x68, 0x69, 0x73, 0x2e, 0x73, 0x74, 
	0x61, 0x74, 0x65, 0x4d, 0x61, 0x63, 0x68, 0x69, 0x6e, 0x65, 
	0x2e, 0x6e, 0x65, 0x78, 0x74, 0x52, 0x65, 0x71, 0x75, 0x65, 
	0x73, 0x74, 0x28, 0x29, 0x2c, 0xa, 0x20, 0x20, 0x20, 0x20, 
	0x20, 0x20, 0x20, 0x20, 0x20, 0x20, 0x20, 0x20, 0x6f, 0x6e, 
	0x48, 0x65, 0x61, 0x72, 0x74, 0x62, 0x65, 0x61, 0x74, 0x3a, 
	0x20, 0x20, 0x28, 0x64, 0x61, 0x74, 0x61, 0x2c, 0x20, 0x63, 
	0x6f, 0x6e, 0x74, 0x65, 0x78, 0x74, 0x29, 0x20, 0x3d, 0x3e, 
	0x20, 0x74, 0x68, 0x69, 0x73, 0x2e, 0x73, 0x74, 0x61, 0x74, 
	0x65, 0x4d, 0x61, 0x63, 0x68, 0x69, 0x6e, 0x65, 0x2e, 0x68, 
	0x61, 0x6e, 0x64, 0x6c, 0x65, 0x48, 0x65, 0x61, 0x72, 0x74, 
	0x62, 0x65, 0x61, 0x74, 0x28, 0x64, 0x61, 0x74, 0x61, 0x2c, 
	0x20, 0x63, 0x6f, 0x6e, 0x74, 0x65, 0x78, 0x74, 0x29, 0x2c, 
	0xa, 0x20, 0x20, 0x20, 0x20, 0x20, 0x20, 0x20, 0x20, 0x20, 
	0x20, 0x20, 0x20, 0x6f, 0x6e, 0x43, 0x6f, 0x6e, 0x6e, 0x65, 
	0x63, 0x74, 0x3a, 0x20, 0x20, 0x20, 0x20, 0x28, 0x29, 0x20, 
	0x20, 0x20, 0x20, 0x20, 0x20, 0x20, 0x20, 0x20, 0x20, 0x20, 
	0x20, 0x20, 0x20, 0x3d, 0x3e, 0x20, 0x74, 0x68, 0x69, 0x73, 
	0x2e, 0x73, 0x74, 0x61, 0x74, 0x65, 0x4d, 0x61, 0x63, 0x68, 
	0x69, 0x6e, 0x65, 0x2e, 0x68, 0x61, 0x6e, 0x64, 0x6c, 0x65, 
	0x43, 0x6f, 0x6e, 0x6e, 0x65, 0x63, 0x74, 0x28, 0x29, 0x2c, 
	0xa, 0x20, 0x20, 0x20, 0x20, 0x20, 0x20, 0x20, 0x20, 0x20, 
	0x20, 0x20, 0x20, 0x6f, 0x6e, 0x44, 0x69, 0x73, 0x63, 0x6f, 
	0x6e, 0x6e, 0x65, 0x63, 0x74, 0x3a, 0x20, 0x28, 0x29, 0x20, 
	0x20, 0x20, 0x20, 0x20, 0x20, 0x20, 0x20, 0x20, 0x20, 0x20, 
	0x20, 0x20, 0x20, 0x3d, 0x3e, 0x20, 0x74, 0x68, 0x69, 0x73, 
	0x2e, 0x73, 0x74, 0x61, 0x74, 0x65, 0x4d, 0x61, 0x63, 0x68, 
	0x69, 0x6e, 0x65, 0x2e, 0x68, 0x61, 0x6e, 0x64, 0x6c, 0x65, 
	0x44, 0x69, 0x73, 0x63, 0x6f, 0x6e, 0x6e, 0x65, 0x63, 0x74, 
	0x28, 0x29, 0xa, 0x20, 0x20, 0x20, 0x20, 0x20, 0x20, 0x20, 
	0x20, 0x7d, 0x29, 0x3b, 0xa, 0x20, 0x20, 0x20, 0x20, 0x7d, 
	0xa, 0x7d, 0xa, 0xa, 0x63, 0x6f, 0x6e, 0x73, 0x74, 0x20, 
	0x69, 0x6e, 0x69, 0x74, 0x41, 0x70, 0x70, 0x20, 0x3d, 0x20, 
	0x28, 0x29, 0x20, 0x3d, 0x3e, 0x20, 0x7b, 0xa, 0x20, 0x20, 
	0x20, 0x20, 0x69, 0x66, 0x20, 0x28, 0x77, 0x69, 0x6e, 0x64, 
	0x6f, 0x77, 0x2e, 0x61, 0x70, 0x70, 0x29, 0x20, 0x72, 0x65, 
	0x74, 0x75, 0x72, 0x6e, 0x3b, 0xa, 0x20, 0x20, 0x20, 0x20, 
	0x69, 0x6e, 0x73, 0x74, 0x61, 0x6c, 0x6c, 0x53, 0x65, 0x6c, 
	0x65, 0x63, 0x74, 0x69, 0x6f, 0x6e, 0x47, 0x75, 0x61, 0x72, 
	0x64, 0x28, 0x29, 0x3b, 0xa, 0x20, 0x20, 0x20, 0x20, 0x69, 
	0x6e, 0x73, 0x74, 0x61, 0x6c, 0x6c, 0x5a, 0x6f, 0x6f, 0x6d, 
	0x47, 0x75, 0x61, 0x72, 0x64, 0x28, 0x29, 0x3b, 0xa, 0x20, 
	0x20, 0x20, 0x20, 0x69, 0x6e, 0x73, 0x74, 0x61, 0x6c, 0x6c, 
	0x4c, 0x61, 0x6e, 0x64, 0x73, 0x63, 0x61, 0x70, 0x65, 0x28, 
	0x29, 0x3b, 0xa, 0x20, 0x20, 0x20, 0x20, 0x77, 0x69, 0x6e, 
	0x64, 0x6f, 0x77, 0x2e, 0x61, 0x70, 0x70, 0x20, 0x3d, 0x20, 
	0x6e, 0x65, 0x77, 0x20, 0x4d, 0x69, 0x6e, 0x69, 0x34, 0x57, 
	0x44, 0x41, 0x70, 0x70, 0x28, 0x29, 0x3b, 0xa, 0x7d, 0x3b, 
	0xa, 0x69, 0x66, 0x20, 0x20, 0x20, 0x28, 0x64, 0x6f, 0x63, 
	0x75, 0x6d, 0x65, 0x6e, 0x74, 0x2e, 0x72, 0x65, 0x61, 0x64, 
	0x79, 0x53, 0x74, 0x61, 0x74, 0x65, 0x20, 0x3d, 0x3d, 0x3d, 
	0x20, 0x27, 0x6c, 0x6f, 0x61, 0x64, 0x69, 0x6e, 0x67, 0x27, 
	0x29, 0x20, 0x77, 0x69, 0x6e, 0x64, 0x6f, 0x77, 0x2e, 0x61, 
	0x64, 0x64, 0x45, 0x76, 0x65, 0x6e, 0x74, 0x4c, 0x69, 0x73, 
	0x74, 0x65, 0x6e, 0x65, 0x72, 0x28, 0x27, 0x44, 0x4f, 0x4d, 
	0x43, 0x6f, 0x6e, 0x74, 0x65, 0x6e, 0x74, 0x4c, 0x6f, 0x61, 
	0x64, 0x65, 0x64, 0x27, 0x2c, 0x20, 0x69, 0x6e, 0x69, 0x74, 
	0x41, 0x70, 0x70, 0x29, 0x3b, 0xa, 0x65, 0x6c, 0x73, 0x65, 
	0x20, 0x20, 0x20, 0x20, 0x20, 0x20, 0x20, 0x20, 0x20, 0x20, 
	0x20, 0x20, 0x20, 0x20, 0x20, 0x20, 0x20, 0x20, 0x20, 0x20, 
	0x20, 0x20, 0x20, 0x20, 0x20, 0x20, 0x20, 0x20, 0x20, 0x20, 
	0x20, 0x20, 0x20, 0x20, 0x20, 0x20, 0x20, 0x69, 0x6e, 0x69, 
	0x74, 0x41, 0x70, 0x70, 0x28, 0x29, 0x3b, 0xa, };

static const unsigned char data_js_comm_js[] = {
	/* /js/comm.js */
	0x2f, 0x6a, 0x73, 0x2f, 0x63, 0x6f, 0x6d, 0x6d, 0x2e, 0x6a, 0x73, 0,
	0x48, 0x54, 0x54, 0x50, 0x2f, 0x31, 0x2e, 0x30, 0x20, 0x32, 
	0x30, 0x30, 0x20, 0x4f, 0x4b, 0xd, 0xa, 0x53, 0x65, 0x72, 
	0x76, 0x65, 0x72, 0x3a, 0x20, 0x6c, 0x77, 0x49, 0x50, 0x2f, 
	0x70, 0x72, 0x65, 0x2d, 0x30, 0x2e, 0x36, 0x20, 0x28, 0x68, 
	0x74, 0x74, 0x70, 0x3a, 0x2f, 0x2f, 0x77, 0x77, 0x77, 0x2e, 
	0x73, 0x69, 0x63, 0x73, 0x2e, 0x73, 0x65, 0x2f, 0x7e, 0x61, 
	0x64, 0x61, 0x6d, 0x2f, 0x6c, 0x77, 0x69, 0x70, 0x2f, 0x29, 
	0xd, 0xa, 0x43, 0x6f, 0x6e, 0x74, 0x65, 0x6e, 0x74, 0x2d, 
	0x74, 0x79, 0x70, 0x65, 0x3a, 0x20, 0x61, 0x70, 0x70, 0x6c, 
	0x69, 0x63, 0x61, 0x74, 0x69, 0x6f, 0x6e, 0x2f, 0x6a, 0x61, 
	0x76, 0x61, 0x73, 0x63, 0x72, 0x69, 0x70, 0x74, 0xd, 0xa, 
	0xd, 0xa, 0x69, 0x6d, 0x70, 0x6f, 0x72, 0x74, 0x20, 0x7b, 
	0x20, 0x43, 0x6f, 0x6e, 0x66, 0x69, 0x67, 0x20, 0x7d, 0x20, 
	0x66, 0x72, 0x6f, 0x6d, 0x20, 0x27, 0x2e, 0x2f, 0x63, 0x6f, 
	0x6e, 0x73, 0x74, 0x61, 0x6e, 0x74, 0x73, 0x2e, 0x6a, 0x73, 
	0x27, 0x3b, 0xd, 0xa, 0xd, 0xa, 0x2f, 0x2a, 0x20, 0x50, 
	0x6f, 0x6c, 0x6c, 0x73, 0x20, 0x50, 0x4f, 0x53, 0x54, 0x20, 
	0x2f, 0x61, 0x70, 0x69, 0x2f, 0x63, 0x6f, 0x6e, 0x74, 0x72, 
	0x6f, 0x6c, 0x20, 0x65, 0x76, 0x65, 0x72, 0x79, 0x20, 0x50, 
	0x4f, 0x4c, 0x4c, 0x49, 0x4e, 0x47, 0x5f, 0x49, 0x4e, 0x54, 
	0x45, 0x52, 0x56, 0x41, 0x4c, 0x5f, 0x4d, 0x53, 0x2e, 0x20, 
	0x20, 0x4f, 0x6e, 0x6c, 0x79, 0x20, 0x6f, 0x6e, 0x65, 0x20, 
	0x50, 0x4f, 0x53, 0x54, 0x20, 0x69, 0x73, 0x20, 0x69, 0x6e, 
	0xd, 0xa, 0x20, 0x2a, 0x20, 0x66, 0x6c, 0x69, 0x67, 0x68, 
	0x74, 0x20, 0x61, 0x74, 0x20, 0x61, 0x20, 0x74, 0x69, 0x6d, 
	0x65, 0x2c, 0x20, 0x73, 0x6f, 0x20, 0x72, 0x65, 0x73, 0x70, 
	0x6f, 0x6e, 0x73, 0x65, 0x73, 0x20, 0x63, 0x61, 0x6e, 0x20, 
	0x6e, 0x65, 0x76, 0x65, 0x72, 0x20, 0x61, 0x72, 0x72, 0x69, 
	0x76, 0x65, 0x20, 0x6f, 0x75, 0x74, 0x20, 0x6f, 0x66, 0x20, 
	0x6f, 0x72, 0x64, 0x65, 0x72, 0x2e, 0x20, 0x2a, 0x2f, 0xd, 
	0xa, 0x65, 0x78, 0x70, 0x6f, 0x72, 0x74, 0x20, 0x63, 0x6c, 
	0x61, 0x73, 0x73, 0x20, 0x43, 0x6f, 0x6d, 0x6d, 0x4d, 0x61, 
	0x6e, 0x61, 0x67, 0x65, 0x72, 0x20, 0x7b, 0xd, 0xa, 0x20, 
	0x20, 0x20, 0x20, 0x63, 0x6f, 0x6e, 0x73, 0x74, 0x72, 0x75, 
	0x63, 0x74, 0x6f, 0x72, 0x28, 0x63, 0x62, 0x29, 0x20, 0x7b, 
	0xd, 0xa, 0x20, 0x20, 0x20, 0x20, 0x20, 0x20, 0x20, 0x20, 
	0x74, 0x68, 0x69, 0x73, 0x2e, 0x63, 0x62, 0x20, 0x20, 0x20, 
	0x20, 0x20, 0x20, 0x20, 0x20, 0x20, 0x20, 0x20, 0x20, 0x3d, 
	0x20, 0x63, 0x62, 0x3b, 0x20, 0x20, 0x20, 0x2f, 0x2a, 0x20, 
	0x7b, 0x20, 0x6e, 0x65, 0x78, 0x74, 0x52, 0x65, 0x71, 0x75, 
	0x65, 0x73, 0x74, 0x2c, 0x20, 0x6f, 0x6e, 0x48, 0x65, 0x61, 
	0x72, 0x74, 0x62, 0x65, 0x61, 0x74, 0x2c, 0x20, 0x6f, 0x6e, 
	0x43, 0x6f, 0x6e, 0x6e, 0x65, 0x63, 0x74, 0x2c, 0x20, 0x6f, 
	0x6e, 0x44, 0x69, 0x73, 0x63, 0x6f, 0x6e, 0x6e, 0x65, 0x63, 
	0x74, 0x20, 0x7d, 0x20, 0x2a, 0x2f, 0xd, 0xa, 0x20, 0x20, 
	0x20, 0x20, 0x20, 0x20, 0x20, 0x20, 0x74, 0x68, 0x69, 0x73, 
	0x2e, 0x6c, 0x61, 0x73, 0x74, 0x48, 0x65, 0x61, 0x72, 0x74, 
	0x62, 0x65, 0x61, 0x74, 0x20, 0x3d, 0x20, 0x30, 0x3b, 0xd, 
	0xa, 0x20, 0x20, 0x20, 0x20, 0x20, 0x20, 0x20, 0x20, 0x74, 
	0x68, 0x69, 0x73, 0x2e, 0x63, 0x6f, 0x6e, 0x6e, 0x65, 0x63, 
	0x74, 0x65, 0x64, 0x20, 0x20, 0x20, 0x20, 0x20, 0x3d, 0x20, 
	0x66, 0x61, 0x6c, 0x73, 0x65, 0x3b, 0xd, 0xa, 0x20, 0x20, 
	0x20, 0x20, 0x20, 0x20, 0x20, 0x20, 0x74, 0x68, 0x69, 0x73, 
	0x2e, 0x69, 0x73, 0x52, 0x65, 0x71, 0x75, 0x65, 0x73, 0x74, 
	0x69, 0x6e, 0x67, 0x20, 0x20, 0x3d, 0x20, 0x66, 0x61, 0x6c, 
	0x73, 0x65, 0x3b, 0xd, 0xa, 0x20, 0x20, 0x20, 0x20, 0x20, 
	0x20, 0x20, 0x20, 0x74, 0x68, 0x69, 0x73, 0x2e, 0x61, 0x70, 
	0x69, 0x55, 0x72, 0x6c, 0x20, 0x20, 0x20, 0x20, 0x20, 0x20, 
	0x20, 0x20, 0x3d, 0x20, 0x27, 0x2f, 0x61, 0x70, 0x69, 0x2f, 
	0x63, 0x6f, 0x6e, 0x74, 0x72, 0x6f, 0x6c, 0x27, 0x3b, 0xd, 
	0xa, 0xd, 0xa, 0x20, 0x20, 0x20, 0x20, 0x20, 0x20, 0x20, 
	0x20, 0x74, 0x68, 0x69, 0x73, 0x2e, 0x74, 0x69, 0x6d, 0x65, 
	0x72, 0x20, 0x3d, 0x20, 0x73, 0x65, 0x74, 0x49, 0x6e, 0x74, 
	0x65, 0x72, 0x76, 0x61, 0x6c, 0x28, 0x28, 0x29, 0x20, 0x3d, 
	0x3e, 0x20, 0x74, 0x68, 0x69, 0x73, 0x2e, 0x70, 0x6f, 0x6c, 
	0x6c, 0x28, 0x29, 0x2c, 0x20, 0x43, 0x6f, 0x6e, 0x66, 0x69, 
	0x67, 0x2e, 0x50, 0x4f, 0x4c, 0x4c, 0x49, 0x4e, 0x47, 0x5f, 
	0x49, 0x4e, 0x54, 0x45, 0x52, 0x56, 0x41, 0x4c, 0x5f, 0x4d, 
	0x53, 0x29, 0x3b, 0xd, 0xa, 0x20, 0x20, 0x20, 0x20, 0x20, 
	0x20, 0x20, 0x20, 0x74, 0x68, 0x69, 0x73, 0x2e, 0x70, 0x6f, 
	0x6c, 0x6c, 0x28, 0x29, 0x3b, 0xd, 0xa, 0x20, 0x20, 0x20, 
	0x20, 0x7d, 0xd, 0xa, 0xd, 0xa, 0x20, 0x20, 0x20, 0x20, 
	0x61, 0x73, 0x79, 0x6e, 0x63, 0x20, 0x70, 0x6f, 0x6c, 0x6c, 
	0x28, 0x29, 0x20, 0x7b, 0xd, 0xa, 0x20, 0x20, 0x20, 0x20, 
	0x20, 0x20, 0x20, 0x20, 0x74, 0x68, 0x69, 0x73, 0x2e, 0x63, 
	0x68, 0x65, 0x63, 0x6b, 0x54, 0x69, 0x6d, 0x65, 0x6f, 0x75, 
	0x74, 0x28, 0x29, 0x3b, 0xd, 0xa, 0x20, 0x20, 0x20, 0x20, 
	0x20, 0x20, 0x20, 0x20, 0x69, 0x66, 0x20, 0x28, 0x74, 0x68, 
	0x69, 0x73, 0x2e, 0x69, 0x73, 0x52, 0x65, 0x71, 0x75, 0x65, 
	0x73, 0x74, 0x69, 0x6e, 0x67, 0x29, 0x20, 0x72, 0x65, 0x74, 
	0x75, 0x72, 0x6e, 0x3b, 0xd, 0xa, 0xd, 0xa, 0x20, 0x20, 
	0x20, 0x20, 0x20, 0x20, 0x20, 0x20, 0x63, 0x6f, 0x6e, 0x73, 
	0x74, 0x20, 0x7b, 0x20, 0x70, 0x61, 0x79, 0x6c, 0x6f, 0x61, 
	0x64, 0x20, 0x3d, 0x20, 0x7b, 0x7d, 0x2c, 0x20, 0x63, 0x6f, 
	0x6e, 0x74, 0x65, 0x78, 0x74, 0x20, 0x3d, 0x20, 0x7b, 0x7d, 
	0x20, 0x7d, 0x20, 0x3d, 0x20, 0x74, 0x68, 0x69, 0x73, 0x2e, 
	0x63, 0x62, 0x2e, 0x6e, 0x65, 0x78, 0x74, 0x52, 0x65, 0x71, 
	0x75, 0x65, 0x73, 0x74, 0x3f, 0x2e, 0x28, 0x29, 0x20, 0x7c, 
	0x7c, 0x20, 0x7b, 0x7d, 0x3b, 0xd, 0xa, 0x20, 0x20, 0x20, 
	0x20, 0x20, 0x20, 0x20, 0x20, 0x74, 0x68, 0x69, 0x73, 0x2e, 
	0x69, 0x73, 0x52, 0x65, 0x71, 0x75, 0x65, 0x73, 0x74, 0x69, 
	0x6e, 0x67, 0x20, 0x3d, 0x20, 0x74, 0x72, 0x75, 0x65, 0x3b, 
	0xd, 0xa, 0x20, 0x20, 0x20, 0x20, 0x20, 0x20, 0x20, 0x20, 
	0x63, 0x6f, 0x6e, 0x73, 0x74, 0x20, 0x61, 0x62, 0x6f, 0x72, 
	0x74, 0x20, 0x20, 0x20, 0x3d, 0x20, 0x6e, 0x65, 0x77, 0x20, 
	0x41, 0x62, 0x6f, 0x72, 0x74, 0x43, 0x6f, 0x6e, 0x74, 0x72, 
	0x6f, 0x6c, 0x6c, 0x65, 0x72, 0x28, 0x29, 0x3b, 0xd, 0xa, 
	0x20, 0x20, 0x20, 0x20, 0x20, 0x20, 0x20, 0x20, 0x63, 0x6f, 
	0x6e, 0x73, 0x74, 0x20, 0x74, 0x69, 0x6d, 0x65, 0x6f, 0x75, 
	0x74, 0x20, 0x3d, 0x20, 0x73, 0x65, 0x74, 0x54, 0x69, 0x6d, 
	0x65, 0x6f, 0x75, 0x74, 0x28, 0x28, 0x29, 0x20, 0x3d, 0x3e, 
	0x20, 0x61, 0x62, 0x6f, 0x72, 0x74, 0x2e, 0x61, 0x62, 0x6f, 
	0x72, 0x74, 0x28, 0x29, 0x2c, 0x20, 0x43, 0x6f, 0x6e, 0x66, 
	0x69, 0x67, 0x2e, 0x52, 0x45, 0x51, 0x55, 0x45, 0x53, 0x54, 
	0x5f, 0x54, 0x49, 0x4d, 0x45, 0x4f, 0x55, 0x54, 0x5f, 0x4d, 
	0x53, 0x29, 0x3b, 0xd, 0xa, 0x20, 0x20, 0x20, 0x20, 0x20, 
	0x20, 0x20, 0x20, 0x74, 0x72, 0x79, 0x20, 0x7b, 0xd, 0xa, 
	0x20, 0x20, 0x20, 0x20, 0x20, 0x20, 0x20, 0x20, 0x20, 0x20, 
	0x20, 0x20, 0x63, 0x6f, 0x6e, 0x73, 0x74, 0x20, 0x72, 0x65, 
	0x73, 0x20, 0x3d, 0x20, 0x61, 0x77, 0x61, 0x69, 0x74, 0x20, 
	0x66, 0x65, 0x74, 0x63, 0x68, 0x28, 0x74, 0x68, 0x69, 0x73, 
	0x2e, 0x61, 0x70, 0x69, 0x55, 0x72, 0x6c, 0x2c, 0x20, 0x7b, 
	0xd, 0xa, 0x20, 0x20, 0x20, 0x20, 0x20, 0x20, 0x20, 0x20, 
	0x20, 0x20, 0x20, 0x20, 0x20, 0x20, 0x20, 0x20, 0x6d, 0x65, 
	0x74, 0x68, 0x6f, 0x64, 0x3a, 0x20, 0x20, 0x27, 0x50, 0x4f, 
	0x53, 0x54, 0x27, 0x2c, 0xd, 0xa, 0x20, 0x20, 0x20, 0x20, 
	0x20, 0x20, 0x20, 0x20, 0x20, 0x20, 0x20, 0x20, 0x20, 0x20, 
	0x20, 0x20, 0x68, 0x65, 0x61, 0x64, 0x65, 0x72, 0x73, 0x3a, 
	0x20, 0x7b, 0x20, 0x27, 0x43, 0x6f, 0x6e, 0x74, 0x65, 0x6e, 
	0x74, 0x2d, 0x54, 0x79, 0x70, 0x65, 0x27, 0x3a, 0x20, 0x27, 
	0x61, 0x70, 0x70, 0x6c, 0x69, 0x63, 0x61, 0x74, 0x69, 0x6f, 
	0x6e, 0x2f, 0x6a, 0x73, 0x6f, 0x6e, 0x27, 0x20, 0x7d, 0x2c, 
	0xd, 0xa, 0x20, 0x20, 0x20, 0x20, 0x20, 0x20, 0x20, 0x20, 
	0x20, 0x20, 0x20, 0x20, 0x20, 0x20, 0x20, 0x20, 0x62, 0x6f, 
	0x64, 0x79, 0x3a, 0x20, 0x20, 0x20, 0x20, 0x4a, 0x53, 0x4f, 
	0x4e, 0x2e, 0x73, 0x74, 0x72, 0x69, 0x6e, 0x67, 0x69, 0x66, 
	0x79, 0x28, 0x70, 0x61, 0x79, 0x6c, 0x6f, 0x61, 0x64, 0x29, 
	0x2c, 0xd, 0xa, 0x20, 0x20, 0x20, 0x20, 0x20, 0x20, 0x20, 
	0x20, 0x20, 0x20, 0x20, 0x20, 0x20, 0x20, 0x20, 0x20, 0x73, 
	0x69, 0x67, 0x6e, 0x61, 0x6c, 0x3a, 0x20, 0x20, 0x61, 0x62, 
	0x6f, 0x72, 0x74, 0x2e, 0x73, 0x69, 0x67, 0x6e, 0x61, 0x6c, 
	0xd, 0xa, 0x20, 0x20, 0x20, 0x20, 0x20, 0x20, 0x20, 0x20, 
	0x20, 0x20, 0x20, 0x20, 0x7d, 0x29, 0x3b, 0xd, 0xa, 0x20, 
	0x20, 0x20, 0x20, 0x20, 0x20, 0x20, 0x20, 0x20, 0x20, 0x20, 
	0x20, 0x69, 0x66, 0x20, 0x28, 0x21, 0x72, 0x65, 0x73, 0x2e, 
	0x6f, 0x6b, 0x29, 0x20, 0x72, 0x65, 0x74, 0x75, 0x72, 0x6e, 
	0x3b, 0xd, 0xa, 0x20, 0x20, 0x20, 0x20, 0x20, 0x20, 0x20, 
	0x20, 0x20, 0x20, 0x20, 0x20, 0x63, 0x6f, 0x6e, 0x73, 0x74, 
	0x20, 0x74, 0x65, 0x6c, 0x65, 0x6d, 0x65, 0x74, 0x72, 0x79, 
	0x20, 0x20, 0x20, 0x20, 0x3d, 0x20, 0x61, 0x77, 0x61, 0x69, 
	0x74, 0x20, 0x72, 0x65, 0x73, 0x2e, 0x6a, 0x73, 0x6f, 0x6e, 
	0x28, 0x29, 0x3b, 0xd, 0xa, 0x20, 0x20, 0x20, 0x20, 0x20, 
	0x20, 0x20, 0x20, 0x20, 0x20, 0x20, 0x20, 0x74, 0x68, 0x69, 
	0x73, 0x2e, 0x6c, 0x61, 0x73, 0x74, 0x48, 0x65, 0x61, 0x72, 
	0x74, 0x62, 0x65, 0x61, 0x74, 0x20, 0x3d, 0x20, 0x44, 0x61, 
	0x74, 0x65, 0x2e, 0x6e, 0x6f, 0x77, 0x28, 0x29, 0x3b, 0xd, 
	0xa, 0x20, 0x20, 0x20, 0x20, 0x20, 0x20, 0x20, 0x20, 0x20, 
	0x20, 0x20, 0x20, 0x69, 0x66, 0x20, 0x28, 0x21, 0x74, 0x68, 
	0x69, 0x73, 0x2e, 0x63, 0x6f, 0x6e, 0x6e, 0x65, 0x63, 0x74, 
	0x65, 0x64, 0x29, 0x20, 0x7b, 0x20, 0x74, 0x68, 0x69, 0x73, 
	0x2e, 0x63, 0x6f, 0x6e, 0x6e, 0x65, 0x63, 0x74, 0x65, 0x64, 
	0x20, 0x3d, 0x20, 0x74, 0x72, 0x75, 0x65, 0x3b, 0x20, 0x74, 
	0x68, 0x69, 0x73, 0x2e, 0x63, 0x62, 0x2e, 0x6f, 0x6e, 0x43, 
	0x6f, 0x6e, 0x6e, 0x65, 0x63, 0x74, 0x3f, 0x2e, 0x28, 0x29, 
	0x3b, 0x20, 0x7d, 0xd, 0xa, 0x20, 0x20, 0x20, 0x20, 0x20, 
	0x20, 0x20, 0x20, 0x20, 0x20, 0x20, 0x20, 0x74, 0x68, 0x69, 
	0x73, 0x2e, 0x63, 0x62, 0x2e, 0x6f, 0x6e, 0x48, 0x65, 0x61, 
	0x72, 0x74, 0x62, 0x65, 0x61, 0x74, 0x3f, 0x2e, 0x28, 0x74, 
	0x65, 0x6c, 0x65, 0x6d, 0x65, 0x74, 0x72, 0x79, 0x2c, 0x20, 
	0x63, 0x6f, 0x6e, 0x74, 0x65, 0x78, 0x74, 0x29, 0x3b, 0xd, 
	0xa, 0x20, 0x20, 0x20, 0x20, 0x20, 0x20, 0x20, 0x20, 0x7d, 
	0x20, 0x63, 0x61, 0x74, 0x63, 0x68, 0x20, 0x28, 0x5f, 0x29, 
	0x20, 0x7b, 0xd, 0xa, 0x20, 0x20, 0x20, 0x20, 0x20, 0x20, 
	0x20, 0x20, 0x20, 0x20, 0x20, 0x20, 0x2f, 0x2a, 0x20, 0x6e, 
	0x65, 0x74, 0x77, 0x6f, 0x72, 0x6b, 0x20, 0x65, 0x72, 0x72, 
	0x6f, 0x72, 0x20, 0x2f, 0x20, 0x74, 0x69, 0x6d, 0x65, 0x6f, 
	0x75, 0x74, 0x3a, 0x20, 0x74, 0x68, 0x65, 0x20, 0x70, 0x65, 
	0x6e, 0x64, 0x69, 0x6e, 0x67, 0x20, 0x63, 0x6f, 0x6d, 0x6d, 
	0x61, 0x6e, 0x64, 0x20, 0x69, 0x73, 0x20, 0x73, 0x69, 0x6d, 
	0x70, 0x6c, 0x79, 0x20, 0x72, 0x65, 0x2d, 0x73, 0x65, 0x6e, 
	0x74, 0x20, 0x6e, 0x65, 0x78, 0x74, 0x20, 0x70, 0x6f, 0x6c, 
	0x6c, 0x20, 0x2a, 0x2f, 0xd, 0xa, 0x20, 0x20, 0x20, 0x20, 
	0x20, 0x20, 0x20, 0x20, 0x7d, 0x20, 0x66, 0x69, 0x6e, 0x61, 
	0x6c, 0x6c, 0x79, 0x20, 0x7b, 0xd, 0xa, 0x20, 0x20, 0x20, 
	0x20, 0x20, 0x20, 0x20, 0x20, 0x20, 0x20, 0x20, 0x20, 0x63, 
	0x6c, 0x65, 0x61, 0x72, 0x54, 0x69, 0x6d, 0x65, 0x6f, 0x75, 
	0x74, 0x28, 0x74, 0x69, 0x6d, 0x65, 0x6f, 0x75, 0x74, 0x29, 
	0x3b, 0xd, 0xa, 0x20, 0x20, 0x20, 0x20, 0x20, 0x20, 0x20, 
	0x20, 0x20, 0x20, 0x20, 0x20, 0x74, 0x68, 0x69, 0x73, 0x2e, 
	0x69, 0x73, 0x52, 0x65, 0x71, 0x75, 0x65, 0x73, 0x74, 0x69, 
	0x6e, 0x67, 0x20, 0x3d, 0x20, 0x66, 0x61, 0x6c, 0x73, 0x65, 
	0x3b, 0xd, 0xa, 0x20, 0x20, 0x20, 0x20, 0x20, 0x20, 0x20, 
	0x20, 0x20, 0x20, 0x20, 0x20, 0x74, 0x68, 0x69, 0x73, 0x2e, 
	0x63, 0x68, 0x65, 0x63, 0x6b, 0x54, 0x69, 0x6d, 0x65, 0x6f, 
	0x75, 0x74, 0x28, 0x29, 0x3b, 0xd, 0xa, 0x20, 0x20, 0x20, 
	0x20, 0x20, 0x20, 0x20, 0x20, 0x7d, 0xd, 0xa, 0x20, 0x20, 
	0x20, 0x20, 0x7d, 0xd, 0xa, 0xd, 0xa, 0x20, 0x20, 0x20, 
	0x20, 0x63, 0x68, 0x65, 0x63, 0x6b, 0x54, 0x69, 0x6d, 0x65, 
	0x6f, 0x75, 0x74, 0x28, 0x29, 0x20, 0x7b, 0xd, 0xa, 0x20, 
	0x20, 0x20, 0x20, 0x20, 0x20, 0x20, 0x20, 0x69, 0x66, 0x20, 
	0x28, 0x74, 0x68, 0x69, 0x73, 0x2e, 0x63, 0x6f, 0x6e, 0x6e, 
	0x65, 0x63, 0x74, 0x65, 0x64, 0x20, 0x26, 0x26, 0x20, 0x44, 
	0x61, 0x74, 0x65, 0x2e, 0x6e, 0x6f, 0x77, 0x28, 0x29, 0x20, 
	0x2d, 0x20, 0x74, 0x68, 0x69, 0x73, 0x2e, 0x6c, 0x61, 0x73, 
	0x74, 0x48, 0x65, 0x61, 0x72, 0x74, 0x62, 0x65, 0x61, 0x74, 
	0x20, 0x3e, 0x20, 0x43, 0x6f, 0x6e, 0x66, 0x69, 0x67, 0x2e, 
	0x48, 0x45, 0x41, 0x52, 0x54, 0x42, 0x45, 0x41, 0x54, 0x5f, 
	0x54, 0x49, 0x4d, 0x45, 0x4f, 0x55, 0x54, 0x5f, 0x4d, 0x53, 
	0x29, 0x20, 0x7b, 0xd, 0xa, 0x20, 0x20, 0x20, 0x20, 0x20, 
	0x20, 0x20, 0x20, 0x20, 0x20, 0x20, 0x20, 0x74, 0x68, 0x69, 
	0x73, 0x2e, 0x63, 0x6f, 0x6e, 0x6e, 0x65, 0x63, 0x74, 0x65, 
	0x64, 0x20, 0x3d, 0x20, 0x66, 0x61, 0x6c, 0x73, 0x65, 0x3b, 
	0xd, 0xa, 0x20, 0x20, 0x20, 0x20, 0x20, 0x20, 0x20, 0x20, 
	0x20, 0x20, 0x20, 0x20, 0x74, 0x68, 0x69, 0x73, 0x2e, 0x63, 
	0x62, 0x2e, 0x6f, 0x6e, 0x44, 0x69, 0x73, 0x63, 0x6f, 0x6e, 
	0x6e, 0x65, 0x63, 0x74, 0x3f, 0x2e, 0x28, 0x29, 0x3b, 0xd, 
	0xa, 0x20, 0x20, 0x20, 0x20, 0x20, 0x20, 0x20, 0x20, 0x7d, 
	0xd, 0xa, 0x20, 0x20, 0x20, 0x20, 0x7d, 0xd, 0xa, 0x7d, 
	0xd, 0xa, };

static const unsigned char data_js_constants_js[] = {
	/* /js/constants.js */
	0x2f, 0x6a, 0x73, 0x2f, 0x63, 0x6f, 0x6e, 0x73, 0x74, 0x61, 0x6e, 0x74, 0x73, 0x2e, 0x6a, 0x73, 0,
	0x48, 0x54, 0x54, 0x50, 0x2f, 0x31, 0x2e, 0x30, 0x20, 0x32, 
	0x30, 0x30, 0x20, 0x4f, 0x4b, 0xd, 0xa, 0x53, 0x65, 0x72, 
	0x76, 0x65, 0x72, 0x3a, 0x20, 0x6c, 0x77, 0x49, 0x50, 0x2f, 
	0x70, 0x72, 0x65, 0x2d, 0x30, 0x2e, 0x36, 0x20, 0x28, 0x68, 
	0x74, 0x74, 0x70, 0x3a, 0x2f, 0x2f, 0x77, 0x77, 0x77, 0x2e, 
	0x73, 0x69, 0x63, 0x73, 0x2e, 0x73, 0x65, 0x2f, 0x7e, 0x61, 
	0x64, 0x61, 0x6d, 0x2f, 0x6c, 0x77, 0x69, 0x70, 0x2f, 0x29, 
	0xd, 0xa, 0x43, 0x6f, 0x6e, 0x74, 0x65, 0x6e, 0x74, 0x2d, 
	0x74, 0x79, 0x70, 0x65, 0x3a, 0x20, 0x61, 0x70, 0x70, 0x6c, 
	0x69, 0x63, 0x61, 0x74, 0x69, 0x6f, 0x6e, 0x2f, 0x6a, 0x61, 
	0x76, 0x61, 0x73, 0x63, 0x72, 0x69, 0x70, 0x74, 0xd, 0xa, 
	0xd, 0xa, 0x65, 0x78, 0x70, 0x6f, 0x72, 0x74, 0x20, 0x63, 
	0x6f, 0x6e, 0x73, 0x74, 0x20, 0x55, 0x49, 0x53, 0x74, 0x61, 
	0x74, 0x65, 0x20, 0x3d, 0x20, 0x4f, 0x62, 0x6a, 0x65, 0x63, 
	0x74, 0x2e, 0x66, 0x72, 0x6f, 0x6d, 0x45, 0x6e, 0x74, 0x72, 
	0x69, 0x65, 0x73, 0x28, 0x5b, 0xd, 0xa, 0x20, 0x20, 0x20, 
	0x20, 0x27, 0x44, 0x49, 0x53, 0x43, 0x4f, 0x4e, 0x4e, 0x45, 
	0x43, 0x54, 0x45, 0x44, 0x27, 0x2c, 0x20, 0x27, 0x4d, 0x41, 
	0x4e, 0x55, 0x41, 0x4c, 0x27, 0x2c, 0x20, 0x27, 0x41, 0x55, 
	0x54, 0x4f, 0x5f, 0x50, 0x45, 0x4e, 0x44, 0x49, 0x4e, 0x47, 
	0x27, 0x2c, 0x20, 0x27, 0x41, 0x55, 0x54, 0x4f, 0x5f, 0x4d, 
	0x41, 0x4e, 0x55, 0x41, 0x4c, 0x5f, 0x50, 0x45, 0x4e, 0x44, 
	0x49, 0x4e, 0x47, 0x27, 0x2c, 0xd, 0xa, 0x20, 0x20, 0x20, 
	0x20, 0x27, 0x54, 0x4f, 0x52, 0x5f, 0x4d, 0x41, 0x4e, 0x55, 
	0x41, 0x4c, 0x5f, 0x50, 0x45, 0x4e, 0x44, 0x49, 0x4e, 0x47, 
	0x27, 0x2c, 0x20, 0x27, 0x41, 0x55, 0x54, 0x4f, 0x27, 0x2c, 
	0x20, 0x27, 0x41, 0x55, 0x54, 0x4f, 0x5f, 0x54, 0x4f, 0x52, 
	0x27, 0x2c, 0x20, 0x27, 0x41, 0x55, 0x54, 0x4f, 0x5f, 0x41, 
	0x42, 0x4f, 0x52, 0x54, 0x27, 0x2c, 0x20, 0x27, 0x4d, 0x41, 
	0x4e, 0x55, 0x41, 0x4c, 0x5f, 0x41, 0x42, 0x4f, 0x52, 0x54, 
	0x27, 0xd, 0xa, 0x5d, 0x2e, 0x6d, 0x61, 0x70, 0x28, 0x6b, 
	0x20, 0x3d, 0x3e, 0x20, 0x5b, 0x6b, 0x2c, 0x20, 0x6b, 0x5d, 
	0x29, 0x29, 0x3b, 0xd, 0xa, 0xd, 0xa, 0x65, 0x78, 0x70, 
	0x6f, 0x72, 0x74, 0x20, 0x63, 0x6f, 0x6e, 0x73, 0x74, 0x20, 
	0x4d, 0x43, 0x55, 0x4d, 0x6f, 0x64, 0x65, 0x20, 0x20, 0x20, 
	0x20, 0x20, 0x3d, 0x20, 0x4f, 0x62, 0x6a, 0x65, 0x63, 0x74, 
	0x2e, 0x66, 0x72, 0x6f, 0x6d, 0x45, 0x6e, 0x74, 0x72, 0x69, 
	0x65, 0x73, 0x28, 0x5b, 0x27, 0x4d, 0x41, 0x4e, 0x55, 0x41, 
	0x4c, 0x27, 0x2c, 0x20, 0x27, 0x41, 0x55, 0x54, 0x4f, 0x27, 
	0x2c, 0x20, 0x27, 0x41, 0x55, 0x54, 0x4f, 0x5f, 0x41, 0x42, 
	0x4f, 0x52, 0x54, 0x27, 0x2c, 0x20, 0x27, 0x4d, 0x41, 0x4e, 
	0x55, 0x41, 0x4c, 0x5f, 0x41, 0x42, 0x4f, 0x52, 0x54, 0x27, 
	0x5d, 0x2e, 0x6d, 0x61, 0x70, 0x28, 0x6b, 0x20, 0x3d, 0x3e, 
	0x20, 0x5b, 0x6b, 0x2c, 0x20, 0x6b, 0x5d, 0x29, 0x29, 0x3b, 
	0xd, 0xa, 0x65, 0x78, 0x70, 0x6f, 0x72, 0x74, 0x20, 0x63, 
	0x6f, 0x6e, 0x73, 0x74, 0x20, 0x4d, 0x6f, 0x64, 0x65, 0x52, 
	0x65, 0x71, 0x75, 0x65, 0x73, 0x74, 0x20, 0x3d, 0x20, 0x7b, 
	0x20, 0x4e, 0x4f, 0x4e, 0x45, 0x3a, 0x20, 0x27, 0x4e, 0x4f, 
	0x4e, 0x45, 0x27, 0x2c, 0x20, 0x4d, 0x41, 0x4e, 0x55, 0x41, 
	0x4c, 0x3a, 0x20, 0x27, 0x4d, 0x41, 0x4e, 0x55, 0x41, 0x4c, 
	0x27, 0x2c, 0x20, 0x41, 0x55, 0x54, 0x4f, 0x3a, 0x20, 0x27, 
	0x41, 0x55, 0x54, 0x4f, 0x27, 0x20, 0x7d, 0x3b, 0xd, 0xa, 
	0xd, 0xa, 0x65, 0x78, 0x70, 0x6f, 0x72, 0x74, 0x20, 0x63, 
	0x6f, 0x6e, 0x73, 0x74, 0x20, 0x53, 0x74, 0x6f, 0x70, 0x52, 
	0x65, 0x61, 0x73, 0x6f, 0x6e, 0x54, 0x65, 0x78, 0x74, 0x20, 
	0x3d, 0x20, 0x7b, 0xd, 0xa, 0x20, 0x20, 0x20, 0x20, 0x4f, 
	0x42, 0x53, 0x54, 0x41, 0x43, 0x4c, 0x45, 0x3a, 0x20, 0x20, 
	0x20, 0x20, 0x20, 0x20, 0x20, 0x20, 0x20, 0x20, 0x20, 0x20, 
	0x27, 0xe9, 0x9a, 0x9c, 0xe5, 0xae, 0xb3, 0xe7, 0x89, 0xa9, 
	0xe6, 0xa4, 0x9c, 0xe7, 0x9f, 0xa5, 0x27, 0x2c, 0xd, 0xa, 
	0x20, 0x20, 0x20, 0x20, 0x41, 0x49, 0x5f, 0x4f, 0x42, 0x53, 
	0x54, 0x41, 0x43, 0x4c, 0x45, 0x3a, 0x20, 0x20, 0x20, 0x20, 
	0x20, 0x20, 0x20, 0x20, 0x20, 0x27, 0xe6, 0x97, 0xa7, 0xe7, 
	0x89, 0x88, 0xe3, 0x81, 0xae, 0xe9, 0x9a, 0x9c, 0xe5, 0xae, 
	0xb3, 0xe7, 0x89, 0xa9, 0xe5, 0x81, 0x9c, 0xe6, 0xad, 0xa2, 
	0xe7, 0x90, 0x86, 0xe7, 0x94, 0xb1, 0xef, 0xbc, 0x88, 0xe7, 
	0x8f, 0xbe, 0xe8, 0xa1, 0x8c, 0xe3, 0x81, 0xaf, 0xe3, 0x82, 
	0xa2, 0xe3, 0x83, 0xa9, 0xe3, 0x83, 0xbc, 0xe3, 0x83, 0xa0, 
	0xe3, 0x81, 0xa8, 0xe3, 0x83, 0xad, 0xe3, 0x82, 0xb0, 0xe3, 
	0x81, 0xa7, 0xe9, 0x80, 0x9a, 0xe7, 0x9f, 0xa5, 0xef, 0xbc, 
	0x89, 0x27, 0x2c, 0xa, 0x20, 0x20, 0x20, 0x20, 0x52, 0x4f, 
	0x41, 0x44, 0x5f, 0x55, 0x4e, 0x41, 0x56, 0x41, 0x49, 0x4c, 
	0x41, 0x42, 0x4c, 0x45, 0x3a, 0x20, 0x20, 0x20, 0x20, 0x27, 
	0xe8, 0xb5, 0xb0, 0xe8, 0xa1, 0x8c, 0xe7, 0xb5, 0x8c, 0xe8, 
	0xb7, 0xaf, 0xe3, 0x82, 0x92, 0xe8, 0xaa, 0x8d, 0xe8, 0xad, 
	0x98, 0xe3, 0x81, 0xa7, 0xe3, 0x81, 0x8d, 0xe3, 0x81, 0x9a, 
	0xe5, 0x81, 0x9c, 0xe6, 0xad, 0xa2, 0x27, 0x2c, 0xd, 0xa, 
	0x20, 0x20, 0x20, 0x20, 0x44, 0x49, 0x53, 0x54, 0x41, 0x4e, 
	0x43, 0x45, 0x5f, 0x45, 0x4d, 0x45, 0x52, 0x47, 0x45, 0x4e, 
	0x43, 0x59, 0x3a, 0x20, 0x20, 0x27, 0xe5, 0x89, 0x8d, 0xe6, 
	0x96, 0xb9, 0x35, 0x30, 0x20, 0x6d, 0x6d, 0xe3, 0x81, 0xa7, 
	0xe8, 0xb7, 0x9d, 0xe9, 0x9b, 0xa2, 0xe3, 0x81, 0xab, 0xe3, 
	0x82, 0x88, 0xe3, 0x82, 0x8b, 0xe7, 0xb7, 0x8a, 0xe6, 0x80, 
	0xa5, 0xe5, 0x81, 0x9c, 0xe6, 0xad, 0xa2, 0xef, 0xbc, 0x88, 
	0x54, 0x6f, 0x46, 0xef, 0xbc, 0x89, 0x27, 0x2c, 0xd, 0xa, 
	0x20, 0x20, 0x20, 0x20, 0x44, 0x49, 0x53, 0x54, 0x41, 0x4e, 
	0x43, 0x45, 0x5f, 0x50, 0x52, 0x45, 0x53, 0x54, 0x4f, 0x50, 
	0x3a, 0x20, 0x20, 0x20, 0x20, 0x27, 0xe5, 0x89, 0x8d, 0xe6, 
	0x96, 0xb9, 0x31, 0x30, 0x30, 0x20, 0x6d, 0x6d, 0xe3, 0x81, 
	0xa7, 0xe9, 0x80, 0x9a, 0xe5, 0xb8, 0xb8, 0xe5, 0x81, 0x9c, 
	0xe6, 0xad, 0xa2, 0xef, 0xbc, 0x88, 0x54, 0x6f, 0x46, 0xef, 
	0xbc, 0x89, 0x27, 0x2c, 0xd, 0xa, 0x20, 0x20, 0x20, 0x20, 
	0x42, 0x55, 0x54, 0x54, 0x4f, 0x4e, 0x5f, 0x45, 0x4d, 0x45, 
	0x52, 0x47, 0x45, 0x4e, 0x43, 0x59, 0x3a, 0x20, 0x20, 0x20, 
	0x20, 0x27, 0xe3, 0x83, 0x9c, 0xe3, 0x82, 0xbf, 0xe3, 0x83, 
	0xb3, 0xe3, 0x81, 0xab, 0xe3, 0x82, 0x88, 0xe3, 0x82, 0x8b, 
	0xe7, 0xb7, 0x8a, 0xe6, 0x80, 0xa5, 0xe5, 0x81, 0x9c, 0xe6, 
	0xad, 0xa2, 0xef, 0xbc, 0x88, 0xe5, 0x9f, 0xba, 0xe6, 0x9d, 
	0xbf, 0xe3, 0x83, 0xaa, 0xe3, 0x82, 0xbb, 0xe3, 0x83, 0x83, 
	0xe3, 0x83, 0x88, 0xe3, 0x81, 0xa7, 0xe8, 0xa7, 0xa3, 0xe9, 
	0x99, 0xa4, 0xef, 0xbc, 0x89, 0x27, 0x2c, 0xd, 0xa, 0x20, 
	0x20, 0x20, 0x20, 0x54, 0x4f, 0x52, 0x5f, 0x54, 0x49, 0x4d, 
	0x45, 0x4f, 0x55, 0x54, 0x3a, 0x20, 0x20, 0x20, 0x20, 0x20, 
	0x20, 0x20, 0x20, 0x20, 0x27, 0xe5, 0xbc, 0x95, 0xe7, 0xb6, 
	0x99, 0xe3, 0x81, 0x8e, 0xe6, 0x99, 0x82, 0xe9, 0x96, 0x93, 
	0xe5, 0x88, 0x87, 0xe3, 0x82, 0x8c, 0x27, 0x2c, 0xd, 0xa, 
	0x20, 0x20, 0x20, 0x20, 0x4d, 0x41, 0x4e, 0x55, 0x41, 0x4c, 
	0x5f, 0x41, 0x42, 0x4f, 0x52, 0x54, 0x5f, 0x42, 0x55, 0x54, 
	0x54, 0x4f, 0x4e, 0x3a, 0x20, 0x27, 0x41, 0x42, 0x4f, 0x52, 
	0x54, 0x20, 0xe3, 0x81, 0xa7, 0xe5, 0x81, 0x9c, 0xe6, 0xad, 
	0xa2, 0x27, 0x2c, 0xd, 0xa, 0x20, 0x20, 0x20, 0x20, 0x43, 
	0x4f, 0x4d, 0x4d, 0x5f, 0x54, 0x49, 0x4d, 0x45, 0x4f, 0x55, 
	0x54, 0x3a, 0x20, 0x20, 0x20, 0x20, 0x20, 0x20, 0x20, 0x20, 
	0x27, 0xe9, 0x80, 0x9a, 0xe4, 0xbf, 0xa1, 0xe5, 0x88, 0x87, 
	0xe6, 0x96, 0xad, 0x27, 0x2c, 0xd, 0xa, 0x20, 0x20, 0x20, 
	0x20, 0x53, 0x45, 0x4e, 0x53, 0x4f, 0x52, 0x5f, 0x45, 0x52, 
	0x52, 0x4f, 0x52, 0x3a, 0x20, 0x20, 0x20, 0x20, 0x20, 0x20, 
	0x20, 0x20, 0x27, 0xe8, 0xb7, 0x9d, 0xe9, 0x9b, 0xa2, 0xe3, 
	0x82, 0xbb, 0xe3, 0x83, 0xb3, 0xe3, 0x82, 0xb5, 0xe3, 0x83, 
	0xbc, 0x28, 0x54, 0x6f, 0x46, 0x29, 0xe3, 0x81, 0xae, 0xe5, 
	0x80, 0xa4, 0xe3, 0x81, 0x8c, 0xe7, 0x84, 0xa1, 0xe5, 0x8a, 
	0xb9, 0xe3, 0x83, 0xbb, 0xe9, 0x80, 0x94, 0xe7, 0xb5, 0xb6, 
	0x27, 0x2c, 0xd, 0xa, 0x20, 0x20, 0x20, 0x20, 0x49, 0x4e, 
	0x54, 0x45, 0x52, 0x4e, 0x41, 0x4c, 0x5f, 0x46, 0x41, 0x55, 
	0x4c, 0x54, 0x3a, 0x20, 0x20, 0x20, 0x20, 0x20, 0x20, 0x27, 
	0xe5, 0x86, 0x85, 0xe9, 0x83, 0xa8, 0xe7, 0x95, 0xb0, 0xe5, 
	0xb8, 0xb8, 0xe3, 0x81, 0xa7, 0xe5, 0x81, 0x9c, 0xe6, 0xad, 
	0xa2, 0xef, 0xbc, 0x88, 0xe5, 0x9f, 0xba, 0xe6, 0x9d, 0xbf, 
	0xe3, 0x83, 0xaa, 0xe3, 0x82, 0xbb, 0xe3, 0x83, 0x83, 0xe3, 
	0x83, 0x88, 0xe3, 0x81, 0x8c, 0xe5, 0xbf, 0x85, 0xe8, 0xa6, 
	0x81, 0xef, 0xbc, 0x89, 0x27, 0xd, 0xa, 0x7d, 0x3b, 0xd, 
	0xa, 0xd, 0xa, 0x65, 0x78, 0x70, 0x6f, 0x72, 0x74, 0x20, 
	0x63, 0x6f, 0x6e, 0x73, 0x74, 0x20, 0x4f, 0x62, 0x73, 0x74, 
	0x61, 0x63, 0x6c, 0x65, 0x4b, 0x69, 0x6e, 0x64, 0x54, 0x65, 
	0x78, 0x74, 0x20, 0x3d, 0x20, 0x7b, 0xd, 0xa, 0x20, 0x20, 
	0x20, 0x20, 0x50, 0x45, 0x52, 0x53, 0x4f, 0x4e, 0x3a, 0x20, 
	0x20, 0x20, 0x20, 0x20, 0x20, 0x20, 0x20, 0x20, 0x27, 0xe4, 
	0xba, 0xba, 0xe7, 0x89, 0xa9, 0x27, 0x2c, 0xd, 0xa, 0x20, 
	0x20, 0x20, 0x20, 0x43, 0x41, 0x52, 0x3a, 0x20, 0x20, 0x20, 
	0x20, 0x20, 0x20, 0x20, 0x20, 0x20, 0x20, 0x20, 0x20, 0x27, 
	0xe8, 0xbb, 0x8a, 0x27, 0x2c, 0xd, 0xa, 0x20, 0x20, 0x20, 
	0x20, 0x50, 0x45, 0x52, 0x53, 0x4f, 0x4e, 0x5f, 0x41, 0x4e, 
	0x44, 0x5f, 0x43, 0x41, 0x52, 0x3a, 0x20, 0x27, 0xe4, 0xba, 
	0xba, 0xe7, 0x89, 0xa9, 0xe3, 0x81, 0xa8, 0xe8, 0xbb, 0x8a, 
	0x27, 0xd, 0xa, 0x7d, 0x3b, 0xd, 0xa, 0xd, 0xa, 0x65, 
	0x78, 0x70, 0x6f, 0x72, 0x74, 0x20, 0x63, 0x6f, 0x6e, 0x73, 
	0x74, 0x20, 0x52, 0x65, 0x6a, 0x65, 0x63, 0x74, 0x52, 0x65, 
	0x61, 0x73, 0x6f, 0x6e, 0x54, 0x65, 0x78, 0x74, 0x20, 0x3d, 
	0x20, 0x7b, 0xd, 0xa, 0x20, 0x20, 0x20, 0x20, 0x4f, 0x42, 
	0x53, 0x54, 0x41, 0x43, 0x4c, 0x45, 0x5f, 0x4e, 0x45, 0x41, 
	0x52, 0x3a, 0x20, 0x20, 0x20, 0x20, 0x27, 0xe5, 0x89, 0x8d, 
	0xe6, 0x96, 0xb9, 0xe3, 0x81, 0xab, 0xe9, 0x9a, 0x9c, 0xe5, 
	0xae, 0xb3, 0xe7, 0x89, 0xa9, 0xe3, 0x81, 0x8c, 0xe3, 0x81, 
	0x82, 0xe3, 0x82, 0x8a, 0xe3, 0x81, 0xbe, 0xe3, 0x81, 0x99, 
	0x27, 0x2c, 0xd, 0xa, 0x20, 0x20, 0x20, 0x20, 0x53, 0x45, 
	0x4e, 0x53, 0x4f, 0x52, 0x5f, 0x4e, 0x4f, 0x54, 0x5f, 0x52, 
	0x45, 0x41, 0x44, 0x59, 0x3a, 0x20, 0x27, 0xe8, 0xb7, 0x9d, 
	0xe9, 0x9b, 0xa2, 0xe3, 0x82, 0xbb, 0xe3, 0x83, 0xb3, 0xe3, 
	0x82, 0xb5, 0xe3, 0x83, 0xbc, 0x28, 0x54, 0x6f, 0x46, 0x29, 
	0xe3, 0x81, 0x8c, 0xe6, 0xba, 0x96, 0xe5, 0x82, 0x99, 0xe3, 
	0x81, 0xa7, 0xe3, 0x81, 0x8d, 0xe3, 0x81, 0xa6, 0xe3, 0x81, 
	0x84, 0xe3, 0x81, 0xbe, 0xe3, 0x81, 0x9b, 0xe3, 0x82, 0x93, 
	0x27, 0x2c, 0xd, 0xa, 0x20, 0x20, 0x20, 0x20, 0x4c, 0x49, 
	0x4e, 0x4b, 0x5f, 0x4e, 0x4f, 0x54, 0x5f, 0x52, 0x45, 0x41, 
	0x44, 0x59, 0x3a, 0x20, 0x20, 0x20, 0x27, 0x4d, 0x38, 0x35, 
	0xe3, 0x81, 0xa8, 0x4d, 0x33, 0x33, 0xe3, 0x81, 0xae, 0xe9, 
	0x80, 0x9a, 0xe4, 0xbf, 0xa1, 0xe3, 0x81, 0x8c, 0xe9, 0x80, 
	0x94, 0xe5, 0x88, 0x87, 0xe3, 0x82, 0x8c, 0xe3, 0x81, 0xa6, 
	0xe3, 0x81, 0x84, 0xe3, 0x81, 0xbe, 0xe3, 0x81, 0x99, 0x27, 
	0x2c, 0xd, 0xa, 0x20, 0x20, 0x20, 0x20, 0x50, 0x41, 0x54, 
	0x48, 0x5f, 0x4e, 0x4f, 0x54, 0x5f, 0x52, 0x45, 0x41, 0x44, 
	0x59, 0x3a, 0x20, 0x20, 0x20, 0x27, 0xe8, 0xb5, 0xb0, 0xe8, 
	0xa1, 0x8c, 0xe8, 0xb7, 0xaf, 0xe3, 0x82, 0x92, 0xe8, 0xaa, 
	0x8d, 0xe8, 0xad, 0x98, 0xe3, 0x81, 0xa7, 0xe3, 0x81, 0x8d, 
	0xe3, 0x81, 0xa6, 0xe3, 0x81, 0x84, 0xe3, 0x81, 0xbe, 0xe3, 
	0x81, 0x9b, 0xe3, 0x82, 0x93, 0x27, 0x2c, 0xd, 0xa, 0x20, 
	0x20, 0x20, 0x20, 0x49, 0x4e, 0x5f, 0x54, 0x4f, 0x52, 0x3a, 
	0x20, 0x20, 0x20, 0x20, 0x20, 0x20, 0x20, 0x20, 0x20, 0x20, 
	0x20, 0x27, 0xe9, 0x81, 0x8b, 0xe8, 0xbb, 0xa2, 0xe5, 0xbc, 
	0x95, 0xe7, 0xb6, 0x99, 0xe3, 0x81, 0x8e, 0xe8, 0xad, 0xa6, 
	0xe5, 0x91, 0x8a, 0xe4, 0xb8, 0xad, 0xe3, 0x81, 0xa7, 0xe3, 
	0x81, 0x99, 0x27, 0x2c, 0xd, 0xa, 0x20, 0x20, 0x20, 0x20, 
	0x49, 0x4e, 0x5f, 0x4d, 0x41, 0x4e, 0x55, 0x41, 0x4c, 0x5f, 
	0x41, 0x42, 0x4f, 0x52, 0x54, 0x3a, 0x20, 0x20, 0x27, 0xe6, 
	0x89, 0x8b, 0xe5, 0x8b, 0x95, 0xe4, 0xb8, 0xad, 0xe6, 0x96, 
	0xad, 0xe4, 0xb8, 0xad, 0xe3, 0x81, 0xae, 0xe3, 0x81, 0x9f, 
	0xe3, 0x82, 0x81, 0xe6, 0x93, 0x8d, 0xe4, 0xbd, 0x9c, 0xe3, 
	0x81, 0xa7, 0xe3, 0x81, 0x8d, 0xe3, 0x81, 0xbe, 0xe3, 0x81, 
	0x9b, 0xe3, 0x82, 0x93, 0x27, 0x2c, 0xd, 0xa, 0x20, 0x20, 
	0x20, 0x20, 0x4d, 0x4f, 0x44, 0x45, 0x5f, 0x4d, 0x49, 0x53, 
	0x4d, 0x41, 0x54, 0x43, 0x48, 0x3a, 0x20, 0x20, 0x20, 0x20, 
	0x27, 0xe4, 0xb8, 0xad, 0xe6, 0x96, 0xad, 0xe4, 0xb8, 0xad, 
	0xe3, 0x81, 0xae, 0xe3, 0x81, 0x9f, 0xe3, 0x82, 0x81, 0xe5, 
	0x88, 0x87, 0xe6, 0x9b, 0xbf, 0xe3, 0x81, 0xa7, 0xe3, 0x81, 
	0x8d, 0xe3, 0x81, 0xbe, 0xe3, 0x81, 0x9b, 0xe3, 0x82, 0x93, 
	0x27, 0xd, 0xa, 0x7d, 0x3b, 0xd, 0xa, 0xd, 0xa, 0x65, 
	0x78, 0x70, 0x6f, 0x72, 0x74, 0x20, 0x63, 0x6f, 0x6e, 0x73, 
	0x74, 0x20, 0x43, 0x6f, 0x6e, 0x66, 0x69, 0x67, 0x20, 0x3d, 
	0x20, 0x7b, 0xd, 0xa, 0x20, 0x20, 0x20, 0x20, 0x50, 0x4f, 
	0x4c, 0x4c, 0x49, 0x4e, 0x47, 0x5f, 0x49, 0x4e, 0x54, 0x45, 
	0x52, 0x56, 0x41, 0x4c, 0x5f, 0x4d, 0x53, 0x3a, 0x20, 0x20, 
	0x20, 0x20, 0x20, 0x20, 0x20, 0x31, 0x30, 0x30, 0x20, 0x2c, 
	0xd, 0xa, 0x20, 0x20, 0x20, 0x20, 0x52, 0x45, 0x51, 0x55, 
	0x45, 0x53, 0x54, 0x5f, 0x54, 0x49, 0x4d, 0x45, 0x4f, 0x55, 
	0x54, 0x5f, 0x4d, 0x53, 0x3a, 0x20, 0x20, 0x20, 0x20, 0x20, 
	0x20, 0x20, 0x20, 0x38, 0x30, 0x30, 0x20, 0x2c, 0xd, 0xa, 
	0x20, 0x20, 0x20, 0x20, 0x48, 0x45, 0x41, 0x52, 0x54, 0x42, 
	0x45, 0x41, 0x54, 0x5f, 0x54, 0x49, 0x4d, 0x45, 0x4f, 0x55, 
	0x54, 0x5f, 0x4d, 0x53, 0x3a, 0x20, 0x20, 0x20, 0x20, 0x20, 
	0x20, 0x31, 0x35, 0x30, 0x30, 0x2c, 0xd, 0xa, 0x20, 0x20, 
	0x20, 0x20, 0x4d, 0x4f, 0x44, 0x45, 0x5f, 0x53, 0x57, 0x49, 
	0x54, 0x43, 0x48, 0x5f, 0x54, 0x49, 0x4d, 0x45, 0x4f, 0x55, 
	0x54, 0x5f, 0x4d, 0x53, 0x3a, 0x20, 0x20, 0x20, 0x20, 0x31, 
	0x30, 0x30, 0x30, 0x2c, 0xd, 0xa, 0x20, 0x20, 0x20, 0x20, 
	0x41, 0x4c, 0x45, 0x52, 0x54, 0x5f, 0x44, 0x49, 0x53, 0x50, 
	0x4c, 0x41, 0x59, 0x5f, 0x44, 0x55, 0x52, 0x41, 0x54, 0x49, 
	0x4f, 0x4e, 0x5f, 0x4d, 0x53, 0x3a, 0x20, 0x33, 0x30, 0x30, 
	0x30, 0x2c, 0xd, 0xa, 0x20, 0x20, 0x20, 0x20, 0x41, 0x4c, 
	0x41, 0x52, 0x4d, 0x5f, 0x4c, 0x4f, 0x47, 0x5f, 0x4d, 0x41, 
	0x58, 0x3a, 0x20, 0x20, 0x20, 0x20, 0x20, 0x20, 0x20, 0x20, 
	0x20, 0x20, 0x20, 0x20, 0x20, 0x35, 0xd, 0xa, 0x7d, 0x3b, 
	0xd, 0xa, };

static const unsigned char data_js_input_js[] = {
	/* /js/input.js */
	0x2f, 0x6a, 0x73, 0x2f, 0x69, 0x6e, 0x70, 0x75, 0x74, 0x2e, 0x6a, 0x73, 0,
	0x48, 0x54, 0x54, 0x50, 0x2f, 0x31, 0x2e, 0x30, 0x20, 0x32, 
	0x30, 0x30, 0x20, 0x4f, 0x4b, 0xd, 0xa, 0x53, 0x65, 0x72, 
	0x76, 0x65, 0x72, 0x3a, 0x20, 0x6c, 0x77, 0x49, 0x50, 0x2f, 
	0x70, 0x72, 0x65, 0x2d, 0x30, 0x2e, 0x36, 0x20, 0x28, 0x68, 
	0x74, 0x74, 0x70, 0x3a, 0x2f, 0x2f, 0x77, 0x77, 0x77, 0x2e, 
	0x73, 0x69, 0x63, 0x73, 0x2e, 0x73, 0x65, 0x2f, 0x7e, 0x61, 
	0x64, 0x61, 0x6d, 0x2f, 0x6c, 0x77, 0x69, 0x70, 0x2f, 0x29, 
	0xd, 0xa, 0x43, 0x6f, 0x6e, 0x74, 0x65, 0x6e, 0x74, 0x2d, 
	0x74, 0x79, 0x70, 0x65, 0x3a, 0x20, 0x61, 0x70, 0x70, 0x6c, 
	0x69, 0x63, 0x61, 0x74, 0x69, 0x6f, 0x6e, 0x2f, 0x6a, 0x61, 
	0x76, 0x61, 0x73, 0x63, 0x72, 0x69, 0x70, 0x74, 0xd, 0xa, 
	0xd, 0xa, 0x65, 0x78, 0x70, 0x6f, 0x72, 0x74, 0x20, 0x63, 
	0x6c, 0x61, 0x73, 0x73, 0x20, 0x49, 0x6e, 0x70, 0x75, 0x74, 
	0x43, 0x6f, 0x6e, 0x74, 0x72, 0x6f, 0x6c, 0x6c, 0x65, 0x72, 
	0x20, 0x7b, 0xa, 0x20, 0x20, 0x20, 0x20, 0x63, 0x6f, 0x6e, 
	0x73, 0x74, 0x72, 0x75, 0x63, 0x74, 0x6f, 0x72, 0x28, 0x29, 
	0x20, 0x7b, 0xa, 0x20, 0x20, 0x20, 0x20, 0x20, 0x20, 0x20, 
	0x20, 0x2f, 0x2f, 0x20, 0xe3, 0x83, 0xa9, 0xe3, 0x82, 0xb8, 
	0xe3, 0x82, 0xb3, 0xe3, 0x83, 0xb3, 0xe5, 0xbc, 0x8f, 0xef, 
	0xbc, 0x9a, 0xe5, 0xb7, 0xa6, 0xe6, 0x89, 0x8b, 0xe3, 0x81, 
	0xae, 0xe5, 0x89, 0x8d, 0xe9, 0x80, 0xb2, 0xe3, 0x83, 0x91, 
	0xe3, 0x83, 0x83, 0xe3, 0x83, 0x89, 0xe3, 0x81, 0xa8, 0xe5, 
	0x8f, 0xb3, 0xe6, 0x89, 0x8b, 0xe3, 0x81, 0xae, 0xe5, 0xb7, 
	0xa6, 0xe5, 0x8f, 0xb3, 0xe3, 0x83, 0x91, 0xe3, 0x83, 0x83, 
	0xe3, 0x83, 0x89, 0xe3, 0x80, 0x82, 0xe5, 0x90, 0x8c, 0xe6, 
	0x99, 0x82, 0xe6, 0x8a, 0xbc, 0xe3, 0x81, 0x97, 0xe5, 0x8f, 
	0xaf, 0xe3, 0x80, 0x82, 0xa, 0x20, 0x20, 0x20, 0x20, 0x20, 
	0x20, 0x20, 0x20, 0x74, 0x68, 0x69, 0x73, 0x2e, 0x70, 0x61, 
	0x64, 0x73, 0x20, 0x20, 0x20, 0x20, 0x20, 0x20, 0x20, 0x20, 
	0x3d, 0x20, 0x5b, 0x2e, 0x2e, 0x2e, 0x64, 0x6f, 0x63, 0x75, 
	0x6d, 0x65, 0x6e, 0x74, 0x2e, 0x71, 0x75, 0x65, 0x72, 0x79, 
	0x53, 0x65, 0x6c, 0x65, 0x63, 0x74, 0x6f, 0x72, 0x41, 0x6c, 
	0x6c, 0x28, 0x27, 0x2e, 0x70, 0x61, 0x64, 0x27, 0x29, 0x5d, 
	0x3b, 0xa, 0x20, 0x20, 0x20, 0x20, 0x20, 0x20, 0x20, 0x20, 
	0x74, 0x68, 0x69, 0x73, 0x2e, 0x62, 0x75, 0x74, 0x74, 0x6f, 
	0x6e, 0x73, 0x20, 0x20, 0x20, 0x20, 0x20, 0x3d, 0x20, 0x7b, 
	0x7d, 0x3b, 0xa, 0x20, 0x20, 0x20, 0x20, 0x20, 0x20, 0x20, 
	0x20, 0x74, 0x68, 0x69, 0x73, 0x2e, 0x70, 0x6f, 0x69, 0x6e, 
	0x74, 0x65, 0x72, 0x44, 0x69, 0x72, 0x73, 0x20, 0x3d, 0x20, 
	0x6e, 0x65, 0x77, 0x20, 0x4d, 0x61, 0x70, 0x28, 0x29, 0x3b, 
	0x20, 0x2f, 0x2f, 0x20, 0x70, 0x6f, 0x69, 0x6e, 0x74, 0x65, 
	0x72, 0x49, 0x64, 0x20, 0x2d, 0x3e, 0x20, 0x64, 0x69, 0x72, 
	0xa, 0x20, 0x20, 0x20, 0x20, 0x20, 0x20, 0x20, 0x20, 0x74, 
	0x68, 0x69, 0x73, 0x2e, 0x6b, 0x65, 0x79, 0x44, 0x69, 0x72, 
	0x73, 0x20, 0x20, 0x20, 0x20, 0x20, 0x3d, 0x20, 0x6e, 0x65, 
	0x77, 0x20, 0x53, 0x65, 0x74, 0x28, 0x29, 0x3b, 0x20, 0x2f, 
	0x2f, 0x20, 0x64, 0x69, 0x72, 0xa, 0x20, 0x20, 0x20, 0x20, 
	0x20, 0x20, 0x20, 0x20, 0x74, 0x68, 0x69, 0x73, 0x2e, 0x74, 
	0x68, 0x72, 0x6f, 0x74, 0x74, 0x6c, 0x65, 0x20, 0x20, 0x20, 
	0x20, 0x3d, 0x20, 0x30, 0x3b, 0xa, 0x20, 0x20, 0x20, 0x20, 
	0x20, 0x20, 0x20, 0x20, 0x74, 0x68, 0x69, 0x73, 0x2e, 0x73, 
	0x74, 0x65, 0x65, 0x72, 0x69, 0x6e, 0x67, 0x20, 0x20, 0x20, 
	0x20, 0x3d, 0x20, 0x30, 0x3b, 0xa, 0x20, 0x20, 0x20, 0x20, 
	0x20, 0x20, 0x20, 0x20, 0x74, 0x68, 0x69, 0x73, 0x2e, 0x64, 
	0x65, 0x61, 0x64, 0x6d, 0x61, 0x6e, 0x20, 0x20, 0x20, 0x20, 
	0x20, 0x3d, 0x20, 0x66, 0x61, 0x6c, 0x73, 0x65, 0x3b, 0xa, 
	0x20, 0x20, 0x20, 0x20, 0x20, 0x20, 0x20, 0x20, 0x74, 0x68, 
	0x69, 0x73, 0x2e, 0x65, 0x6e, 0x61, 0x62, 0x6c, 0x65, 0x64, 
	0x20, 0x20, 0x20, 0x20, 0x20, 0x3d, 0x20, 0x74, 0x72, 0x75, 
	0x65, 0x3b, 0xa, 0xa, 0x20, 0x20, 0x20, 0x20, 0x20, 0x20, 
	0x20, 0x20, 0x74, 0x68, 0x69, 0x73, 0x2e, 0x69, 0x6e, 0x69, 
	0x74, 0x42, 0x75, 0x74, 0x74, 0x6f, 0x6e, 0x73, 0x28, 0x29, 
	0x3b, 0xa, 0x20, 0x20, 0x20, 0x20, 0x20, 0x20, 0x20, 0x20, 
	0x74, 0x68, 0x69, 0x73, 0x2e, 0x69, 0x6e, 0x69, 0x74, 0x50, 
	0x6f, 0x69, 0x6e, 0x74, 0x65, 0x72, 0x45, 0x76, 0x65, 0x6e, 
	0x74, 0x73, 0x28, 0x29, 0x3b, 0xa, 0x20, 0x20, 0x20, 0x20, 
	0x20, 0x20, 0x20, 0x20, 0x74, 0x68, 0x69, 0x73, 0x2e, 0x69, 
	0x6e, 0x69, 0x74, 0x4b, 0x65, 0x79, 0x62, 0x6f, 0x61, 0x72, 
	0x64, 0x45, 0x76, 0x65, 0x6e, 0x74, 0x73, 0x28, 0x29, 0x3b, 
	0xa, 0x20, 0x20, 0x20, 0x20, 0x7d, 0xa, 0xa, 0x20, 0x20, 
	0x20, 0x20, 0x69, 0x6e, 0x69, 0x74, 0x42, 0x75, 0x74, 0x74, 
	0x6f, 0x6e, 0x73, 0x28, 0x29, 0x20, 0x7b, 0xa, 0x20, 0x20, 
	0x20, 0x20, 0x20, 0x20, 0x20, 0x20, 0x5b, 0x27, 0x75, 0x70, 
	0x27, 0x2c, 0x20, 0x27, 0x6c, 0x65, 0x66, 0x74, 0x27, 0x2c, 
	0x20, 0x27, 0x72, 0x69, 0x67, 0x68, 0x74, 0x27, 0x5d, 0x2e, 
	0x66, 0x6f, 0x72, 0x45, 0x61, 0x63, 0x68, 0x28, 0x64, 0x69, 
	0x72, 0x20, 0x3d, 0x3e, 0x20, 0x7b, 0xa, 0x20, 0x20, 0x20, 
	0x20, 0x20, 0x20, 0x20, 0x20, 0x20, 0x20, 0x20, 0x20, 0x63, 
	0x6f, 0x6e, 0x73, 0x74, 0x20, 0x62, 0x74, 0x6e, 0x20, 0x3d, 
	0x20, 0x64, 0x6f, 0x63, 0x75, 0x6d, 0x65, 0x6e, 0x74, 0x2e, 
	0x71, 0x75, 0x65, 0x72, 0x79, 0x53, 0x65, 0x6c, 0x65, 0x63, 
	0x74, 0x6f, 0x72, 0x28, 0x60, 0x2e, 0x70, 0x61, 0x64, 0x20, 
	0x5b, 0x64, 0x61, 0x74, 0x61, 0x2d, 0x64, 0x69, 0x72, 0x3d, 
	0x22, 0x24, 0x7b, 0x64, 0x69, 0x72, 0x7d, 0x22, 0x5d, 0x60, 
	0x29, 0x3b, 0xa, 0x20, 0x20, 0x20, 0x20, 0x20, 0x20, 0x20, 
	0x20, 0x20, 0x20, 0x20, 0x20, 0x69, 0x66, 0x20, 0x28, 0x62, 
	0x74, 0x6e, 0x29, 0x20, 0x74, 0x68, 0x69, 0x73, 0x2e, 0x62, 
	0x75, 0x74, 0x74, 0x6f, 0x6e, 0x73, 0x5b, 0x64, 0x69, 0x72, 
	0x5d, 0x20, 0x3d, 0x20, 0x62, 0x74, 0x6e, 0x3b, 0xa, 0x20, 
	0x20, 0x20, 0x20, 0x20, 0x20, 0x20, 0x20, 0x7d, 0x29, 0x3b, 
	0xa, 0x20, 0x20, 0x20, 0x20, 0x7d, 0xa, 0xa, 0x20, 0x20, 
	0x20, 0x20, 0x69, 0x6e, 0x69, 0x74, 0x50, 0x6f, 0x69, 0x6e, 
	0x74, 0x65, 0x72, 0x45, 0x76, 0x65, 0x6e, 0x74, 0x73, 0x28, 
	0x29, 0x20, 0x7b, 0xa, 0x20, 0x20, 0x20, 0x20, 0x20, 0x20, 
	0x20, 0x20, 0x2f, 0x2f, 0x20, 0xe5, 0x90, 0x84, 0xe3, 0x83, 
	0x91, 0xe3, 0x83, 0x83, 0xe3, 0x83, 0x89, 0xe3, 0x81, 0xa7, 
	0xe6, 0x8a, 0xbc, 0xe3, 0x81, 0x97, 0xe3, 0x81, 0x9f, 0xe6, 
	0x8c, 0x87, 0xe3, 0x81, 0xaf, 0xe3, 0x80, 0x81, 0xe3, 0x81, 
	0x9d, 0xe3, 0x81, 0xae, 0xe3, 0x83, 0x91, 0xe3, 0x83, 0x83, 
	0xe3, 0x83, 0x89, 0xe3, 0x81, 0xae, 0xe3, 0x83, 0x9c, 0xe3, 
	0x82, 0xbf, 0xe3, 0x83, 0xb3, 0xe3, 0x81, 0xa0, 0xe3, 0x81, 
	0x91, 0xe3, 0x82, 0x92, 0xe6, 0x93, 0x8d, 0xe4, 0xbd, 0x9c, 
	0xe3, 0x81, 0x99, 0xe3, 0x82, 0x8b, 0xa, 0x20, 0x20, 0x20, 
	0x20, 0x20, 0x20, 0x20, 0x20, 0x2f, 0x2f, 0x20, 0xef, 0xbc, 
	0x88, 0xe5, 0xb7, 0xa6, 0xe6, 0x89, 0x8b, 0xe3, 0x81, 0xae, 
	0xe6, 0x8c, 0x87, 0xe3, 0x81, 0x8c, 0xe5, 0x8f, 0xb3, 0xe3, 
	0x81, 0xae, 0xe3, 0x83, 0x91, 0xe3, 0x83, 0x83, 0xe3, 0x83, 
	0x89, 0xe3, 0x81, 0xb8, 0xe6, 0xbb, 0x91, 0xe3, 0x81, 0xa3, 
	0xe3, 0x81, 0xa6, 0xe3, 0x82, 0x82, 0xe5, 0xb7, 0xa6, 0xe5, 
	0x8f, 0xb3, 0xe6, 0x93, 0x8d, 0xe4, 0xbd, 0x9c, 0xe3, 0x81, 
	0xab, 0xe3, 0x81, 0xaa, 0xe3, 0x82, 0x89, 0xe3, 0x81, 0xaa, 
	0xe3, 0x81, 0x84, 0xef, 0xbc, 0x89, 0xe3, 0x80, 0x82, 0xa, 
	0x20, 0x20, 0x20, 0x20, 0x20, 0x20, 0x20, 0x20, 0x63, 0x6f, 
	0x6e, 0x73, 0x74, 0x20, 0x67, 0x65, 0x74, 0x44, 0x69, 0x72, 
	0x46, 0x72, 0x6f, 0x6d, 0x50, 0x6f, 0x69, 0x6e, 0x74, 0x20, 
	0x3d, 0x20, 0x28, 0x70, 0x61, 0x64, 0x2c, 0x20, 0x78, 0x2c, 
	0x20, 0x79, 0x29, 0x20, 0x3d, 0x3e, 0x20, 0x7b, 0xa, 0x20, 
	0x20, 0x20, 0x20, 0x20, 0x20, 0x20, 0x20, 0x20, 0x20, 0x20, 
	0x20, 0x63, 0x6f, 0x6e, 0x73, 0x74, 0x20, 0x65, 0x6c, 0x20, 
	0x3d, 0x20, 0x64, 0x6f, 0x63, 0x75, 0x6d, 0x65, 0x6e, 0x74, 
	0x2e, 0x65, 0x6c, 0x65, 0x6d, 0x65, 0x6e, 0x74, 0x46, 0x72, 
	0x6f, 0x6d, 0x50, 0x6f, 0x69, 0x6e, 0x74, 0x28, 0x78, 0x2c, 
	0x20, 0x79, 0x29, 0x3b, 0xa, 0x20, 0x20, 0x20, 0x20, 0x20, 
	0x20, 0x20, 0x20, 0x20, 0x20, 0x20, 0x20, 0x63, 0x6f, 0x6e, 
	0x73, 0x74, 0x20, 0x62, 0x74, 0x6e, 0x20, 0x3d, 0x20, 0x65, 
	0x6c, 0x20, 0x3f, 0x20, 0x65, 0x6c, 0x2e, 0x63, 0x6c, 0x6f, 
	0x73, 0x65, 0x73, 0x74, 0x28, 0x27, 0x2e, 0x70, 0x61, 0x64, 
	0x2d, 0x62, 0x74, 0x6e, 0x27, 0x29, 0x20, 0x3a, 0x20, 0x6e, 
	0x75, 0x6c, 0x6c, 0x3b, 0xa, 0x20, 0x20, 0x20, 0x20, 0x20, 
	0x20, 0x20, 0x20, 0x20, 0x20, 0x20, 0x20, 0x72, 0x65, 0x74, 
	0x75, 0x72, 0x6e, 0x20, 0x62, 0x74, 0x6e, 0x20, 0x26, 0x26, 
	0x20, 0x70, 0x61, 0x64, 0x2e, 0x63, 0x6f, 0x6e, 0x74, 0x61, 
	0x69, 0x6e, 0x73, 0x28, 0x62, 0x74, 0x6e, 0x29, 0x20, 0x3f, 
	0x20, 0x62, 0x74, 0x6e, 0x2e, 0x64, 0x61, 0x74, 0x61, 0x73, 
	0x65, 0x74, 0x2e, 0x64, 0x69, 0x72, 0x20, 0x3a, 0x20, 0x6e, 
	0x75, 0x6c, 0x6c, 0x3b, 0xa, 0x20, 0x20, 0x20, 0x20, 0x20, 
	0x20, 0x20, 0x20, 0x7d, 0x3b, 0xa, 0xa, 0x20, 0x20, 0x20, 
	0x20, 0x20, 0x20, 0x20, 0x20, 0x63, 0x6f, 0x6e, 0x73, 0x74, 
	0x20, 0x75, 0x70, 0x64, 0x61, 0x74, 0x65, 0x50, 0x6f, 0x69, 
	0x6e, 0x74, 0x65, 0x72, 0x20, 0x3d, 0x20, 0x28, 0x70, 0x6f, 
	0x69, 0x6e, 0x74, 0x65, 0x72, 0x49, 0x64, 0x2c, 0x20, 0x64, 
	0x69, 0x72, 0x29, 0x20, 0x3d, 0x3e, 0x20, 0x7b, 0xa, 0x20, 
	0x20, 0x20, 0x20, 0x20, 0x20, 0x20, 0x20, 0x20, 0x20, 0x20, 
	0x20, 0x69, 0x66, 0x20, 0x28, 0x21, 0x74, 0x68, 0x69, 0x73, 
	0x2e, 0x65, 0x6e, 0x61, 0x62, 0x6c, 0x65, 0x64, 0x29, 0x20, 
	0x72, 0x65, 0x74, 0x75, 0x72, 0x6e, 0x3b, 0xa, 0x20, 0x20, 
	0x20, 0x20, 0x20, 0x20, 0x20, 0x20, 0x20, 0x20, 0x20, 0x20, 
	0x63, 0x6f, 0x6e, 0x73, 0x74, 0x20, 0x70, 0x72, 0x65, 0x76, 
	0x20, 0x3d, 0x20, 0x74, 0x68, 0x69, 0x73, 0x2e, 0x70, 0x6f, 
	0x69, 0x6e, 0x74, 0x65, 0x72, 0x44, 0x69, 0x72, 0x73, 0x2e, 
	0x67, 0x65, 0x74, 0x28, 0x70, 0x6f, 0x69, 0x6e, 0x74, 0x65, 
	0x72, 0x49, 0x64, 0x29, 0x3b, 0xa, 0x20, 0x20, 0x20, 0x20, 
	0x20, 0x20, 0x20, 0x20, 0x20, 0x20, 0x20, 0x20, 0x69, 0x66, 
	0x20, 0x28, 0x70, 0x72, 0x65, 0x76, 0x20, 0x21, 0x3d, 0x3d, 
	0x20, 0x64, 0x69, 0x72, 0x29, 0x20, 0x7b, 0xa, 0x20, 0x20, 
	0x20, 0x20, 0x20, 0x20, 0x20, 0x20, 0x20, 0x20, 0x20, 0x20, 
	0x20, 0x20, 0x20, 0x20, 0x69, 0x66, 0x20, 0x28, 0x64, 0x69, 
	0x72, 0x29, 0x20, 0x7b, 0xa, 0x20, 0x20, 0x20, 0x20, 0x20, 
	0x20, 0x20, 0x20, 0x20, 0x20, 0x20, 0x20, 0x20, 0x20, 0x20, 
	0x20, 0x20, 0x20, 0x20, 0x20, 0x74, 0x68, 0x69, 0x73, 0x2e, 
	0x70, 0x6f, 0x69, 0x6e, 0x74, 0x65, 0x72, 0x44, 0x69, 0x72, 
	0x73, 0x2e, 0x73, 0x65, 0x74, 0x28, 0x70, 0x6f, 0x69, 0x6e, 
	0x74, 0x65, 0x72, 0x49, 0x64, 0x2c, 0x20, 0x64, 0x69, 0x72, 
	0x29, 0x3b, 0xa, 0x20, 0x20, 0x20, 0x20, 0x20, 0x20, 0x20, 
	0x20, 0x20, 0x20, 0x20, 0x20, 0x20, 0x20, 0x20, 0x20, 0x7d, 
	0x20, 0x65, 0x6c, 0x73, 0x65, 0x20, 0x7b, 0xa, 0x20, 0x20, 
	0x20, 0x20, 0x20, 0x20, 0x20, 0x20, 0x20, 0x20, 0x20, 0x20, 
	0x20, 0x20, 0x20, 0x20, 0x20, 0x20, 0x20, 0x20, 0x74, 0x68, 
	0x69, 0x73, 0x2e, 0x70, 0x6f, 0x69, 0x6e, 0x74, 0x65, 0x72, 
	0x44, 0x69, 0x72, 0x73, 0x2e, 0x64, 0x65, 0x6c, 0x65, 0x74, 
	0x65, 0x28, 0x70, 0x6f, 0x69, 0x6e, 0x74, 0x65, 0x72, 0x49, 
	0x64, 0x29, 0x3b, 0xa, 0x20, 0x20, 0x20, 0x20, 0x20, 0x20, 
	0x20, 0x20, 0x20, 0x20, 0x20, 0x20, 0x20, 0x20, 0x20, 0x20, 
	0x7d, 0xa, 0x20, 0x20, 0x20, 0x20, 0x20, 0x20, 0x20, 0x20, 
	0x20, 0x20, 0x20, 0x20, 0x20, 0x20, 0x20, 0x20, 0x74, 0x68, 
	0x69, 0x73, 0x2e, 0x75, 0x70, 0x64, 0x61, 0x74, 0x65, 0x53, 
	0x74, 0x61, 0x74, 0x65, 0x28, 0x29, 0x3b, 0xa, 0x20, 0x20, 
	0x20, 0x20, 0x20, 0x20, 0x20, 0x20, 0x20, 0x20, 0x20, 0x20, 
	0x7d, 0xa, 0x20, 0x20, 0x20, 0x20, 0x20, 0x20, 0x20, 0x20, 
	0x7d, 0x3b, 0xa, 0xa, 0x20, 0x20, 0x20, 0x20, 0x20, 0x20, 
	0x20, 0x20, 0x74, 0x68, 0x69, 0x73, 0x2e, 0x70, 0x61, 0x64, 
	0x73, 0x2e, 0x66, 0x6f, 0x72, 0x45, 0x61, 0x63, 0x68, 0x28, 
	0x70, 0x61, 0x64, 0x20, 0x3d, 0x3e, 0x20, 0x7b, 0xa, 0x20, 
	0x20, 0x20, 0x20, 0x20, 0x20, 0x20, 0x20, 0x20, 0x20, 0x20, 
	0x20, 0x70, 0x61, 0x64, 0x2e, 0x61, 0x64, 0x64, 0x45, 0x76, 
	0x65, 0x6e, 0x74, 0x4c, 0x69, 0x73, 0x74, 0x65, 0x6e, 0x65, 
	0x72, 0x28, 0x27, 0x70, 0x6f, 0x69, 0x6e, 0x74, 0x65, 0x72, 
	0x64, 0x6f, 0x77, 0x6e, 0x27, 0x2c, 0x20, 0x28, 0x65, 0x29, 
	0x20, 0x3d, 0x3e, 0x20, 0x7b, 0xa, 0x20, 0x20, 0x20, 0x20, 
	0x20, 0x20, 0x20, 0x20, 0x20, 0x20, 0x20, 0x20, 0x20, 0x20, 
	0x20, 0x20, 0x69, 0x66, 0x20, 0x28, 0x21, 0x74, 0x68, 0x69, 
	0x73, 0x2e, 0x65, 0x6e, 0x61, 0x62, 0x6c, 0x65, 0x64, 0x20, 
	0x7c, 0x7c, 0x20, 0x65, 0x2e, 0x62, 0x75, 0x74, 0x74, 0x6f, 
	0x6e, 0x20, 0x3e, 0x20, 0x30, 0x29, 0x20, 0x72, 0x65, 0x74, 
	0x75, 0x72, 0x6e, 0x3b, 0xa, 0x20, 0x20, 0x20, 0x20, 0x20, 
	0x20, 0x20, 0x20, 0x20, 0x20, 0x20, 0x20, 0x20, 0x20, 0x20, 
	0x20, 0x74, 0x72, 0x79, 0x20, 0x7b, 0x20, 0x70, 0x61, 0x64, 
	0x2e, 0x73, 0x65, 0x74, 0x50, 0x6f, 0x69, 0x6e, 0x74, 0x65, 
	0x72, 0x43, 0x61, 0x70, 0x74, 0x75, 0x72, 0x65, 0x28, 0x65, 
	0x2e, 0x70, 0x6f, 0x69, 0x6e, 0x74, 0x65, 0x72, 0x49, 0x64, 
	0x29, 0x3b, 0x20, 0x7d, 0x20, 0x63, 0x61, 0x74, 0x63, 0x68, 
	0x20, 0x28, 0x5f, 0x29, 0x20, 0x7b, 0x7d, 0xa, 0x20, 0x20, 
	0x20, 0x20, 0x20, 0x20, 0x20, 0x20, 0x20, 0x20, 0x20, 0x20, 
	0x20, 0x20, 0x20, 0x20, 0x63, 0x6f, 0x6e, 0x73, 0x74, 0x20, 
	0x64, 0x69, 0x72, 0x20, 0x3d, 0x20, 0x67, 0x65, 0x74, 0x44, 
	0x69, 0x72, 0x46, 0x72, 0x6f, 0x6d, 0x50, 0x6f, 0x69, 0x6e, 
	0x74, 0x28, 0x70, 0x61, 0x64, 0x2c, 0x20, 0x65, 0x2e, 0x63, 
	0x6c, 0x69, 0x65, 0x6e, 0x74, 0x58, 0x2c, 0x20, 0x65, 0x2e, 
	0x63, 0x6c, 0x69, 0x65, 0x6e, 0x74, 0x59, 0x29, 0x3b, 0xa, 
	0x20, 0x20, 0x20, 0x20, 0x20, 0x20, 0x20, 0x20, 0x20, 0x20, 
	0x20, 0x20, 0x20, 0x20, 0x20, 0x20, 0x69, 0x66, 0x20, 0x28, 
	0x64, 0x69, 0x72, 0x29, 0x20, 0x75, 0x70, 0x64, 0x61, 0x74, 
	0x65, 0x50, 0x6f, 0x69, 0x6e, 0x74, 0x65, 0x72, 0x28, 0x65, 
	0x2e, 0x70, 0x6f, 0x69, 0x6e, 0x74, 0x65, 0x72, 0x49, 0x64, 
	0x2c, 0x20, 0x64, 0x69, 0x72, 0x29, 0x3b, 0xa, 0x20, 0x20, 
	0x20, 0x20, 0x20, 0x20, 0x20, 0x20, 0x20, 0x20, 0x20, 0x20, 
	0x7d, 0x29, 0x3b, 0xa, 0xa, 0x20, 0x20, 0x20, 0x20, 0x20, 
	0x20, 0x20, 0x20, 0x20, 0x20, 0x20, 0x20, 0x70, 0x61, 0x64, 
	0x2e, 0x61, 0x64, 0x64, 0x45, 0x76, 0x65, 0x6e, 0x74, 0x4c, 
	0x69, 0x73, 0x74, 0x65, 0x6e, 0x65, 0x72, 0x28, 0x27, 0x70, 
	0x6f, 0x69, 0x6e, 0x74, 0x65, 0x72, 0x6d, 0x6f, 0x76, 0x65, 
	0x27, 0x2c, 0x20, 0x28, 0x65, 0x29, 0x20, 0x3d, 0x3e, 0x20, 
	0x7b, 0xa, 0x20, 0x20, 0x20, 0x20, 0x20, 0x20, 0x20, 0x20, 
	0x20, 0x20, 0x20, 0x20, 0x20, 0x20, 0x20, 0x20, 0x69, 0x66, 
	0x20, 0x28, 0x21, 0x74, 0x68, 0x69, 0x73, 0x2e, 0x70, 0x6f, 
	0x69, 0x6e, 0x74, 0x65, 0x72, 0x44, 0x69, 0x72, 0x73, 0x2e, 
	0x68, 0x61, 0x73, 0x28, 0x65, 0x2e, 0x70, 0x6f, 0x69, 0x6e, 
	0x74, 0x65, 0x72, 0x49, 0x64, 0x29, 0x29, 0x20, 0x72, 0x65, 
	0x74, 0x75, 0x72, 0x6e, 0x3b, 0xa, 0x20, 0x20, 0x20, 0x20, 
	0x20, 0x20, 0x20, 0x20, 0x20, 0x20, 0x20, 0x20, 0x20, 0x20, 
	0x20, 0x20, 0x75, 0x70, 0x64, 0x61, 0x74, 0x65, 0x50, 0x6f, 
	0x69, 0x6e, 0x74, 0x65, 0x72, 0x28, 0x65, 0x2e, 0x70, 0x6f, 
	0x69, 0x6e, 0x74, 0x65, 0x72, 0x49, 0x64, 0x2c, 0x20, 0x67, 
	0x65, 0x74, 0x44, 0x69, 0x72, 0x46, 0x72, 0x6f, 0x6d, 0x50, 
	0x6f, 0x69, 0x6e, 0x74, 0x28, 0x70, 0x61, 0x64, 0x2c, 0x20, 
	0x65, 0x2e, 0x63, 0x6c, 0x69, 0x65, 0x6e, 0x74, 0x58, 0x2c, 
	0x20, 0x65, 0x2e, 0x63, 0x6c, 0x69, 0x65, 0x6e, 0x74, 0x59, 
	0x29, 0x29, 0x3b, 0xa, 0x20, 0x20, 0x20, 0x20, 0x20, 0x20, 
	0x20, 0x20, 0x20, 0x20, 0x20, 0x20, 0x7d, 0x29, 0x3b, 0xa, 
	0xa, 0x20, 0x20, 0x20, 0x20, 0x20, 0x20, 0x20, 0x20, 0x20, 
	0x20, 0x20, 0x20, 0x63, 0x6f, 0x6e, 0x73, 0x74, 0x20, 0x72, 
	0x65, 0x6c, 0x65, 0x61, 0x73, 0x65, 0x50, 0x6f, 0x69, 0x6e, 
	0x74, 0x65, 0x72, 0x20, 0x3d, 0x20, 0x28, 0x65, 0x29, 0x20, 
	0x3d, 0x3e, 0x20, 0x7b, 0xa, 0x20, 0x20, 0x20, 0x20, 0x20, 
	0x20, 0x20, 0x20, 0x20, 0x20, 0x20, 0x20, 0x20, 0x20, 0x20, 
	0x20, 0x69, 0x66, 0x20, 0x28, 0x74, 0x68, 0x69, 0x73, 0x2e, 
	0x70, 0x6f, 0x69, 0x6e, 0x74, 0x65, 0x72, 0x44, 0x69, 0x72, 
	0x73, 0x2e, 0x68, 0x61, 0x73, 0x28, 0x65, 0x2e, 0x70, 0x6f, 
	0x69, 0x6e, 0x74, 0x65, 0x72, 0x49, 0x64, 0x29, 0x29, 0x20, 
	0x7b, 0xa, 0x20, 0x20, 0x20, 0x20, 0x20, 0x20, 0x20, 0x20, 
	0x20, 0x20, 0x20, 0x20, 0x20, 0x20, 0x20, 0x20, 0x20, 0x20, 
	0x20, 0x20, 0x74, 0x68, 0x69, 0x73, 0x2e, 0x70, 0x6f, 0x69, 
	0x6e, 0x74, 0x65, 0x72, 0x44, 0x69, 0x72, 0x73, 0x2e, 0x64, 
	0x65, 0x6c, 0x65, 0x74, 0x65, 0x28, 0x65, 0x2e, 0x70, 0x6f, 
	0x69, 0x6e, 0x74, 0x65, 0x72, 0x49, 0x64, 0x29, 0x3b, 0xa, 
	0x20, 0x20, 0x20, 0x20, 0x20, 0x20, 0x20, 0x20, 0x20, 0x20, 
	0x20, 0x20, 0x20, 0x20, 0x20, 0x20, 0x20, 0x20, 0x20, 0x20, 
	0x74, 0x72, 0x79, 0x20, 0x7b, 0x20, 0x70, 0x61, 0x64, 0x2e, 
	0x72, 0x65, 0x6c, 0x65, 0x61, 0x73, 0x65, 0x50, 0x6f, 0x69, 
	0x6e, 0x74, 0x65, 0x72, 0x43, 0x61, 0x70, 0x74, 0x75, 0x72, 
	0x65, 0x28, 0x65, 0x2e, 0x70, 0x6f, 0x69, 0x6e, 0x74, 0x65, 
	0x72, 0x49, 0x64, 0x29, 0x3b, 0x20, 0x7d, 0x20, 0x63, 0x61, 
	0x74, 0x63, 0x68, 0x20, 0x28, 0x5f, 0x29, 0x20, 0x7b, 0x7d, 
	0xa, 0x20, 0x20, 0x20, 0x20, 0x20, 0x20, 0x20, 0x20, 0x20, 
	0x20, 0x20, 0x20, 0x20, 0x20, 0x20, 0x20, 0x20, 0x20, 0x20, 
	0x20, 0x74, 0x68, 0x69, 0x73, 0x2e, 0x75, 0x70, 0x64, 0x61, 
	0x74, 0x65, 0x53, 0x74, 0x61, 0x74, 0x65, 0x28, 0x29, 0x3b, 
	0xa, 0x20, 0x20, 0x20, 0x20, 0x20, 0x20, 0x20, 0x20, 0x20, 
	0x20, 0x20, 0x20, 0x20, 0x20, 0x20, 0x20, 0x7d, 0xa, 0x20, 
	0x20, 0x20, 0x20, 0x20, 0x20, 0x20, 0x20, 0x20, 0x20, 0x20, 
	0x20, 0x7d, 0x3b, 0xa, 0xa, 0x20, 0x20, 0x20, 0x20, 0x20, 
	0x20, 0x20, 0x20, 0x20, 0x20, 0x20, 0x20, 0x70, 0x61, 0x64, 
	0x2e, 0x61, 0x64, 0x64, 0x45, 0x76, 0x65, 0x6e, 0x74, 0x4c, 
	0x69, 0x73, 0x74, 0x65, 0x6e, 0x65, 0x72, 0x28, 0x27, 0x70, 
	0x6f, 0x69, 0x6e, 0x74, 0x65, 0x72, 0x75, 0x70, 0x27, 0x2c, 
	0x20, 0x72, 0x65, 0x6c, 0x65, 0x61, 0x73, 0x65, 0x50, 0x6f, 
	0x69, 0x6e, 0x74, 0x65, 0x72, 0x29, 0x3b, 0xa, 0x20, 0x20, 
	0x20, 0x20, 0x20, 0x20, 0x20, 0x20, 0x20, 0x20, 0x20, 0x20, 
	0x70, 0x61, 0x64, 0x2e, 0x61, 0x64, 0x64, 0x45, 0x76, 0x65, 
	0x6e, 0x74, 0x4c, 0x69, 0x73, 0x74, 0x65, 0x6e, 0x65, 0x72, 
	0x28, 0x27, 0x70, 0x6f, 0x69, 0x6e, 0x74, 0x65, 0x72, 0x63, 
	0x61, 0x6e, 0x63, 0x65, 0x6c, 0x27, 0x2c, 0x20, 0x72, 0x65, 
	0x6c, 0x65, 0x61, 0x73, 0x65, 0x50, 0x6f, 0x69, 0x6e, 0x74, 
	0x65, 0x72, 0x29, 0x3b, 0xa, 0x20, 0x20, 0x20, 0x20, 0x20, 
	0x20, 0x20, 0x20, 0x7d, 0x29, 0x3b, 0xa, 0x20, 0x20, 0x20, 
	0x20, 0x7d, 0xa, 0xa, 0x20, 0x20, 0x20, 0x20, 0x69, 0x6e, 
	0x69, 0x74, 0x4b, 0x65, 0x79, 0x62, 0x6f, 0x61, 0x72, 0x64, 
	0x45, 0x76, 0x65, 0x6e, 0x74, 0x73, 0x28, 0x29, 0x20, 0x7b, 
	0xa, 0x20, 0x20, 0x20, 0x20, 0x20, 0x20, 0x20, 0x20, 0x63, 
	0x6f, 0x6e, 0x73, 0x74, 0x20, 0x6b, 0x65, 0x79, 0x4d, 0x61, 
	0x70, 0x20, 0x3d, 0x20, 0x7b, 0xa, 0x20, 0x20, 0x20, 0x20, 
	0x20, 0x20, 0x20, 0x20, 0x20, 0x20, 0x20, 0x20, 0x41, 0x72, 
	0x72, 0x6f, 0x77, 0x55, 0x70, 0x3a, 0x20, 0x20, 0x20, 0x20, 
	0x27, 0x75, 0x70, 0x27, 0x2c, 0xa, 0x20, 0x20, 0x20, 0x20, 
	0x20, 0x20, 0x20, 0x20, 0x20, 0x20, 0x20, 0x20, 0x4b, 0x65, 
	0x79, 0x57, 0x3a, 0x20, 0x20, 0x20, 0x20, 0x20, 0x20, 0x20, 
	0x27, 0x75, 0x70, 0x27, 0x2c, 0xa, 0x20, 0x20, 0x20, 0x20, 
	0x20, 0x20, 0x20, 0x20, 0x20, 0x20, 0x20, 0x20, 0x41, 0x72, 
	0x72, 0x6f, 0x77, 0x4c, 0x65, 0x66, 0x74, 0x3a, 0x20, 0x20, 
	0x27, 0x6c, 0x65, 0x66, 0x74, 0x27, 0x2c, 0xa, 0x20, 0x20, 
	0x20, 0x20, 0x20, 0x20, 0x20, 0x20, 0x20, 0x20, 0x20, 0x20, 
	0x4b, 0x65, 0x79, 0x41, 0x3a, 0x20, 0x20, 0x20, 0x20, 0x20, 
	0x20, 0x20, 0x27, 0x6c, 0x65, 0x66, 0x74, 0x27, 0x2c, 0xa, 
	0x20, 0x20, 0x20, 0x20, 0x20, 0x20, 0x20, 0x20, 0x20, 0x20, 
	0x20, 0x20, 0x41, 0x72, 0x72, 0x6f, 0x77, 0x52, 0x69, 0x67, 
	0x68, 0x74, 0x3a, 0x20, 0x27, 0x72, 0x69, 0x67, 0x68, 0x74, 
	0x27, 0x2c, 0xa, 0x20, 0x20, 0x20, 0x20, 0x20, 0x20, 0x20, 
	0x20, 0x20, 0x20, 0x20, 0x20, 0x4b, 0x65, 0x79, 0x44, 0x3a, 
	0x20, 0x20, 0x20, 0x20, 0x20, 0x20, 0x20, 0x27, 0x72, 0x69, 
	0x67, 0x68, 0x74, 0x27, 0xa, 0x20, 0x20, 0x20, 0x20, 0x20, 
	0x20, 0x20, 0x20, 0x7d, 0x3b, 0xa, 0xa, 0x20, 0x20, 0x20, 
	0x20, 0x20, 0x20, 0x20, 0x20, 0x77, 0x69, 0x6e, 0x64, 0x6f, 
	0x77, 0x2e, 0x61, 0x64, 0x64, 0x45, 0x76, 0x65, 0x6e, 0x74, 
	0x4c, 0x69, 0x73, 0x74, 0x65, 0x6e, 0x65, 0x72, 0x28, 0x27, 
	0x6b, 0x65, 0x79, 0x64, 0x6f, 0x77, 0x6e, 0x27, 0x2c, 0x20, 
	0x28, 0x65, 0x29, 0x20, 0x3d, 0x3e, 0x20, 0x7b, 0xa, 0x20, 
	0x20, 0x20, 0x20, 0x20, 0x20, 0x20, 0x20, 0x20, 0x20, 0x20, 
	0x20, 0x69, 0x66, 0x20, 0x28, 0x21, 0x74, 0x68, 0x69, 0x73, 
	0x2e, 0x65, 0x6e, 0x61, 0x62, 0x6c, 0x65, 0x64, 0x20, 0x7c, 
	0x7c, 0x20, 0x65, 0x2e, 0x72, 0x65, 0x70, 0x65, 0x61, 0x74, 
	0x29, 0x20, 0x72, 0x65, 0x74, 0x75, 0x72, 0x6e, 0x3b, 0xa, 
	0x20, 0x20, 0x20, 0x20, 0x20, 0x20, 0x20, 0x20, 0x20, 0x20, 
	0x20, 0x20, 0x2f, 0x2f, 0x20, 0xe5, 0x85, 0xa5, 0xe5, 0x8a, 
	0x9b, 0xe8, 0xa6, 0x81, 0xe7, 0xb4, 0xa0, 0xe3, 0x83, 0x95, 
	0xe3, 0x82, 0xa9, 0xe3, 0x83, 0xbc, 0xe3, 0x82, 0xab, 0xe3, 
	0x82, 0xb9, 0xe4, 0xb8, 0xad, 0xe3, 0x81, 0xaf, 0xe7, 0x84, 
	0xa1, 0xe5, 0x8a, 0xb9, 0xa, 0x20, 0x20, 0x20, 0x20, 0x20, 
	0x20, 0x20, 0x20, 0x20, 0x20, 0x20, 0x20, 0x63, 0x6f, 0x6e, 
	0x73, 0x74, 0x20, 0x74, 0x61, 0x67, 0x20, 0x3d, 0x20, 0x64, 
	0x6f, 0x63, 0x75, 0x6d, 0x65, 0x6e, 0x74, 0x2e, 0x61, 0x63, 
	0x74, 0x69, 0x76, 0x65, 0x45, 0x6c, 0x65, 0x6d, 0x65, 0x6e, 
	0x74, 0x3f, 0x2e, 0x74, 0x61, 0x67, 0x4e, 0x61, 0x6d, 0x65, 
	0x3b, 0xa, 0x20, 0x20, 0x20, 0x20, 0x20, 0x20, 0x20, 0x20, 
	0x20, 0x20, 0x20, 0x20, 0x69, 0x66, 0x20, 0x28, 0x74, 0x61, 
	0x67, 0x20, 0x3d, 0x3d, 0x3d, 0x20, 0x27, 0x49, 0x4e, 0x50, 
	0x55, 0x54, 0x27, 0x20, 0x7c, 0x7c, 0x20, 0x74, 0x61, 0x67, 
	0x20, 0x3d, 0x3d, 0x3d, 0x20, 0x27, 0x54, 0x45, 0x58, 0x54, 
	0x41, 0x52, 0x45, 0x41, 0x27, 0x20, 0x7c, 0x7c, 0x20, 0x74, 
	0x61, 0x67, 0x20, 0x3d, 0x3d, 0x3d, 0x20, 0x27, 0x53, 0x45, 
	0x4c, 0x45, 0x43, 0x54, 0x27, 0x29, 0x20, 0x72, 0x65, 0x74, 
	0x75, 0x72, 0x6e, 0x3b, 0xa, 0xa, 0x20, 0x20, 0x20, 0x20, 
	0x20, 0x20, 0x20, 0x20, 0x20, 0x20, 0x20, 0x20, 0x63, 0x6f, 
	0x6e, 0x73, 0x74, 0x20, 0x64, 0x69, 0x72, 0x20, 0x3d, 0x20, 
	0x6b, 0x65, 0x79, 0x4d, 0x61, 0x70, 0x5b, 0x65, 0x2e, 0x63, 
	0x6f, 0x64, 0x65, 0x5d, 0x3b, 0xa, 0x20, 0x20, 0x20, 0x20, 
	0x20, 0x20, 0x20, 0x20, 0x20, 0x20, 0x20, 0x20, 0x69, 0x66, 
	0x20, 0x28, 0x64, 0x69, 0x72, 0x29, 0x20, 0x7b, 0xa, 0x20, 
	0x20, 0x20, 0x20, 0x20, 0x20, 0x20, 0x20, 0x20, 0x20, 0x20, 
	0x20, 0x20, 0x20, 0x20, 0x20, 0x74, 0x68, 0x69, 0x73, 0x2e, 
	0x6b, 0x65, 0x79, 0x44, 0x69, 0x72, 0x73, 0x2e, 0x61, 0x64, 
	0x64, 0x28, 0x64, 0x69, 0x72, 0x29, 0x3b, 0xa, 0x20, 0x20, 
	0x20, 0x20, 0x20, 0x20, 0x20, 0x20, 0x20, 0x20, 0x20, 0x20, 
	0x20, 0x20, 0x20, 0x20, 0x74, 0x68, 0x69, 0x73, 0x2e, 0x75, 
	0x70, 0x64, 0x61, 0x74, 0x65, 0x53, 0x74, 0x61, 0x74, 0x65, 
	0x28, 0x29, 0x3b, 0xa, 0x20, 0x20, 0x20, 0x20, 0x20, 0x20, 
	0x20, 0x20, 0x20, 0x20, 0x20, 0x20, 0x7d, 0xa, 0x20, 0x20, 
	0x20, 0x20, 0x20, 0x20, 0x20, 0x20, 0x7d, 0x29, 0x3b, 0xa, 
	0xa, 0x20, 0x20, 0x20, 0x20, 0x20, 0x20, 0x20, 0x20, 0x77, 
	0x69, 0x6e, 0x64, 0x6f, 0x77, 0x2e, 0x61, 0x64, 0x64, 0x45, 
	0x76, 0x65, 0x6e, 0x74, 0x4c, 0x69, 0x73, 0x74, 0x65, 0x6e, 
	0x65, 0x72, 0x28, 0x27, 0x6b, 0x65, 0x79, 0x75, 0x70, 0x27, 
	0x2c, 0x20, 0x28, 0x65, 0x29, 0x20, 0x3d, 0x3e, 0x20, 0x7b, 
	0xa, 0x20, 0x20, 0x20, 0x20, 0x20, 0x20, 0x20, 0x20, 0x20, 
	0x20, 0x20, 0x20, 0x63, 0x6f, 0x6e, 0x73, 0x74, 0x20, 0x64, 
	0x69, 0x72, 0x20, 0x3d, 0x20, 0x6b, 0x65, 0x79, 0x4d, 0x61, 
	0x70, 0x5b, 0x65, 0x2e, 0x63, 0x6f, 0x64, 0x65, 0x5d, 0x3b, 
	0xa, 0x20, 0x20, 0x20, 0x20, 0x20, 0x20, 0x20, 0x20, 0x20, 
	0x20, 0x20, 0x20, 0x69, 0x66, 0x20, 0x28, 0x64, 0x69, 0x72, 
	0x20, 0x26, 0x26, 0x20, 0x74, 0x68, 0x69, 0x73, 0x2e, 0x6b, 
	0x65, 0x79, 0x44, 0x69, 0x72, 0x73, 0x2e, 0x68, 0x61, 0x73, 
	0x28, 0x64, 0x69, 0x72, 0x29, 0x29, 0x20, 0x7b, 0xa, 0x20, 
	0x20, 0x20, 0x20, 0x20, 0x20, 0x20, 0x20, 0x20, 0x20, 0x20, 
	0x20, 0x20, 0x20, 0x20, 0x20, 0x74, 0x68, 0x69, 0x73, 0x2e, 
	0x6b, 0x65, 0x79, 0x44, 0x69, 0x72, 0x73, 0x2e, 0x64, 0x65, 
	0x6c, 0x65, 0x74, 0x65, 0x28, 0x64, 0x69, 0x72, 0x29, 0x3b, 
	0xa, 0x20, 0x20, 0x20, 0x20, 0x20, 0x20, 0x20, 0x20, 0x20, 
	0x20, 0x20, 0x20, 0x20, 0x20, 0x20, 0x20, 0x74, 0x68, 0x69, 
	0x73, 0x2e, 0x75, 0x70, 0x64, 0x61, 0x74, 0x65, 0x53, 0x74, 
	0x61, 0x74, 0x65, 0x28, 0x29, 0x3b, 0xa, 0x20, 0x20, 0x20, 
	0x20, 0x20, 0x20, 0x20, 0x20, 0x20, 0x20, 0x20, 0x20, 0x7d, 
	0xa, 0x20, 0x20, 0x20, 0x20, 0x20, 0x20, 0x20, 0x20, 0x7d, 
	0x29, 0x3b, 0xa, 0xa, 0x20, 0x20, 0x20, 0x20, 0x20, 0x20, 
	0x20, 0x20, 0x77, 0x69, 0x6e, 0x64, 0x6f, 0x77, 0x2e, 0x61, 
	0x64, 0x64, 0x45, 0x76, 0x65, 0x6e, 0x74, 0x4c, 0x69, 0x73, 
	0x74, 0x65, 0x6e, 0x65, 0x72, 0x28, 0x27, 0x62, 0x6c, 0x75, 
	0x72, 0x27, 0x2c, 0x20, 0x28, 0x29, 0x20, 0x3d, 0x3e, 0x20, 
	0x7b, 0xa, 0x20, 0x20, 0x20, 0x20, 0x20, 0x20, 0x20, 0x20, 
	0x20, 0x20, 0x20, 0x20, 0x74, 0x68, 0x69, 0x73, 0x2e, 0x72, 
	0x65, 0x73, 0x65, 0x74, 0x28, 0x29, 0x3b, 0xa, 0x20, 0x20, 
	0x20, 0x20, 0x20, 0x20, 0x20, 0x20, 0x7d, 0x29, 0x3b, 0xa, 
	0x20, 0x20, 0x20, 0x20, 0x7d, 0xa, 0xa, 0x20, 0x20, 0x20, 
	0x20, 0x75, 0x70, 0x64, 0x61, 0x74, 0x65, 0x53, 0x74, 0x61, 
	0x74, 0x65, 0x28, 0x29, 0x20, 0x7b, 0xa, 0x20, 0x20, 0x20, 
	0x20, 0x20, 0x20, 0x20, 0x20, 0x63, 0x6f, 0x6e, 0x73, 0x74, 
	0x20, 0x61, 0x63, 0x74, 0x69, 0x76, 0x65, 0x44, 0x69, 0x72, 
	0x73, 0x20, 0x3d, 0x20, 0x6e, 0x65, 0x77, 0x20, 0x53, 0x65, 
	0x74, 0x28, 0x5b, 0x2e, 0x2e, 0x2e, 0x74, 0x68, 0x69, 0x73, 
	0x2e, 0x70, 0x6f, 0x69, 0x6e, 0x74, 0x65, 0x72, 0x44, 0x69, 
	0x72, 0x73, 0x2e, 0x76, 0x61, 0x6c, 0x75, 0x65, 0x73, 0x28, 
	0x29, 0x2c, 0x20, 0x2e, 0x2e, 0x2e, 0x74, 0x68, 0x69, 0x73, 
	0x2e, 0x6b, 0x65, 0x79, 0x44, 0x69, 0x72, 0x73, 0x5d, 0x29, 
	0x3b, 0xa, 0x20, 0x20, 0x20, 0x20, 0x20, 0x20, 0x20, 0x20, 
	0x74, 0x68, 0x69, 0x73, 0x2e, 0x64, 0x65, 0x61, 0x64, 0x6d, 
	0x61, 0x6e, 0x20, 0x3d, 0x20, 0x74, 0x68, 0x69, 0x73, 0x2e, 
	0x65, 0x6e, 0x61, 0x62, 0x6c, 0x65, 0x64, 0x20, 0x26, 0x26, 
	0x20, 0x61, 0x63, 0x74, 0x69, 0x76, 0x65, 0x44, 0x69, 0x72, 
	0x73, 0x2e, 0x73, 0x69, 0x7a, 0x65, 0x20, 0x3e, 0x20, 0x30, 
	0x3b, 0xa, 0xa, 0x20, 0x20, 0x20, 0x20, 0x20, 0x20, 0x20, 
	0x20, 0x2f, 0x2f, 0x20, 0x55, 0x49, 0xe3, 0x83, 0x9c, 0xe3, 
	0x82, 0xbf, 0xe3, 0x83, 0xb3, 0xe3, 0x81, 0xae, 0xe6, 0x8a, 
	0xbc, 0xe4, 0xb8, 0x8b, 0xe8, 0xa1, 0xa8, 0xe7, 0xa4, 0xba, 
	0xe3, 0x82, 0x92, 0xe6, 0x9b, 0xb4, 0xe6, 0x96, 0xb0, 0xa, 
	0x20, 0x20, 0x20, 0x20, 0x20, 0x20, 0x20, 0x20, 0x4f, 0x62, 
	0x6a, 0x65, 0x63, 0x74, 0x2e, 0x65, 0x6e, 0x74, 0x72, 0x69, 
	0x65, 0x73, 0x28, 0x74, 0x68, 0x69, 0x73, 0x2e, 0x62, 0x75, 
	0x74, 0x74, 0x6f, 0x6e, 0x73, 0x29, 0x2e, 0x66, 0x6f, 0x72, 
	0x45, 0x61, 0x63, 0x68, 0x28, 0x28, 0x5b, 0x64, 0x69, 0x72, 
	0x2c, 0x20, 0x62, 0x74, 0x6e, 0x5d, 0x29, 0x20, 0x3d, 0x3e, 
	0x20, 0x7b, 0xa, 0x20, 0x20, 0x20, 0x20, 0x20, 0x20, 0x20, 
	0x20, 0x20, 0x20, 0x20, 0x20, 0x62, 0x74, 0x6e, 0x2e, 0x63, 
	0x6c, 0x61, 0x73, 0x73, 0x4c, 0x69, 0x73, 0x74, 0x2e, 0x74, 
	0x6f, 0x67, 0x67, 0x6c, 0x65, 0x28, 0x27, 0x61, 0x63, 0x74, 
	0x69, 0x76, 0x65, 0x27, 0x2c, 0x20, 0x61, 0x63, 0x74, 0x69, 
	0x76, 0x65, 0x44, 0x69, 0x72, 0x73, 0x2e, 0x68, 0x61, 0x73, 
	0x28, 0x64, 0x69, 0x72, 0x29, 0x29, 0x3b, 0xa, 0x20, 0x20, 
	0x20, 0x20, 0x20, 0x20, 0x20, 0x20, 0x7d, 0x29, 0x3b, 0xa, 
	0xa, 0x20, 0x20, 0x20, 0x20, 0x20, 0x20, 0x20, 0x20, 0x69, 
	0x66, 0x20, 0x28, 0x21, 0x74, 0x68, 0x69, 0x73, 0x2e, 0x65, 
	0x6e, 0x61, 0x62, 0x6c, 0x65, 0x64, 0x29, 0x20, 0x7b, 0xa, 
	0x20, 0x20, 0x20, 0x20, 0x20, 0x20, 0x20, 0x20, 0x20, 0x20, 
	0x20, 0x20, 0x74, 0x68, 0x69, 0x73, 0x2e, 0x74, 0x68, 0x72, 
	0x6f, 0x74, 0x74, 0x6c, 0x65, 0x20, 0x3d, 0x20, 0x30, 0x3b, 
	0xa, 0x20, 0x20, 0x20, 0x20, 0x20, 0x20, 0x20, 0x20, 0x20, 
	0x20, 0x20, 0x20, 0x74, 0x68, 0x69, 0x73, 0x2e, 0x73, 0x74, 
	0x65, 0x65, 0x72, 0x69, 0x6e, 0x67, 0x20, 0x3d, 0x20, 0x30, 
	0x3b, 0xa, 0x20, 0x20, 0x20, 0x20, 0x20, 0x20, 0x20, 0x20, 
	0x20, 0x20, 0x20, 0x20, 0x74, 0x68, 0x69, 0x73, 0x2e, 0x64, 
	0x65, 0x61, 0x64, 0x6d, 0x61, 0x6e, 0x20, 0x3d, 0x20, 0x66, 
	0x61, 0x6c, 0x73, 0x65, 0x3b, 0xa, 0x20, 0x20, 0x20, 0x20, 
	0x20, 0x20, 0x20, 0x20, 0x20, 0x20, 0x20, 0x20, 0x72, 0x65, 
	0x74, 0x75, 0x72, 0x6e, 0x3b, 0xa, 0x20, 0x20, 0x20, 0x20, 
	0x20, 0x20, 0x20, 0x20, 0x7d, 0xa, 0xa, 0x20, 0x20, 0x20, 
	0x20, 0x20, 0x20, 0x20, 0x20, 0x63, 0x6f, 0x6e, 0x73, 0x74, 
	0x20, 0x75, 0x70, 0x20, 0x20, 0x20, 0x20, 0x3d, 0x20, 0x61, 
	0x63, 0x74, 0x69, 0x76, 0x65, 0x44, 0x69, 0x72, 0x73, 0x2e, 
	0x68, 0x61, 0x73, 0x28, 0x27, 0x75, 0x70, 0x27, 0x29, 0x3b, 
	0xa, 0x20, 0x20, 0x20, 0x20, 0x20, 0x20, 0x20, 0x20, 0x63, 
	0x6f, 0x6e, 0x73, 0x74, 0x20, 0x6c, 0x65, 0x66, 0x74, 0x20, 
	0x20, 0x3d, 0x20, 0x61, 0x63, 0x74, 0x69, 0x76, 0x65, 0x44, 
	0x69, 0x72, 0x73, 0x2e, 0x68, 0x61, 0x73, 0x28, 0x27, 0x6c, 
	0x65, 0x66, 0x74, 0x27, 0x29, 0x3b, 0xa, 0x20, 0x20, 0x20, 
	0x20, 0x20, 0x20, 0x20, 0x20, 0x63, 0x6f, 0x6e, 0x73, 0x74, 
	0x20, 0x72, 0x69, 0x67, 0x68, 0x74, 0x20, 0x3d, 0x20, 0x61, 
	0x63, 0x74, 0x69, 0x76, 0x65, 0x44, 0x69, 0x72, 0x73, 0x2e, 
	0x68, 0x61, 0x73, 0x28, 0x27, 0x72, 0x69, 0x67, 0x68, 0x74, 
	0x27, 0x29, 0x3b, 0xa, 0xa, 0x20, 0x20, 0x20, 0x20, 0x20, 
	0x20, 0x20, 0x20, 0x74, 0x68, 0x69, 0x73, 0x2e, 0x74, 0x68, 
	0x72, 0x6f, 0x74, 0x74, 0x6c, 0x65, 0x20, 0x3d, 0x20, 0x75, 
	0x70, 0x20, 0x3f, 0x20, 0x31, 0x2e, 0x30, 0x20, 0x3a, 0x20, 
	0x30, 0x2e, 0x30, 0x3b, 0xa, 0x20, 0x20, 0x20, 0x20, 0x20, 
	0x20, 0x20, 0x20, 0x74, 0x68, 0x69, 0x73, 0x2e, 0x73, 0x74, 
	0x65, 0x65, 0x72, 0x69, 0x6e, 0x67, 0x20, 0x3d, 0x20, 0x28, 
	0x72, 0x69, 0x67, 0x68, 0x74, 0x20, 0x26, 0x26, 0x20, 0x21, 
	0x6c, 0x65, 0x66, 0x74, 0x29, 0x20, 0x3f, 0x20, 0x31, 0x2e, 
	0x30, 0x20, 0x3a, 0x20, 0x28, 0x6c, 0x65, 0x66, 0x74, 0x20, 
	0x26, 0x26, 0x20, 0x21, 0x72, 0x69, 0x67, 0x68, 0x74, 0x29, 
	0x20, 0x3f, 0x20, 0x2d, 0x31, 0x2e, 0x30, 0x20, 0x3a, 0x20, 
	0x30, 0x2e, 0x30, 0x3b, 0xa, 0x20, 0x20, 0x20, 0x20, 0x7d, 
	0xa, 0xa, 0x20, 0x20, 0x20, 0x20, 0x73, 0x65, 0x74, 0x45, 
	0x6e, 0x61, 0x62, 0x6c, 0x65, 0x64, 0x28, 0x65, 0x6e, 0x61, 
	0x62, 0x6c, 0x65, 0x64, 0x29, 0x20, 0x7b, 0xa, 0x20, 0x20, 
	0x20, 0x20, 0x20, 0x20, 0x20, 0x20, 0x74, 0x68, 0x69, 0x73, 
	0x2e, 0x65, 0x6e, 0x61, 0x62, 0x6c, 0x65, 0x64, 0x20, 0x3d, 
	0x20, 0x65, 0x6e, 0x61, 0x62, 0x6c, 0x65, 0x64, 0x3b, 0xa, 
	0x20, 0x20, 0x20, 0x20, 0x20, 0x20, 0x20, 0x20, 0x69, 0x66, 
	0x20, 0x28, 0x21, 0x65, 0x6e, 0x61, 0x62, 0x6c, 0x65, 0x64, 
	0x29, 0x20, 0x74, 0x68, 0x69, 0x73, 0x2e, 0x72, 0x65, 0x73, 
	0x65, 0x74, 0x28, 0x29, 0x3b, 0xa, 0x20, 0x20, 0x20, 0x20, 
	0x7d, 0xa, 0xa, 0x20, 0x20, 0x20, 0x20, 0x72, 0x65, 0x73, 
	0x65, 0x74, 0x28, 0x29, 0x20, 0x7b, 0xa, 0x20, 0x20, 0x20, 
	0x20, 0x20, 0x20, 0x20, 0x20, 0x74, 0x68, 0x69, 0x73, 0x2e, 
	0x70, 0x6f, 0x69, 0x6e, 0x74, 0x65, 0x72, 0x44, 0x69, 0x72, 
	0x73, 0x2e, 0x63, 0x6c, 0x65, 0x61, 0x72, 0x28, 0x29, 0x3b, 
	0xa, 0x20, 0x20, 0x20, 0x20, 0x20, 0x20, 0x20, 0x20, 0x74, 
	0x68, 0x69, 0x73, 0x2e, 0x6b, 0x65, 0x79, 0x44, 0x69, 0x72, 
	0x73, 0x2e, 0x63, 0x6c, 0x65, 0x61, 0x72, 0x28, 0x29, 0x3b, 
	0xa, 0x20, 0x20, 0x20, 0x20, 0x20, 0x20, 0x20, 0x20, 0x74, 
	0x68, 0x69, 0x73, 0x2e, 0x74, 0x68, 0x72, 0x6f, 0x74, 0x74, 
	0x6c, 0x65, 0x20, 0x3d, 0x20, 0x30, 0x3b, 0xa, 0x20, 0x20, 
	0x20, 0x20, 0x20, 0x20, 0x20, 0x20, 0x74, 0x68, 0x69, 0x73, 
	0x2e, 0x73, 0x74, 0x65, 0x65, 0x72, 0x69, 0x6e, 0x67, 0x20, 
	0x3d, 0x20, 0x30, 0x3b, 0xa, 0x20, 0x20, 0x20, 0x20, 0x20, 
	0x20, 0x20, 0x20, 0x74, 0x68, 0x69, 0x73, 0x2e, 0x64, 0x65, 
	0x61, 0x64, 0x6d, 0x61, 0x6e, 0x20, 0x3d, 0x20, 0x66, 0x61, 
	0x6c, 0x73, 0x65, 0x3b, 0xa, 0x20, 0x20, 0x20, 0x20, 0x20, 
	0x20, 0x20, 0x20, 0x4f, 0x62, 0x6a, 0x65, 0x63, 0x74, 0x2e, 
	0x76, 0x61, 0x6c, 0x75, 0x65, 0x73, 0x28, 0x74, 0x68, 0x69, 
	0x73, 0x2e, 0x62, 0x75, 0x74, 0x74, 0x6f, 0x6e, 0x73, 0x29, 
	0x2e, 0x66, 0x6f, 0x72, 0x45, 0x61, 0x63, 0x68, 0x28, 0x62, 
	0x74, 0x6e, 0x20, 0x3d, 0x3e, 0x20, 0x62, 0x74, 0x6e, 0x2e, 
	0x63, 0x6c, 0x61, 0x73, 0x73, 0x4c, 0x69, 0x73, 0x74, 0x2e, 
	0x72, 0x65, 0x6d, 0x6f, 0x76, 0x65, 0x28, 0x27, 0x61, 0x63, 
	0x74, 0x69, 0x76, 0x65, 0x27, 0x29, 0x29, 0x3b, 0xa, 0x20, 
	0x20, 0x20, 0x20, 0x7d, 0xa, 0xa, 0x20, 0x20, 0x20, 0x20, 
	0x67, 0x65, 0x74, 0x54, 0x68, 0x72, 0x6f, 0x74, 0x74, 0x6c, 
	0x65, 0x28, 0x29, 0x20, 0x7b, 0x20, 0x72, 0x65, 0x74, 0x75, 
	0x72, 0x6e, 0x20, 0x74, 0x68, 0x69, 0x73, 0x2e, 0x65, 0x6e, 
	0x61, 0x62, 0x6c, 0x65, 0x64, 0x20, 0x3f, 0x20, 0x74, 0x68, 
	0x69, 0x73, 0x2e, 0x74, 0x68, 0x72, 0x6f, 0x74, 0x74, 0x6c, 
	0x65, 0x20, 0x3a, 0x20, 0x30, 0x3b, 0x20, 0x7d, 0xa, 0x20, 
	0x20, 0x20, 0x20, 0x67, 0x65, 0x74, 0x53, 0x74, 0x65, 0x65, 
	0x72, 0x69, 0x6e, 0x67, 0x28, 0x29, 0x20, 0x7b, 0x20, 0x72, 
	0x65, 0x74, 0x75, 0x72, 0x6e, 0x20, 0x74, 0x68, 0x69, 0x73, 
	0x2e, 0x65, 0x6e, 0x61, 0x62, 0x6c, 0x65, 0x64, 0x20, 0x3f, 
	0x20, 0x74, 0x68, 0x69, 0x73, 0x2e, 0x73, 0x74, 0x65, 0x65, 
	0x72, 0x69, 0x6e, 0x67, 0x20, 0x3a, 0x20, 0x30, 0x3b, 0x20, 
	0x7d, 0xa, 0x20, 0x20, 0x20, 0x20, 0x67, 0x65, 0x74, 0x44, 
	0x65, 0x61, 0x64, 0x6d, 0x61, 0x6e, 0x28, 0x29, 0x20, 0x7b, 
	0x20, 0x72, 0x65, 0x74, 0x75, 0x72, 0x6e, 0x20, 0x74, 0x68, 
	0x69, 0x73, 0x2e, 0x65, 0x6e, 0x61, 0x62, 0x6c, 0x65, 0x64, 
	0x20, 0x26, 0x26, 0x20, 0x74, 0x68, 0x69, 0x73, 0x2e, 0x64, 
	0x65, 0x61, 0x64, 0x6d, 0x61, 0x6e, 0x3b, 0x20, 0x7d, 0xa, 
	0x7d, 0xa, };

static const unsigned char data_js_screen_js[] = {
	/* /js/screen.js */
	0x2f, 0x6a, 0x73, 0x2f, 0x73, 0x63, 0x72, 0x65, 0x65, 0x6e, 0x2e, 0x6a, 0x73, 0,
	0x48, 0x54, 0x54, 0x50, 0x2f, 0x31, 0x2e, 0x30, 0x20, 0x32, 
	0x30, 0x30, 0x20, 0x4f, 0x4b, 0xd, 0xa, 0x53, 0x65, 0x72, 
	0x76, 0x65, 0x72, 0x3a, 0x20, 0x6c, 0x77, 0x49, 0x50, 0x2f, 
	0x70, 0x72, 0x65, 0x2d, 0x30, 0x2e, 0x36, 0x20, 0x28, 0x68, 
	0x74, 0x74, 0x70, 0x3a, 0x2f, 0x2f, 0x77, 0x77, 0x77, 0x2e, 
	0x73, 0x69, 0x63, 0x73, 0x2e, 0x73, 0x65, 0x2f, 0x7e, 0x61, 
	0x64, 0x61, 0x6d, 0x2f, 0x6c, 0x77, 0x69, 0x70, 0x2f, 0x29, 
	0xd, 0xa, 0x43, 0x6f, 0x6e, 0x74, 0x65, 0x6e, 0x74, 0x2d, 
	0x74, 0x79, 0x70, 0x65, 0x3a, 0x20, 0x61, 0x70, 0x70, 0x6c, 
	0x69, 0x63, 0x61, 0x74, 0x69, 0x6f, 0x6e, 0x2f, 0x6a, 0x61, 
	0x76, 0x61, 0x73, 0x63, 0x72, 0x69, 0x70, 0x74, 0xd, 0xa, 
	0xd, 0xa, 0x2f, 0x2f, 0x20, 0xe3, 0x82, 0xb9, 0xe3, 0x83, 
	0x9e, 0xe3, 0x83, 0x9b, 0xe5, 0x90, 0x91, 0xe3, 0x81, 0x91, 
	0xe3, 0x81, 0xae, 0xe7, 0x94, 0xbb, 0xe9, 0x9d, 0xa2, 0xe5, 
	0x88, 0xb6, 0xe5, 0xbe, 0xa1, 0xa, 0x2f, 0x2f, 0x20, 0x20, 
	0x31, 0x2e, 0x20, 0xe9, 0x95, 0xb7, 0xe6, 0x8a, 0xbc, 0xe3, 
	0x81, 0x97, 0xe3, 0x81, 0xa7, 0xe3, 0x83, 0x9c, 0xe3, 0x82, 
	0xbf, 0xe3, 0x83, 0xb3, 0xe3, 0x81, 0xae, 0xe6, 0x96, 0x87, 
	0xe5, 0xad, 0x97, 0xe3, 0x81, 0x8c, 0xe7, 0xaf, 0x84, 0xe5, 
	0x9b, 0xb2, 0xe9, 0x81, 0xb8, 0xe6, 0x8a, 0x9e, 0xe3, 0x81, 
	0x95, 0xe3, 0x82, 0x8c, 0xe3, 0x82, 0x8b, 0xef, 0xbc, 0x8f, 
	0xe3, 0x82, 0xb3, 0xe3, 0x83, 0xbc, 0xe3, 0x83, 0xab, 0xe3, 
	0x82, 0xa2, 0xe3, 0x82, 0xa6, 0xe3, 0x83, 0x88, 0xe3, 0x81, 
	0x8c, 0xe5, 0x87, 0xba, 0xe3, 0x82, 0x8b, 0xe3, 0x81, 0xae, 
	0xe3, 0x82, 0x92, 0xe9, 0x98, 0xb2, 0xe3, 0x81, 0x90, 0xa, 
	0x2f, 0x2f, 0x20, 0x20, 0x32, 0x2e, 0x20, 0xe6, 0xa8, 0xaa, 
	0xe7, 0x94, 0xbb, 0xe9, 0x9d, 0xa2, 0xe3, 0x81, 0xa7, 0xe8, 
	0xa1, 0xa8, 0xe7, 0xa4, 0xba, 0xe3, 0x81, 0x99, 0xe3, 0x82, 
	0x8b, 0xef, 0xbc, 0x88, 0xe5, 0x8f, 0xaf, 0xe8, 0x83, 0xbd, 
	0xe3, 0x81, 0xaa, 0xe3, 0x82, 0x89, 0xe5, 0x85, 0xa8, 0xe7, 
	0x94, 0xbb, 0xe9, 0x9d, 0xa2, 0xef, 0xbc, 0x8b, 0xe5, 0x90, 
	0x91, 0xe3, 0x81, 0x8d, 0xe3, 0x83, 0xad, 0xe3, 0x83, 0x83, 
	0xe3, 0x82, 0xaf, 0xe3, 0x80, 0x81, 0xe7, 0x84, 0xa1, 0xe7, 
	0x90, 0x86, 0xe3, 0x81, 0xaa, 0xe3, 0x82, 0x89, 0x20, 0x43, 
	0x53, 0x53, 0x20, 0xe3, 0x81, 0xa7, 0x20, 0x39, 0x30, 0xc2, 
	0xb0, 0x20, 0xe5, 0x9b, 0x9e, 0xe8, 0xbb, 0xa2, 0xef, 0xbc, 
	0x89, 0xa, 0x2f, 0x2f, 0x20, 0x20, 0x33, 0x2e, 0x20, 0xe7, 
	0x94, 0xbb, 0xe9, 0x9d, 0xa2, 0xe3, 0x81, 0xae, 0xe6, 0x8b, 
	0xa1, 0xe5, 0xa4, 0xa7, 0xef, 0xbc, 0x88, 0xe3, 0x83, 0x94, 
	0xe3, 0x83, 0xb3, 0xe3, 0x83, 0x81, 0xe3, 0x83, 0xbb, 0xe3, 
	0x83, 0x80, 0xe3, 0x83, 0x96, 0xe3, 0x83, 0xab, 0xe3, 0x82, 
	0xbf, 0xe3, 0x83, 0x83, 0xe3, 0x83, 0x97, 0xe3, 0x83, 0xbb, 
	0x43, 0x74, 0x72, 0x6c, 0x2b, 0xe3, 0x83, 0x9b, 0xe3, 0x82, 
	0xa4, 0xe3, 0x83, 0xbc, 0xe3, 0x83, 0xab, 0xe3, 0x83, 0xbb, 
	0x43, 0x74, 0x72, 0x6c, 0x2b, 0x2f, 0x2d, 0xef, 0xbc, 0x89, 
	0xe3, 0x82, 0x92, 0xe9, 0x98, 0xb2, 0xe3, 0x81, 0x90, 0xa, 
	0xa, 0x63, 0x6f, 0x6e, 0x73, 0x74, 0x20, 0x69, 0x73, 0x45, 
	0x64, 0x69, 0x74, 0x61, 0x62, 0x6c, 0x65, 0x20, 0x3d, 0x20, 
	0x28, 0x65, 0x6c, 0x29, 0x20, 0x3d, 0x3e, 0x20, 0x21, 0x21, 
	0x65, 0x6c, 0x3f, 0x2e, 0x63, 0x6c, 0x6f, 0x73, 0x65, 0x73, 
	0x74, 0x3f, 0x2e, 0x28, 0x27, 0x69, 0x6e, 0x70, 0x75, 0x74, 
	0x2c, 0x20, 0x74, 0x65, 0x78, 0x74, 0x61, 0x72, 0x65, 0x61, 
	0x2c, 0x20, 0x73, 0x65, 0x6c, 0x65, 0x63, 0x74, 0x2c, 0x20, 
	0x5b, 0x63, 0x6f, 0x6e, 0x74, 0x65, 0x6e, 0x74, 0x65, 0x64, 
	0x69, 0x74, 0x61, 0x62, 0x6c, 0x65, 0x3d, 0x22, 0x74, 0x72, 
	0x75, 0x65, 0x22, 0x5d, 0x27, 0x29, 0x3b, 0xa, 0xa, 0x65, 
	0x78, 0x70, 0x6f, 0x72, 0x74, 0x20, 0x66, 0x75, 0x6e, 0x63, 
	0x74, 0x69, 0x6f, 0x6e, 0x20, 0x69, 0x6e, 0x73, 0x74, 0x61, 
	0x6c, 0x6c, 0x53, 0x65, 0x6c, 0x65, 0x63, 0x74, 0x69, 0x6f, 
	0x6e, 0x47, 0x75, 0x61, 0x72, 0x64, 0x28, 0x29, 0x20, 0x7b, 
	0xa, 0x20, 0x20, 0x20, 0x20, 0x2f, 0x2f, 0x20, 0x69, 0x4f, 
	0x53, 0x20, 0x53, 0x61, 0x66, 0x61, 0x72, 0x69, 0x20, 0x2f, 
	0x20, 0x41, 0x6e, 0x64, 0x72, 0x6f, 0x69, 0x64, 0x20, 0x43, 
	0x68, 0x72, 0x6f, 0x6d, 0x65, 0x20, 0xe3, 0x81, 0xae, 0xe9, 
	0x95, 0xb7, 0xe6, 0x8a, 0xbc, 0xe3, 0x81, 0x97, 0xe9, 0x81, 
	0xb8, 0xe6, 0x8a, 0x9e, 0xe3, 0x81, 0xa8, 0xe3, 0x82, 0xb3, 
	0xe3, 0x83, 0xb3, 0xe3, 0x83, 0x86, 0xe3, 0x82, 0xad, 0xe3, 
	0x82, 0xb9, 0xe3, 0x83, 0x88, 0xe3, 0x83, 0xa1, 0xe3, 0x83, 
	0x8b, 0xe3, 0x83, 0xa5, 0xe3, 0x83, 0xbc, 0xe3, 0x82, 0x92, 
	0xe6, 0x8a, 0x91, 0xe6, 0xad, 0xa2, 0xa, 0x20, 0x20, 0x20, 
	0x20, 0x64, 0x6f, 0x63, 0x75, 0x6d, 0x65, 0x6e, 0x74, 0x2e, 
	0x61, 0x64, 0x64, 0x45, 0x76, 0x65, 0x6e, 0x74, 0x4c, 0x69, 
	0x73, 0x74, 0x65, 0x6e, 0x65, 0x72, 0x28, 0x27, 0x73, 0x65, 
	0x6c, 0x65, 0x63, 0x74, 0x73, 0x74, 0x61, 0x72, 0x74, 0x27, 
	0x2c, 0x20, 0x28, 0x65, 0x29, 0x20, 0x3d, 0x3e, 0x20, 0x7b, 
	0x20, 0x69, 0x66, 0x20, 0x28, 0x21, 0x69, 0x73, 0x45, 0x64, 
	0x69, 0x74, 0x61, 0x62, 0x6c, 0x65, 0x28, 0x65, 0x2e, 0x74, 
	0x61, 0x72, 0x67, 0x65, 0x74, 0x29, 0x29, 0x20, 0x65, 0x2e, 
	0x70, 0x72, 0x65, 0x76, 0x65, 0x6e, 0x74, 0x44, 0x65, 0x66, 
	0x61, 0x75, 0x6c, 0x74, 0x28, 0x29, 0x3b, 0x20, 0x7d, 0x29, 
	0x3b, 0xa, 0x20, 0x20, 0x20, 0x20, 0x64, 0x6f, 0x63, 0x75, 
	0x6d, 0x65, 0x6e, 0x74, 0x2e, 0x61, 0x64, 0x64, 0x45, 0x76, 
	0x65, 0x6e, 0x74, 0x4c, 0x69, 0x73, 0x74, 0x65, 0x6e, 0x65, 
	0x72, 0x28, 0x27, 0x63, 0x6f, 0x6e, 0x74, 0x65, 0x78, 0x74, 
	0x6d, 0x65, 0x6e, 0x75, 0x27, 0x2c, 0x20, 0x28, 0x65, 0x29, 
	0x20, 0x3d, 0x3e, 0x20, 0x7b, 0x20, 0x69, 0x66, 0x20, 0x28, 
	0x21, 0x69, 0x73, 0x45, 0x64, 0x69, 0x74, 0x61, 0x62, 0x6c, 
	0x65, 0x28, 0x65, 0x2e, 0x74, 0x61, 0x72, 0x67, 0x65, 0x74, 
	0x29, 0x29, 0x20, 0x65, 0x2e, 0x70, 0x72, 0x65, 0x76, 0x65, 
	0x6e, 0x74, 0x44, 0x65, 0x66, 0x61, 0x75, 0x6c, 0x74, 0x28, 
	0x29, 0x3b, 0x20, 0x7d, 0x29, 0x3b, 0xa, 0x20, 0x20, 0x20, 
	0x20, 0x2f, 0x2f, 0x20, 0xe6, 0x97, 0xa2, 0xe3, 0x81, 0xab, 
	0xe4, 0xbb, 0x98, 0xe3, 0x81, 0x84, 0xe3, 0x81, 0xa6, 0xe3, 
	0x81, 0x97, 0xe3, 0x81, 0xbe, 0xe3, 0x81, 0xa3, 0xe3, 0x81, 
	0x9f, 0xe9, 0x81, 0xb8, 0xe6, 0x8a, 0x9e, 0xe7, 0xaf, 0x84, 
	0xe5, 0x9b, 0xb2, 0xe3, 0x81, 0xaf, 0xe3, 0x82, 0xbf, 0xe3, 
	0x83, 0x83, 0xe3, 0x83, 0x81, 0xe9, 0x96, 0x8b, 0xe5, 0xa7, 
	0x8b, 0xe6, 0x99, 0x82, 0xe3, 0x81, 0xab, 0xe8, 0xa7, 0xa3, 
	0xe9, 0x99, 0xa4, 0xe3, 0x81, 0x99, 0xe3, 0x82, 0x8b, 0xa, 
	0x20, 0x20, 0x20, 0x20, 0x64, 0x6f, 0x63, 0x75, 0x6d, 0x65, 
	0x6e, 0x74, 0x2e, 0x61, 0x64, 0x64, 0x45, 0x76, 0x65, 0x6e, 
	0x74, 0x4c, 0x69, 0x73, 0x74, 0x65, 0x6e, 0x65, 0x72, 0x28, 
	0x27, 0x70, 0x6f, 0x69, 0x6e, 0x74, 0x65, 0x72, 0x64, 0x6f, 
	0x77, 0x6e, 0x27, 0x2c, 0x20, 0x28, 0x65, 0x29, 0x20, 0x3d, 
	0x3e, 0x20, 0x7b, 0xa, 0x20, 0x20, 0x20, 0x20, 0x20, 0x20, 
	0x20, 0x20, 0x69, 0x66, 0x20, 0x28, 0x69, 0x73, 0x45, 0x64, 
	0x69, 0x74, 0x61, 0x62, 0x6c, 0x65, 0x28, 0x65, 0x2e, 0x74, 
	0x61, 0x72, 0x67, 0x65, 0x74, 0x29, 0x29, 0x20, 0x72, 0x65, 
	0x74, 0x75, 0x72, 0x6e, 0x3b, 0xa, 0x20, 0x20, 0x20, 0x20, 
	0x20, 0x20, 0x20, 0x20, 0x63, 0x6f, 0x6e, 0x73, 0x74, 0x20, 
	0x73, 0x65, 0x6c, 0x20, 0x3d, 0x20, 0x77, 0x69, 0x6e, 0x64, 
	0x6f, 0x77, 0x2e, 0x67, 0x65, 0x74, 0x53, 0x65, 0x6c, 0x65, 
	0x63, 0x74, 0x69, 0x6f, 0x6e, 0x3f, 0x2e, 0x28, 0x29, 0x3b, 
	0xa, 0x20, 0x20, 0x20, 0x20, 0x20, 0x20, 0x20, 0x20, 0x69, 
	0x66, 0x20, 0x28, 0x73, 0x65, 0x6c, 0x20, 0x26, 0x26, 0x20, 
	0x73, 0x65, 0x6c, 0x2e, 0x72, 0x61, 0x6e, 0x67, 0x65, 0x43, 
	0x6f, 0x75, 0x6e, 0x74, 0x20, 0x3e, 0x20, 0x30, 0x29, 0x20, 
	0x73, 0x65, 0x6c, 0x2e, 0x72, 0x65, 0x6d, 0x6f, 0x76, 0x65, 
	0x41, 0x6c, 0x6c, 0x52, 0x61, 0x6e, 0x67, 0x65, 0x73, 0x28, 
	0x29, 0x3b, 0xa, 0x20, 0x20, 0x20, 0x20, 0x7d, 0x2c, 0x20, 
	0x7b, 0x20, 0x63, 0x61, 0x70, 0x74, 0x75, 0x72, 0x65, 0x3a, 
	0x20, 0x74, 0x72, 0x75, 0x65, 0x20, 0x7d, 0x29, 0x3b, 0xa, 
	0x7d, 0xa, 0xa, 0x65, 0x78, 0x70, 0x6f, 0x72, 0x74, 0x20, 
	0x66, 0x75, 0x6e, 0x63, 0x74, 0x69, 0x6f, 0x6e, 0x20, 0x69, 
	0x6e, 0x73, 0x74, 0x61, 0x6c, 0x6c, 0x5a, 0x6f, 0x6f, 0x6d, 
	0x47, 0x75, 0x61, 0x72, 0x64, 0x28, 0x29, 0x20, 0x7b, 0xa, 
	0x20, 0x20, 0x20, 0x20, 0x2f, 0x2f, 0x20, 0x76, 0x69, 0x65, 
	0x77, 0x70, 0x6f, 0x72, 0x74, 0x20, 0xe3, 0x81, 0xae, 0x20, 
	0x75, 0x73, 0x65, 0x72, 0x2d, 0x73, 0x63, 0x61, 0x6c, 0x61, 
	0x62, 0x6c, 0x65, 0x3d, 0x6e, 0x6f, 0x20, 0xe3, 0x81, 0xa8, 
	0x20, 0x43, 0x53, 0x53, 0x20, 0xe3, 0x81, 0xae, 0x20, 0x74, 
	0x6f, 0x75, 0x63, 0x68, 0x2d, 0x61, 0x63, 0x74, 0x69, 0x6f, 
	0x6e, 0x20, 0xe3, 0x81, 0xa7, 0xe5, 0xa4, 0xa7, 0xe5, 0x8d, 
	0x8a, 0xe3, 0x81, 0xaf, 0xe6, 0xad, 0xa2, 0xe3, 0x81, 0xbe, 
	0xe3, 0x82, 0x8b, 0xe3, 0x81, 0x8c, 0xe3, 0x80, 0x81, 0xa, 
	0x20, 0x20, 0x20, 0x20, 0x2f, 0x2f, 0x20, 0x69, 0x4f, 0x53, 
	0x20, 0x53, 0x61, 0x66, 0x61, 0x72, 0x69, 0x20, 0xe3, 0x81, 
	0xaf, 0x20, 0x75, 0x73, 0x65, 0x72, 0x2d, 0x73, 0x63, 0x61, 
	0x6c, 0x61, 0x62, 0x6c, 0x65, 0x20, 0xe3, 0x82, 0x92, 0xe7, 
	0x84, 0xa1, 0xe8, 0xa6, 0x96, 0xe3, 0x81, 0x99, 0xe3, 0x82, 
	0x8b, 0xe3, 0x81, 0xae, 0xe3, 0x81, 0xa7, 0x20, 0x67, 0x65, 
	0x73, 0x74, 0x75, 0x72, 0x65, 0x2a, 0x20, 0xe3, 0x82, 0xa4, 
	0xe3, 0x83, 0x99, 0xe3, 0x83, 0xb3, 0xe3, 0x83, 0x88, 0xe3, 
	0x82, 0x82, 0xe6, 0xad, 0xa2, 0xe3, 0x82, 0x81, 0xe3, 0x82, 
	0x8b, 0xe3, 0x80, 0x82, 0xa, 0x20, 0x20, 0x20, 0x20, 0x63, 
	0x6f, 0x6e, 0x73, 0x74, 0x20, 0x62, 0x6c, 0x6f, 0x63, 0x6b, 
	0x20, 0x3d, 0x20, 0x28, 0x65, 0x29, 0x20, 0x3d, 0x3e, 0x20, 
	0x65, 0x2e, 0x70, 0x72, 0x65, 0x76, 0x65, 0x6e, 0x74, 0x44, 
	0x65, 0x66, 0x61, 0x75, 0x6c, 0x74, 0x28, 0x29, 0x3b, 0xa, 
	0x20, 0x20, 0x20, 0x20, 0x5b, 0x27, 0x67, 0x65, 0x73, 0x74, 
	0x75, 0x72, 0x65, 0x73, 0x74, 0x61, 0x72, 0x74, 0x27, 0x2c, 
	0x20, 0x27, 0x67, 0x65, 0x73, 0x74, 0x75, 0x72, 0x65, 0x63, 
	0x68, 0x61, 0x6e, 0x67, 0x65, 0x27, 0x2c, 0x20, 0x27, 0x67, 
	0x65, 0x73, 0x74, 0x75, 0x72, 0x65, 0x65, 0x6e, 0x64, 0x27, 
	0x5d, 0x2e, 0x66, 0x6f, 0x72, 0x45, 0x61, 0x63, 0x68, 0x28, 
	0x28, 0x74, 0x29, 0x20, 0x3d, 0x3e, 0xa, 0x20, 0x20, 0x20, 
	0x20, 0x20, 0x20, 0x20, 0x20, 0x64, 0x6f, 0x63, 0x75, 0x6d, 
	0x65, 0x6e, 0x74, 0x2e, 0x61, 0x64, 0x64, 0x45, 0x76, 0x65, 
	0x6e, 0x74, 0x4c, 0x69, 0x73, 0x74, 0x65, 0x6e, 0x65, 0x72, 
	0x28, 0x74, 0x2c, 0x20, 0x62, 0x6c, 0x6f, 0x63, 0x6b, 0x2c, 
	0x20, 0x7b, 0x20, 0x70, 0x61, 0x73, 0x73, 0x69, 0x76, 0x65, 
	0x3a, 0x20, 0x66, 0x61, 0x6c, 0x73, 0x65, 0x20, 0x7d, 0x29, 
	0x29, 0x3b, 0xa, 0x20, 0x20, 0x20, 0x20, 0x2f, 0x2f, 0x20, 
	0x32, 0xe6, 0x9c, 0xac, 0xe6, 0x8c, 0x87, 0xe4, 0xbb, 0xa5, 
	0xe4, 0xb8, 0x8a, 0xe3, 0x81, 0xae, 0xe3, 0x82, 0xbf, 0xe3, 
	0x83, 0x83, 0xe3, 0x83, 0x81, 0xe7, 0xa7, 0xbb, 0xe5, 0x8b, 
	0x95, 0xef, 0xbc, 0x88, 0xe3, 0x83, 0x94, 0xe3, 0x83, 0xb3, 
	0xe3, 0x83, 0x81, 0xef, 0xbc, 0x89, 0xe3, 0x81, 0xaf, 0xe3, 
	0x83, 0x96, 0xe3, 0x83, 0xa9, 0xe3, 0x82, 0xa6, 0xe3, 0x82, 
	0xb6, 0xe6, 0x97, 0xa2, 0xe5, 0xae, 0x9a, 0xe5, 0x8b, 0x95, 
	0xe4, 0xbd, 0x9c, 0xe3, 0x81, 0xa0, 0xe3, 0x81, 0x91, 0xe6, 
	0xad, 0xa2, 0xe3, 0x82, 0x81, 0xe3, 0x82, 0x8b, 0xe3, 0x80, 
	0x82, 0xa, 0x20, 0x20, 0x20, 0x20, 0x2f, 0x2f, 0x20, 0xe6, 
	0x93, 0x8d, 0xe4, 0xbd, 0x9c, 0xe3, 0x83, 0x91, 0xe3, 0x83, 
	0x83, 0xe3, 0x83, 0x89, 0xe3, 0x81, 0xaf, 0x20, 0x70, 0x6f, 
	0x69, 0x6e, 0x74, 0x65, 0x72, 0x20, 0xe3, 0x82, 0xa4, 0xe3, 
	0x83, 0x99, 0xe3, 0x83, 0xb3, 0xe3, 0x83, 0x88, 0xe3, 0x81, 
	0xa7, 0xe5, 0x8b, 0x95, 0xe3, 0x81, 0x8f, 0xe3, 0x81, 0xae, 
	0xe3, 0x81, 0xa7, 0xe3, 0x80, 0x81, 0xe5, 0xb7, 0xa6, 0xe5, 
	0x8f, 0xb3, 0xe5, 0x90, 0x8c, 0xe6, 0x99, 0x82, 0xe6, 0x8a, 
	0xbc, 0xe3, 0x81, 0x97, 0xe3, 0x81, 0xab, 0xe3, 0x81, 0xaf, 
	0xe5, 0xbd, 0xb1, 0xe9, 0x9f, 0xbf, 0xe3, 0x81, 0x97, 0xe3, 
	0x81, 0xaa, 0xe3, 0x81, 0x84, 0xe3, 0x80, 0x82, 0xa, 0x20, 
	0x20, 0x20, 0x20, 0x64, 0x6f, 0x63, 0x75, 0x6d, 0x65, 0x6e, 
	0x74, 0x2e, 0x61, 0x64, 0x64, 0x45, 0x76, 0x65, 0x6e, 0x74, 
	0x4c, 0x69, 0x73, 0x74, 0x65, 0x6e, 0x65, 0x72, 0x28, 0x27, 
	0x74, 0x6f, 0x75, 0x63, 0x68, 0x6d, 0x6f, 0x76, 0x65, 0x27, 
	0x2c, 0x20, 0x28, 0x65, 0x29, 0x20, 0x3d, 0x3e, 0x20, 0x7b, 
	0xa, 0x20, 0x20, 0x20, 0x20, 0x20, 0x20, 0x20, 0x20, 0x69, 
	0x66, 0x20, 0x28, 0x65, 0x2e, 0x74, 0x6f, 0x75, 0x63, 0x68, 
	0x65, 0x73, 0x2e, 0x6c, 0x65, 0x6e, 0x67, 0x74, 0x68, 0x20, 
	0x3e, 0x20, 0x31, 0x29, 0x20, 0x65, 0x2e, 0x70, 0x72, 0x65, 
	0x76, 0x65, 0x6e, 0x74, 0x44, 0x65, 0x66, 0x61, 0x75, 0x6c, 
	0x74, 0x28, 0x29, 0x3b, 0xa, 0x20, 0x20, 0x20, 0x20, 0x7d, 
	0x2c, 0x20, 0x7b, 0x20, 0x70, 0x61, 0x73, 0x73, 0x69, 0x76, 
	0x65, 0x3a, 0x20, 0x66, 0x61, 0x6c, 0x73, 0x65, 0x20, 0x7d, 
	0x29, 0x3b, 0xa, 0x20, 0x20, 0x20, 0x20, 0x2f, 0x2f, 0x20, 
	0x50, 0x43, 0x3a, 0x20, 0x43, 0x74, 0x72, 0x6c, 0x28, 0xe2, 
	0x8c, 0x98, 0x29, 0x2b, 0xe3, 0x83, 0x9b, 0xe3, 0x82, 0xa4, 
	0xe3, 0x83, 0xbc, 0xe3, 0x83, 0xab, 0x20, 0x2f, 0x20, 0xe3, 
	0x83, 0x88, 0xe3, 0x83, 0xa9, 0xe3, 0x83, 0x83, 0xe3, 0x82, 
	0xaf, 0xe3, 0x83, 0x91, 0xe3, 0x83, 0x83, 0xe3, 0x83, 0x89, 
	0xe3, 0x81, 0xae, 0xe3, 0x83, 0x94, 0xe3, 0x83, 0xb3, 0xe3, 
	0x83, 0x81, 0xe3, 0x80, 0x81, 0x43, 0x74, 0x72, 0x6c, 0x28, 
	0xe2, 0x8c, 0x98, 0x29, 0x20, 0x2b, 0x20, 0x27, 0x2b, 0x27, 
	0x20, 0x27, 0x2d, 0x27, 0x20, 0x27, 0x30, 0x27, 0xa, 0x20, 
	0x20, 0x20, 0x20, 0x64, 0x6f, 0x63, 0x75, 0x6d, 0x65, 0x6e, 
	0x74, 0x2e, 0x61, 0x64, 0x64, 0x45, 0x76, 0x65, 0x6e, 0x74, 
	0x4c, 0x69, 0x73, 0x74, 0x65, 0x6e, 0x65, 0x72, 0x28, 0x27, 
	0x77, 0x68, 0x65, 0x65, 0x6c, 0x27, 0x2c, 0x20, 0x28, 0x65, 
	0x29, 0x20, 0x3d, 0x3e, 0x20, 0x7b, 0xa, 0x20, 0x20, 0x20, 
	0x20, 0x20, 0x20, 0x20, 0x20, 0x69, 0x66, 0x20, 0x28, 0x65, 
	0x2e, 0x63, 0x74, 0x72, 0x6c, 0x4b, 0x65, 0x79, 0x20, 0x7c, 
	0x7c, 0x20, 0x65, 0x2e, 0x6d, 0x65, 0x74, 0x61, 0x4b, 0x65, 
	0x79, 0x29, 0x20, 0x65, 0x2e, 0x70, 0x72, 0x65, 0x76, 0x65, 
	0x6e, 0x74, 0x44, 0x65, 0x66, 0x61, 0x75, 0x6c, 0x74, 0x28, 
	0x29, 0x3b, 0xa, 0x20, 0x20, 0x20, 0x20, 0x7d, 0x2c, 0x20, 
	0x7b, 0x20, 0x70, 0x61, 0x73, 0x73, 0x69, 0x76, 0x65, 0x3a, 
	0x20, 0x66, 0x61, 0x6c, 0x73, 0x65, 0x20, 0x7d, 0x29, 0x3b, 
	0xa, 0x20, 0x20, 0x20, 0x20, 0x64, 0x6f, 0x63, 0x75, 0x6d, 
	0x65, 0x6e, 0x74, 0x2e, 0x61, 0x64, 0x64, 0x45, 0x76, 0x65, 
	0x6e, 0x74, 0x4c, 0x69, 0x73, 0x74, 0x65, 0x6e, 0x65, 0x72, 
	0x28, 0x27, 0x6b, 0x65, 0x79, 0x64, 0x6f, 0x77, 0x6e, 0x27, 
	0x2c, 0x20, 0x28, 0x65, 0x29, 0x20, 0x3d, 0x3e, 0x20, 0x7b, 
	0xa, 0x20, 0x20, 0x20, 0x20, 0x20, 0x20, 0x20, 0x20, 0x69, 
	0x66, 0x20, 0x28, 0x28, 0x65, 0x2e, 0x63, 0x74, 0x72, 0x6c, 
	0x4b, 0x65, 0x79, 0x20, 0x7c, 0x7c, 0x20, 0x65, 0x2e, 0x6d, 
	0x65, 0x74, 0x61, 0x4b, 0x65, 0x79, 0x29, 0x20, 0x26, 0x26, 
	0x20, 0x5b, 0x27, 0x2b, 0x27, 0x2c, 0x20, 0x27, 0x2d, 0x27, 
	0x2c, 0x20, 0x27, 0x3d, 0x27, 0x2c, 0x20, 0x27, 0x30, 0x27, 
	0x2c, 0x20, 0x27, 0x3b, 0x27, 0x2c, 0x20, 0x27, 0x5f, 0x27, 
	0x5d, 0x2e, 0x69, 0x6e, 0x63, 0x6c, 0x75, 0x64, 0x65, 0x73, 
	0x28, 0x65, 0x2e, 0x6b, 0x65, 0x79, 0x29, 0x29, 0x20, 0x65, 
	0x2e, 0x70, 0x72, 0x65, 0x76, 0x65, 0x6e, 0x74, 0x44, 0x65, 
	0x66, 0x61, 0x75, 0x6c, 0x74, 0x28, 0x29, 0x3b, 0xa, 0x20, 
	0x20, 0x20, 0x20, 0x7d, 0x29, 0x3b, 0xa, 0x7d, 0xa, 0xa, 
	0x65, 0x78, 0x70, 0x6f, 0x72, 0x74, 0x20, 0x66, 0x75, 0x6e, 
	0x63, 0x74, 0x69, 0x6f, 0x6e, 0x20, 0x69, 0x6e, 0x73, 0x74, 
	0x61, 0x6c, 0x6c, 0x4c, 0x61, 0x6e, 0x64, 0x73, 0x63, 0x61, 
	0x70, 0x65, 0x28, 0x29, 0x20, 0x7b, 0xa, 0x20, 0x20, 0x20, 
	0x20, 0x63, 0x6f, 0x6e, 0x73, 0x74, 0x20, 0x63, 0x6f, 0x61, 
	0x72, 0x73, 0x65, 0x20, 0x3d, 0x20, 0x77, 0x69, 0x6e, 0x64, 
	0x6f, 0x77, 0x2e, 0x6d, 0x61, 0x74, 0x63, 0x68, 0x4d, 0x65, 
	0x64, 0x69, 0x61, 0x3f, 0x2e, 0x28, 0x27, 0x28, 0x70, 0x6f, 
	0x69, 0x6e, 0x74, 0x65, 0x72, 0x3a, 0x20, 0x63, 0x6f, 0x61, 
	0x72, 0x73, 0x65, 0x29, 0x27, 0x29, 0x2e, 0x6d, 0x61, 0x74, 
	0x63, 0x68, 0x65, 0x73, 0x3b, 0xa, 0x20, 0x20, 0x20, 0x20, 
	0x69, 0x66, 0x20, 0x28, 0x21, 0x63, 0x6f, 0x61, 0x72, 0x73, 
	0x65, 0x29, 0x20, 0x72, 0x65, 0x74, 0x75, 0x72, 0x6e, 0x3b, 
	0x20, 0x2f, 0x2f, 0x20, 0x50, 0x43, 0x20, 0xe3, 0x81, 0xa7, 
	0xe3, 0x81, 0xaf, 0xe4, 0xbd, 0x95, 0xe3, 0x82, 0x82, 0xe3, 
	0x81, 0x97, 0xe3, 0x81, 0xaa, 0xe3, 0x81, 0x84, 0xa, 0xa, 
	0x20, 0x20, 0x20, 0x20, 0x2f, 0x2f, 0x20, 0x41, 0x6e, 0x64, 
	0x72, 0x6f, 0x69, 0x64, 0x20, 0x43, 0x68, 0x72, 0x6f, 0x6d, 
	0x65, 0x20, 0xe3, 0x81, 0xaa, 0xe3, 0x81, 0xa9, 0xe3, 0x81, 
	0xaf, 0xe5, 0x85, 0xa8, 0xe7, 0x94, 0xbb, 0xe9, 0x9d, 0xa2, 
	0xe3, 0x81, 0xab, 0xe3, 0x81, 0x99, 0xe3, 0x82, 0x8b, 0xe3, 
	0x81, 0xa8, 0xe5, 0x90, 0x91, 0xe3, 0x81, 0x8d, 0xe3, 0x82, 
	0x92, 0xe3, 0x83, 0xad, 0xe3, 0x83, 0x83, 0xe3, 0x82, 0xaf, 
	0xe3, 0x81, 0xa7, 0xe3, 0x81, 0x8d, 0xe3, 0x82, 0x8b, 0xe3, 
	0x80, 0x82, 0xa, 0x20, 0x20, 0x20, 0x20, 0x2f, 0x2f, 0x20, 
	0x69, 0x50, 0x68, 0x6f, 0x6e, 0x65, 0x20, 0x53, 0x61, 0x66, 
	0x61, 0x72, 0x69, 0x20, 0xe3, 0x81, 0xaf, 0xe6, 0x9c, 0xaa, 
	0xe5, 0xaf, 0xbe, 0xe5, 0xbf, 0x9c, 0xe3, 0x81, 0xaa, 0xe3, 
	0x81, 0xae, 0xe3, 0x81, 0xa7, 0xe3, 0x80, 0x81, 0xe7, 0xb8, 
	0xa6, 0xe6, 0x8c, 0x81, 0xe3, 0x81, 0xa1, 0xe3, 0x81, 0xae, 
	0xe9, 0x96, 0x93, 0xe3, 0x81, 0xaf, 0x20, 0x73, 0x74, 0x79, 
	0x6c, 0x65, 0x2e, 0x63, 0x73, 0x73, 0x20, 0xe3, 0x81, 0xae, 
	0xa, 0x20, 0x20, 0x20, 0x20, 0x2f, 0x2f, 0x20, 0x40, 0x6d, 
	0x65, 0x64, 0x69, 0x61, 0x20, 0x28, 0x6f, 0x72, 0x69, 0x65, 
	0x6e, 0x74, 0x61, 0x74, 0x69, 0x6f, 0x6e, 0x3a, 0x20, 0x70, 
	0x6f, 0x72, 0x74, 0x72, 0x61, 0x69, 0x74, 0x29, 0x20, 0x61, 
	0x6e, 0x64, 0x20, 0x28, 0x70, 0x6f, 0x69, 0x6e, 0x74, 0x65, 
	0x72, 0x3a, 0x20, 0x63, 0x6f, 0x61, 0x72, 0x73, 0x65, 0x29, 
	0x20, 0xe3, 0x81, 0x8c, 0xe7, 0x94, 0xbb, 0xe9, 0x9d, 0xa2, 
	0xe3, 0x82, 0x92, 0x20, 0x39, 0x30, 0xc2, 0xb0, 0x20, 0xe5, 
	0x9b, 0x9e, 0xe8, 0xbb, 0xa2, 0xe3, 0x81, 0x95, 0xe3, 0x81, 
	0x9b, 0xe3, 0x82, 0x8b, 0xe3, 0x80, 0x82, 0xa, 0x20, 0x20, 
	0x20, 0x20, 0x6c, 0x65, 0x74, 0x20, 0x74, 0x72, 0x69, 0x65, 
	0x64, 0x20, 0x3d, 0x20, 0x66, 0x61, 0x6c, 0x73, 0x65, 0x3b, 
	0xa, 0x20, 0x20, 0x20, 0x20, 0x63, 0x6f, 0x6e, 0x73, 0x74, 
	0x20, 0x74, 0x72, 0x79, 0x4c, 0x6f, 0x63, 0x6b, 0x20, 0x3d, 
	0x20, 0x61, 0x73, 0x79, 0x6e, 0x63, 0x20, 0x28, 0x65, 0x29, 
	0x20, 0x3d, 0x3e, 0x20, 0x7b, 0xa, 0x20, 0x20, 0x20, 0x20, 
	0x20, 0x20, 0x20, 0x20, 0x2f, 0x2f, 0x20, 0xe6, 0x93, 0x8d, 
	0xe4, 0xbd, 0x9c, 0xe3, 0x83, 0x91, 0xe3, 0x83, 0x83, 0xe3, 
	0x83, 0x89, 0xe3, 0x81, 0xa7, 0xe3, 0x81, 0xae, 0xe6, 0x9c, 
	0x80, 0xe5, 0x88, 0x9d, 0xe3, 0x81, 0xae, 0xe3, 0x82, 0xbf, 
	0xe3, 0x83, 0x83, 0xe3, 0x83, 0x81, 0xe3, 0x81, 0xaf, 0xe9, 
	0x81, 0x8b, 0xe8, 0xbb, 0xa2, 0xe6, 0x93, 0x8d, 0xe4, 0xbd, 
	0x9c, 0xe3, 0x81, 0xaa, 0xe3, 0x81, 0xae, 0xe3, 0x81, 0xa7, 
	0xe3, 0x80, 0x81, 0xe5, 0x85, 0xa8, 0xe7, 0x94, 0xbb, 0xe9, 
	0x9d, 0xa2, 0xe9, 0x81, 0xb7, 0xe7, 0xa7, 0xbb, 0xe3, 0x81, 
	0xa7, 0xe9, 0x82, 0xaa, 0xe9, 0xad, 0x94, 0xe3, 0x81, 0x97, 
	0xe3, 0x81, 0xaa, 0xe3, 0x81, 0x84, 0xa, 0x20, 0x20, 0x20, 
	0x20, 0x20, 0x20, 0x20, 0x20, 0x69, 0x66, 0x20, 0x28, 0x74, 
	0x72, 0x69, 0x65, 0x64, 0x20, 0x7c, 0x7c, 0x20, 0x65, 0x2e, 
	0x74, 0x61, 0x72, 0x67, 0x65, 0x74, 0x3f, 0x2e, 0x63, 0x6c, 
	0x6f, 0x73, 0x65, 0x73, 0x74, 0x3f, 0x2e, 0x28, 0x27, 0x2e, 
	0x70, 0x61, 0x64, 0x27, 0x29, 0x29, 0x20, 0x72, 0x65, 0x74, 
	0x75, 0x72, 0x6e, 0x3b, 0xa, 0x20, 0x20, 0x20, 0x20, 0x20, 
	0x20, 0x20, 0x20, 0x74, 0x72, 0x69, 0x65, 0x64, 0x20, 0x3d, 
	0x20, 0x74, 0x72, 0x75, 0x65, 0x3b, 0xa, 0x20, 0x20, 0x20, 
	0x20, 0x20, 0x20, 0x20, 0x20, 0x74, 0x72, 0x79, 0x20, 0x7b, 
	0xa, 0x20, 0x20, 0x20, 0x20, 0x20, 0x20, 0x20, 0x20, 0x20, 
	0x20, 0x20, 0x20, 0x69, 0x66, 0x20, 0x28, 0x21, 0x64, 0x6f, 
	0x63, 0x75, 0x6d, 0x65, 0x6e, 0x74, 0x2e, 0x66, 0x75, 0x6c, 
	0x6c, 0x73, 0x63, 0x72, 0x65, 0x65, 0x6e, 0x45, 0x6c, 0x65, 
	0x6d, 0x65, 0x6e, 0x74, 0x20, 0x26, 0x26, 0x20, 0x64, 0x6f, 
	0x63, 0x75, 0x6d, 0x65, 0x6e, 0x74, 0x2e, 0x64, 0x6f, 0x63, 
	0x75, 0x6d, 0x65, 0x6e, 0x74, 0x45, 0x6c, 0x65, 0x6d, 0x65, 
	0x6e, 0x74, 0x2e, 0x72, 0x65, 0x71, 0x75, 0x65, 0x73, 0x74, 
	0x46, 0x75, 0x6c, 0x6c, 0x73, 0x63, 0x72, 0x65, 0x65, 0x6e, 
	0x29, 0x20, 0x7b, 0xa, 0x20, 0x20, 0x20, 0x20, 0x20, 0x20, 
	0x20, 0x20, 0x20, 0x20, 0x20, 0x20, 0x20, 0x20, 0x20, 0x20, 
	0x61, 0x77, 0x61, 0x69, 0x74, 0x20, 0x64, 0x6f, 0x63, 0x75, 
	0x6d, 0x65, 0x6e, 0x74, 0x2e, 0x64, 0x6f, 0x63, 0x75, 0x6d, 
	0x65, 0x6e, 0x74, 0x45, 0x6c, 0x65, 0x6d, 0x65, 0x6e, 0x74, 
	0x2e, 0x72, 0x65, 0x71, 0x75, 0x65, 0x73, 0x74, 0x46, 0x75, 
	0x6c, 0x6c, 0x73, 0x63, 0x72, 0x65, 0x65, 0x6e, 0x28, 0x7b, 
	0x20, 0x6e, 0x61, 0x76, 0x69, 0x67, 0x61, 0x74, 0x69, 0x6f, 
	0x6e, 0x55, 0x49, 0x3a, 0x20, 0x27, 0x68, 0x69, 0x64, 0x65, 
	0x27, 0x20, 0x7d, 0x29, 0x3b, 0xa, 0x20, 0x20, 0x20, 0x20, 
	0x20, 0x20, 0x20, 0x20, 0x20, 0x20, 0x20, 0x20, 0x7d, 0xa, 
	0x20, 0x20, 0x20, 0x20, 0x20, 0x20, 0x20, 0x20, 0x20, 0x20, 
	0x20, 0x20, 0x61, 0x77, 0x61, 0x69, 0x74, 0x20, 0x73, 0x63, 
	0x72, 0x65, 0x65, 0x6e, 0x2e, 0x6f, 0x72, 0x69, 0x65, 0x6e, 
	0x74, 0x61, 0x74, 0x69, 0x6f, 0x6e, 0x3f, 0x2e, 0x6c, 0x6f, 
	0x63, 0x6b, 0x3f, 0x2e, 0x28, 0x27, 0x6c, 0x61, 0x6e, 0x64, 
	0x73, 0x63, 0x61, 0x70, 0x65, 0x27, 0x29, 0x3b, 0xa, 0x20, 
	0x20, 0x20, 0x20, 0x20, 0x20, 0x20, 0x20, 0x7d, 0x20, 0x63, 
	0x61, 0x74, 0x63, 0x68, 0x20, 0x28, 0x5f, 0x29, 0x20, 0x7b, 
	0xa, 0x20, 0x20, 0x20, 0x20, 0x20, 0x20, 0x20, 0x20, 0x20, 
	0x20, 0x20, 0x20, 0x2f, 0x2f, 0x20, 0xe6, 0x9c, 0xaa, 0xe5, 
	0xaf, 0xbe, 0xe5, 0xbf, 0x9c, 0xe3, 0x83, 0x96, 0xe3, 0x83, 
	0xa9, 0xe3, 0x82, 0xa6, 0xe3, 0x82, 0xb6, 0xe3, 0x81, 0xaf, 
	0x20, 0x43, 0x53, 0x53, 0x20, 0xe5, 0x9b, 0x9e, 0xe8, 0xbb, 
	0xa2, 0xe3, 0x81, 0xa7, 0xe8, 0xa1, 0xa8, 0xe7, 0xa4, 0xba, 
	0xe3, 0x81, 0x99, 0xe3, 0x82, 0x8b, 0xa, 0x20, 0x20, 0x20, 
	0x20, 0x20, 0x20, 0x20, 0x20, 0x7d, 0xa, 0x20, 0x20, 0x20, 
	0x20, 0x7d, 0x3b, 0xa, 0x20, 0x20, 0x20, 0x20, 0x64, 0x6f, 
	0x63, 0x75, 0x6d, 0x65, 0x6e, 0x74, 0x2e, 0x61, 0x64, 0x64, 
	0x45, 0x76, 0x65, 0x6e, 0x74, 0x4c, 0x69, 0x73, 0x74, 0x65, 
	0x6e, 0x65, 0x72, 0x28, 0x27, 0x70, 0x6f, 0x69, 0x6e, 0x74, 
	0x65, 0x72, 0x75, 0x70, 0x27, 0x2c, 0x20, 0x74, 0x72, 0x79, 
	0x4c, 0x6f, 0x63, 0x6b, 0x2c, 0x20, 0x7b, 0x20, 0x63, 0x61, 
	0x70, 0x74, 0x75, 0x72, 0x65, 0x3a, 0x20, 0x74, 0x72, 0x75, 
	0x65, 0x20, 0x7d, 0x29, 0x3b, 0xa, 0x7d, 0xa, };

static const unsigned char data_js_state_machine_js[] = {
	/* /js/state-machine.js */
	0x2f, 0x6a, 0x73, 0x2f, 0x73, 0x74, 0x61, 0x74, 0x65, 0x2d, 0x6d, 0x61, 0x63, 0x68, 0x69, 0x6e, 0x65, 0x2e, 0x6a, 0x73, 0,
	0x48, 0x54, 0x54, 0x50, 0x2f, 0x31, 0x2e, 0x30, 0x20, 0x32, 
	0x30, 0x30, 0x20, 0x4f, 0x4b, 0xd, 0xa, 0x53, 0x65, 0x72, 
	0x76, 0x65, 0x72, 0x3a, 0x20, 0x6c, 0x77, 0x49, 0x50, 0x2f, 
	0x70, 0x72, 0x65, 0x2d, 0x30, 0x2e, 0x36, 0x20, 0x28, 0x68, 
	0x74, 0x74, 0x70, 0x3a, 0x2f, 0x2f, 0x77, 0x77, 0x77, 0x2e, 
	0x73, 0x69, 0x63, 0x73, 0x2e, 0x73, 0x65, 0x2f, 0x7e, 0x61, 
	0x64, 0x61, 0x6d, 0x2f, 0x6c, 0x77, 0x69, 0x70, 0x2f, 0x29, 
	0xd, 0xa, 0x43, 0x6f, 0x6e, 0x74, 0x65, 0x6e, 0x74, 0x2d, 
	0x74, 0x79, 0x70, 0x65, 0x3a, 0x20, 0x61, 0x70, 0x70, 0x6c, 
	0x69, 0x63, 0x61, 0x74, 0x69, 0x6f, 0x6e, 0x2f, 0x6a, 0x61, 
	0x76, 0x61, 0x73, 0x63, 0x72, 0x69, 0x70, 0x74, 0xd, 0xa, 
	0xd, 0xa, 0x2f, 0x2a, 0xa, 0x20, 0x2a, 0x20, 0x57, 0x65, 
	0x62, 0x20, 0x55, 0x49, 0x20, 0x73, 0x74, 0x61, 0x74, 0x65, 
	0x20, 0x6d, 0x61, 0x63, 0x68, 0x69, 0x6e, 0x65, 0x2e, 0xa, 
	0x20, 0x2a, 0xa, 0x20, 0x2a, 0x20, 0x54, 0x68, 0x65, 0x20, 
	0x4d, 0x33, 0x33, 0x20, 0x6f, 0x77, 0x6e, 0x73, 0x20, 0x74, 
	0x68, 0x65, 0x20, 0x76, 0x65, 0x68, 0x69, 0x63, 0x6c, 0x65, 
	0x20, 0x73, 0x74, 0x61, 0x74, 0x65, 0x2e, 0x20, 0x20, 0x54, 
	0x68, 0x69, 0x73, 0x20, 0x55, 0x49, 0x20, 0x6f, 0x6e, 0x6c, 
	0x79, 0x20, 0x61, 0x64, 0x64, 0x73, 0x20, 0x6f, 0x6e, 0x65, 
	0x20, 0x74, 0x68, 0x69, 0x6e, 0x67, 0x20, 0x6f, 0x6e, 0x20, 
	0x74, 0x6f, 0x70, 0x20, 0x6f, 0x66, 0x20, 0x69, 0x74, 0x3a, 
	0xa, 0x20, 0x2a, 0x20, 0x61, 0x74, 0x20, 0x6d, 0x6f, 0x73, 
	0x74, 0x20, 0x4f, 0x4e, 0x45, 0x20, 0x63, 0x6f, 0x6d, 0x6d, 
	0x61, 0x6e, 0x64, 0x20, 0x74, 0x68, 0x65, 0x20, 0x6f, 0x70, 
	0x65, 0x72, 0x61, 0x74, 0x6f, 0x72, 0x20, 0x68, 0x61, 0x73, 
	0x20, 0x61, 0x73, 0x6b, 0x65, 0x64, 0x20, 0x66, 0x6f, 0x72, 
	0x20, 0x61, 0x6e, 0x64, 0x20, 0x4d, 0x33, 0x33, 0x20, 0x68, 
	0x61, 0x73, 0x20, 0x6e, 0x6f, 0x74, 0x20, 0x63, 0x6f, 0x6e, 
	0x66, 0x69, 0x72, 0x6d, 0x65, 0x64, 0x20, 0x79, 0x65, 0x74, 
	0xa, 0x20, 0x2a, 0x20, 0x28, 0x60, 0x70, 0x65, 0x6e, 0x64, 
	0x69, 0x6e, 0x67, 0x60, 0x29, 0x2e, 0x20, 0x20, 0x45, 0x76, 
	0x65, 0x72, 0x79, 0x74, 0x68, 0x69, 0x6e, 0x67, 0x20, 0x74, 
	0x68, 0x65, 0x20, 0x73, 0x63, 0x72, 0x65, 0x65, 0x6e, 0x20, 
	0x73, 0x68, 0x6f, 0x77, 0x73, 0x20, 0x69, 0x73, 0x20, 0x64, 
	0x65, 0x72, 0x69, 0x76, 0x65, 0x64, 0x20, 0x66, 0x72, 0x6f, 
	0x6d, 0x20, 0x74, 0x68, 0x72, 0x65, 0x65, 0x20, 0x76, 0x61, 
	0x6c, 0x75, 0x65, 0x73, 0x3a, 0xa, 0x20, 0x2a, 0xa, 0x20, 
	0x2a, 0x20, 0x20, 0x20, 0x63, 0x6f, 0x6e, 0x6e, 0x65, 0x63, 
	0x74, 0x65, 0x64, 0x20, 0x20, 0x20, 0x69, 0x73, 0x20, 0x74, 
	0x68, 0x65, 0x20, 0x48, 0x54, 0x54, 0x50, 0x20, 0x68, 0x65, 
	0x61, 0x72, 0x74, 0x62, 0x65, 0x61, 0x74, 0x20, 0x61, 0x6c, 
	0x69, 0x76, 0x65, 0x3f, 0xa, 0x20, 0x2a, 0x20, 0x20, 0x20, 
	0x70, 0x65, 0x6e, 0x64, 0x69, 0x6e, 0x67, 0x20, 0x20, 0x20, 
	0x20, 0x20, 0x6e, 0x75, 0x6c, 0x6c, 0x20, 0x7c, 0x20, 0x7b, 
	0x20, 0x6b, 0x69, 0x6e, 0x64, 0x2c, 0x20, 0x69, 0x64, 0x2c, 
	0x20, 0x66, 0x72, 0x6f, 0x6d, 0x54, 0x6f, 0x72, 0x20, 0x7d, 
	0x20, 0x20, 0x20, 0x20, 0x20, 0x20, 0x28, 0x6b, 0x69, 0x6e, 
	0x64, 0x3a, 0x20, 0x53, 0x54, 0x4f, 0x50, 0x20, 0x2f, 0x20, 
	0x52, 0x45, 0x53, 0x45, 0x54, 0x20, 0x2f, 0x20, 0x41, 0x55, 
	0x54, 0x4f, 0x20, 0x2f, 0x20, 0x4d, 0x41, 0x4e, 0x55, 0x41, 
	0x4c, 0x29, 0xa, 0x20, 0x2a, 0x20, 0x20, 0x20, 0x6d, 0x63, 
	0x75, 0x20, 0x20, 0x20, 0x20, 0x20, 0x20, 0x20, 0x20, 0x20, 
	0x6c, 0x61, 0x73, 0x74, 0x20, 0x73, 0x74, 0x61, 0x74, 0x75, 
	0x73, 0x20, 0x72, 0x65, 0x63, 0x65, 0x69, 0x76, 0x65, 0x64, 
	0x20, 0x66, 0x72, 0x6f, 0x6d, 0x20, 0x4d, 0x33, 0x33, 0xa, 
	0x20, 0x2a, 0xa, 0x20, 0x2a, 0x20, 0x20, 0x20, 0x55, 0x49, 
	0x20, 0x73, 0x74, 0x61, 0x74, 0x65, 0x20, 0x3d, 0x20, 0x44, 
	0x49, 0x53, 0x43, 0x4f, 0x4e, 0x4e, 0x45, 0x43, 0x54, 0x45, 
	0x44, 0x20, 0x20, 0x20, 0x20, 0x20, 0x20, 0x20, 0x20, 0x20, 
	0x20, 0x20, 0x20, 0x69, 0x66, 0x20, 0x21, 0x63, 0x6f, 0x6e, 
	0x6e, 0x65, 0x63, 0x74, 0x65, 0x64, 0xa, 0x20, 0x2a, 0x20, 
	0x20, 0x20, 0x20, 0x20, 0x20, 0x20, 0x20, 0x20, 0x20, 0x20, 
	0x20, 0x3d, 0x20, 0x41, 0x55, 0x54, 0x4f, 0x5f, 0x50, 0x45, 
	0x4e, 0x44, 0x49, 0x4e, 0x47, 0x20, 0x20, 0x20, 0x20, 0x20, 
	0x20, 0x20, 0x20, 0x20, 0x20, 0x20, 0x20, 0x69, 0x66, 0x20, 
	0x70, 0x65, 0x6e, 0x64, 0x69, 0x6e, 0x67, 0x20, 0x41, 0x55, 
	0x54, 0x4f, 0xa, 0x20, 0x2a, 0x20, 0x20, 0x20, 0x20, 0x20, 
	0x20, 0x20, 0x20, 0x20, 0x20, 0x20, 0x20, 0x3d, 0x20, 0x28, 
	0x54, 0x4f, 0x52, 0x5f, 0x7c, 0x41, 0x55, 0x54, 0x4f, 0x5f, 
	0x29, 0x4d, 0x41, 0x4e, 0x55, 0x41, 0x4c, 0x5f, 0x50, 0x45, 
	0x4e, 0x44, 0x49, 0x4e, 0x47, 0x20, 0x69, 0x66, 0x20, 0x70, 
	0x65, 0x6e, 0x64, 0x69, 0x6e, 0x67, 0x20, 0x4d, 0x41, 0x4e, 
	0x55, 0x41, 0x4c, 0xa, 0x20, 0x2a, 0x20, 0x20, 0x20, 0x20, 
	0x20, 0x20, 0x20, 0x20, 0x20, 0x20, 0x20, 0x20, 0x3d, 0x20, 
	0x6d, 0x69, 0x72, 0x72, 0x6f, 0x72, 0x20, 0x6f, 0x66, 0x20, 
	0x6d, 0x63, 0x75, 0x20, 0x20, 0x20, 0x20, 0x20, 0x20, 0x20, 
	0x20, 0x20, 0x20, 0x20, 0x6f, 0x74, 0x68, 0x65, 0x72, 0x77, 
	0x69, 0x73, 0x65, 0x20, 0x28, 0x53, 0x54, 0x4f, 0x50, 0x2f, 
	0x52, 0x45, 0x53, 0x45, 0x54, 0x20, 0x6f, 0x6e, 0x6c, 0x79, 
	0x20, 0x6c, 0x6f, 0x63, 0x6b, 0x20, 0x74, 0x68, 0x65, 0x20, 
	0x69, 0x6e, 0x70, 0x75, 0x74, 0x29, 0xa, 0x20, 0x2a, 0xa, 
	0x20, 0x2a, 0x20, 0x41, 0x20, 0x70, 0x65, 0x6e, 0x64, 0x69, 
	0x6e, 0x67, 0x20, 0x63, 0x6f, 0x6d, 0x6d, 0x61, 0x6e, 0x64, 
	0x20, 0x69, 0x73, 0x20, 0x72, 0x65, 0x2d, 0x73, 0x65, 0x6e, 
	0x74, 0x20, 0x6f, 0x6e, 0x20, 0x65, 0x76, 0x65, 0x72, 0x79, 
	0x20, 0x70, 0x6f, 0x6c, 0x6c, 0x20, 0x75, 0x6e, 0x74, 0x69, 
	0x6c, 0x20, 0x61, 0x20, 0x2a, 0x66, 0x72, 0x65, 0x73, 0x68, 
	0x2a, 0x20, 0x73, 0x74, 0x61, 0x74, 0x75, 0x73, 0x20, 0x28, 
	0x77, 0x65, 0x62, 0x5f, 0x73, 0x65, 0x71, 0xa, 0x20, 0x2a, 
	0x20, 0x61, 0x64, 0x76, 0x61, 0x6e, 0x63, 0x65, 0x64, 0x20, 
	0x70, 0x61, 0x73, 0x74, 0x20, 0x74, 0x68, 0x65, 0x20, 0x76, 
	0x61, 0x6c, 0x75, 0x65, 0x20, 0x73, 0x65, 0x65, 0x6e, 0x20, 
	0x77, 0x68, 0x65, 0x6e, 0x20, 0x74, 0x68, 0x61, 0x74, 0x20, 
	0x50, 0x4f, 0x53, 0x54, 0x20, 0x77, 0x61, 0x73, 0x20, 0x62, 
	0x75, 0x69, 0x6c, 0x74, 0x29, 0x20, 0x73, 0x68, 0x6f, 0x77, 
	0x73, 0x20, 0x69, 0x74, 0x20, 0x74, 0x6f, 0x6f, 0x6b, 0x20, 
	0x65, 0x66, 0x66, 0x65, 0x63, 0x74, 0x3a, 0xa, 0x20, 0x2a, 
	0xa, 0x20, 0x2a, 0x20, 0x20, 0x20, 0x6b, 0x69, 0x6e, 0x64, 
	0x20, 0x20, 0x20, 0x20, 0x73, 0x65, 0x6e, 0x74, 0x20, 0x61, 
	0x73, 0x20, 0x20, 0x20, 0x20, 0x20, 0x20, 0x20, 0x20, 0x20, 
	0x20, 0x20, 0x20, 0x20, 0x20, 0x20, 0x20, 0x20, 0x20, 0x20, 
	0x20, 0x20, 0x64, 0x6f, 0x6e, 0x65, 0x20, 0x77, 0x68, 0x65, 
	0x6e, 0x20, 0x66, 0x72, 0x65, 0x73, 0x68, 0x20, 0x73, 0x74, 
	0x61, 0x74, 0x75, 0x73, 0x20, 0x73, 0x61, 0x79, 0x73, 0xa, 
	0x20, 0x2a, 0x20, 0x20, 0x20, 0x53, 0x54, 0x4f, 0x50, 0x20, 
	0x20, 0x20, 0x20, 0x6d, 0x61, 0x6e, 0x75, 0x61, 0x6c, 0x5f, 
	0x61, 0x62, 0x6f, 0x72, 0x74, 0x5f, 0x72, 0x65, 0x71, 0x75, 
	0x65, 0x73, 0x74, 0x3d, 0x74, 0x72, 0x75, 0x65, 0x20, 0x20, 
	0x20, 0x61, 0x72, 0x6d, 0x65, 0x64, 0x3d, 0x66, 0x61, 0x6c, 
	0x73, 0x65, 0x20, 0x28, 0x4d, 0x33, 0x33, 0x20, 0x73, 0x74, 
	0x6f, 0x70, 0x20, 0x61, 0x6c, 0x73, 0x6f, 0x20, 0x73, 0x65, 
	0x6c, 0x65, 0x63, 0x74, 0x73, 0x20, 0x4d, 0x41, 0x4e, 0x55, 
	0x41, 0x4c, 0x29, 0xa, 0x20, 0x2a, 0x20, 0x20, 0x20, 0x52, 
	0x45, 0x53, 0x45, 0x54, 0x20, 0x20, 0x20, 0x72, 0x65, 0x73, 
	0x65, 0x74, 0x5f, 0x61, 0x62, 0x6f, 0x72, 0x74, 0x5f, 0x72, 
	0x65, 0x71, 0x75, 0x65, 0x73, 0x74, 0x3d, 0x74, 0x72, 0x75, 
	0x65, 0x20, 0x20, 0x20, 0x20, 0x61, 0x72, 0x6d, 0x65, 0x64, 
	0x3d, 0x66, 0x61, 0x6c, 0x73, 0x65, 0x20, 0x28, 0x4d, 0x33, 
	0x33, 0x20, 0x45, 0x6d, 0x65, 0x72, 0x67, 0x65, 0x6e, 0x63, 
	0x79, 0x20, 0x73, 0x74, 0x61, 0x79, 0x73, 0x20, 0x6c, 0x61, 
	0x74, 0x63, 0x68, 0x65, 0x64, 0x29, 0xa, 0x20, 0x2a, 0x20, 
	0x20, 0x20, 0x41, 0x55, 0x54, 0x4f, 0x20, 0x20, 0x20, 0x20, 
	0x6d, 0x6f, 0x64, 0x65, 0x5f, 0x72, 0x65, 0x71, 0x75, 0x65, 
	0x73, 0x74, 0x3d, 0x41, 0x55, 0x54, 0x4f, 0x20, 0x20, 0x20, 
	0x20, 0x20, 0x20, 0x20, 0x20, 0x20, 0x20, 0x20, 0x6d, 0x6f, 
	0x64, 0x65, 0x3d, 0x41, 0x55, 0x54, 0x4f, 0x2c, 0x20, 0x6f, 
	0x72, 0x20, 0x72, 0x65, 0x6a, 0x65, 0x63, 0x74, 0x65, 0x64, 
	0x20, 0x2d, 0x3e, 0x20, 0x4d, 0x41, 0x4e, 0x55, 0x41, 0x4c, 
	0xa, 0x20, 0x2a, 0x20, 0x20, 0x20, 0x4d, 0x41, 0x4e, 0x55, 
	0x41, 0x4c, 0x20, 0x20, 0x6d, 0x6f, 0x64, 0x65, 0x5f, 0x72, 
	0x65, 0x71, 0x75, 0x65, 0x73, 0x74, 0x3d, 0x4d, 0x41, 0x4e, 
	0x55, 0x41, 0x4c, 0x20, 0x20, 0x20, 0x20, 0x20, 0x20, 0x20, 
	0x20, 0x20, 0x6d, 0x6f, 0x64, 0x65, 0x3d, 0x4d, 0x41, 0x4e, 
	0x55, 0x41, 0x4c, 0x20, 0x61, 0x6e, 0x64, 0x20, 0x61, 0x72, 
	0x6d, 0x65, 0x64, 0x3d, 0x66, 0x61, 0x6c, 0x73, 0x65, 0xa, 
	0x20, 0x2a, 0xa, 0x20, 0x2a, 0x20, 0x41, 0x55, 0x54, 0x4f, 
	0x20, 0x67, 0x69, 0x76, 0x65, 0x73, 0x20, 0x75, 0x70, 0x20, 
	0x77, 0x61, 0x69, 0x74, 0x69, 0x6e, 0x67, 0x20, 0x61, 0x66, 
	0x74, 0x65, 0x72, 0x20, 0x4d, 0x4f, 0x44, 0x45, 0x5f, 0x53, 
	0x57, 0x49, 0x54, 0x43, 0x48, 0x5f, 0x54, 0x49, 0x4d, 0x45, 
	0x4f, 0x55, 0x54, 0x5f, 0x4d, 0x53, 0x20, 0x61, 0x6e, 0x64, 
	0x20, 0x72, 0x65, 0x74, 0x75, 0x72, 0x6e, 0x73, 0x20, 0x74, 
	0x6f, 0x20, 0x74, 0x68, 0x65, 0x20, 0x6c, 0x61, 0x73, 0x74, 
	0xa, 0x20, 0x2a, 0x20, 0x4d, 0x33, 0x33, 0x20, 0x73, 0x74, 
	0x61, 0x74, 0x65, 0x2e, 0x20, 0x49, 0x74, 0x20, 0x6e, 0x65, 
	0x76, 0x65, 0x72, 0x20, 0x73, 0x79, 0x6e, 0x74, 0x68, 0x65, 
	0x73, 0x69, 0x7a, 0x65, 0x73, 0x20, 0x61, 0x20, 0x4d, 0x41, 
	0x4e, 0x55, 0x41, 0x4c, 0x20, 0x72, 0x65, 0x71, 0x75, 0x65, 
	0x73, 0x74, 0x3a, 0x20, 0x4d, 0x33, 0x33, 0x20, 0x6f, 0x77, 
	0x6e, 0x73, 0x20, 0x41, 0x55, 0x54, 0x4f, 0x20, 0x73, 0x61, 
	0x66, 0x65, 0x74, 0x79, 0x2c, 0x20, 0x61, 0x6e, 0x64, 0xa, 
	0x20, 0x2a, 0x20, 0x61, 0x20, 0x64, 0x65, 0x6c, 0x61, 0x79, 
	0x65, 0x64, 0x20, 0x72, 0x65, 0x73, 0x70, 0x6f, 0x6e, 0x73, 
	0x65, 0x20, 0x6d, 0x61, 0x79, 0x20, 0x73, 0x74, 0x69, 0x6c, 
	0x6c, 0x20, 0x63, 0x6f, 0x6e, 0x66, 0x69, 0x72, 0x6d, 0x20, 
	0x74, 0x68, 0x65, 0x20, 0x6f, 0x72, 0x69, 0x67, 0x69, 0x6e, 
	0x61, 0x6c, 0x20, 0x72, 0x65, 0x71, 0x75, 0x65, 0x73, 0x74, 
	0x2e, 0x20, 0x4d, 0x41, 0x4e, 0x55, 0x41, 0x4c, 0x20, 0x6e, 
	0x65, 0x76, 0x65, 0x72, 0xa, 0x20, 0x2a, 0x20, 0x67, 0x69, 
	0x76, 0x65, 0x73, 0x20, 0x75, 0x70, 0x2e, 0x20, 0x41, 0x6e, 
	0x20, 0x41, 0x42, 0x4f, 0x52, 0x54, 0x20, 0x73, 0x74, 0x61, 
	0x74, 0x75, 0x73, 0x20, 0x66, 0x72, 0x6f, 0x6d, 0x20, 0x4d, 
	0x33, 0x33, 0x20, 0x63, 0x61, 0x6e, 0x63, 0x65, 0x6c, 0x73, 
	0x20, 0x41, 0x55, 0x54, 0x4f, 0x2f, 0x4d, 0x41, 0x4e, 0x55, 
	0x41, 0x4c, 0x2e, 0xa, 0x20, 0x2a, 0x2f, 0xa, 0x69, 0x6d, 
	0x70, 0x6f, 0x72, 0x74, 0x20, 0x7b, 0x20, 0x55, 0x49, 0x53, 
	0x74, 0x61, 0x74, 0x65, 0x2c, 0x20, 0x4d, 0x43, 0x55, 0x4d, 
	0x6f, 0x64, 0x65, 0x2c, 0x20, 0x4d, 0x6f, 0x64, 0x65, 0x52, 
	0x65, 0x71, 0x75, 0x65, 0x73, 0x74, 0x2c, 0x20, 0x52, 0x65, 
	0x6a, 0x65, 0x63, 0x74, 0x52, 0x65, 0x61, 0x73, 0x6f, 0x6e, 
	0x54, 0x65, 0x78, 0x74, 0x2c, 0x20, 0x43, 0x6f, 0x6e, 0x66, 
	0x69, 0x67, 0x20, 0x7d, 0x20, 0x66, 0x72, 0x6f, 0x6d, 0x20, 
	0x27, 0x2e, 0x2f, 0x63, 0x6f, 0x6e, 0x73, 0x74, 0x61, 0x6e, 
	0x74, 0x73, 0x2e, 0x6a, 0x73, 0x27, 0x3b, 0xa, 0xa, 0x65, 
	0x78, 0x70, 0x6f, 0x72, 0x74, 0x20, 0x63, 0x6f, 0x6e, 0x73, 
	0x74, 0x20, 0x43, 0x6d, 0x64, 0x20, 0x3d, 0x20, 0x4f, 0x62, 
	0x6a, 0x65, 0x63, 0x74, 0x2e, 0x66, 0x72, 0x65, 0x65, 0x7a, 
	0x65, 0x28, 0x7b, 0x20, 0x53, 0x54, 0x4f, 0x50, 0x3a, 0x20, 
	0x27, 0x53, 0x54, 0x4f, 0x50, 0x27, 0x2c, 0x20, 0x52, 0x45, 
	0x53, 0x45, 0x54, 0x3a, 0x20, 0x27, 0x52, 0x45, 0x53, 0x45, 
	0x54, 0x27, 0x2c, 0x20, 0x41, 0x55, 0x54, 0x4f, 0x3a, 0x20, 
	0x27, 0x41, 0x55, 0x54, 0x4f, 0x27, 0x2c, 0x20, 0x4d, 0x41, 
	0x4e, 0x55, 0x41, 0x4c, 0x3a, 0x20, 0x27, 0x4d, 0x41, 0x4e, 
	0x55, 0x41, 0x4c, 0x27, 0x20, 0x7d, 0x29, 0x3b, 0xa, 0xa, 
	0x63, 0x6f, 0x6e, 0x73, 0x74, 0x20, 0x69, 0x73, 0x41, 0x62, 
	0x6f, 0x72, 0x74, 0x20, 0x3d, 0x20, 0x28, 0x6d, 0x6f, 0x64, 
	0x65, 0x29, 0x20, 0x3d, 0x3e, 0x20, 0x6d, 0x6f, 0x64, 0x65, 
	0x20, 0x3d, 0x3d, 0x3d, 0x20, 0x4d, 0x43, 0x55, 0x4d, 0x6f, 
	0x64, 0x65, 0x2e, 0x41, 0x55, 0x54, 0x4f, 0x5f, 0x41, 0x42, 
	0x4f, 0x52, 0x54, 0x20, 0x7c, 0x7c, 0x20, 0x6d, 0x6f, 0x64, 
	0x65, 0x20, 0x3d, 0x3d, 0x3d, 0x20, 0x4d, 0x43, 0x55, 0x4d, 
	0x6f, 0x64, 0x65, 0x2e, 0x4d, 0x41, 0x4e, 0x55, 0x41, 0x4c, 
	0x5f, 0x41, 0x42, 0x4f, 0x52, 0x54, 0x3b, 0xa, 0x63, 0x6f, 
	0x6e, 0x73, 0x74, 0x20, 0x41, 0x55, 0x54, 0x4f, 0x5f, 0x46, 
	0x41, 0x4d, 0x49, 0x4c, 0x59, 0x20, 0x3d, 0x20, 0x6e, 0x65, 
	0x77, 0x20, 0x53, 0x65, 0x74, 0x28, 0x5b, 0x55, 0x49, 0x53, 
	0x74, 0x61, 0x74, 0x65, 0x2e, 0x41, 0x55, 0x54, 0x4f, 0x5f, 
	0x50, 0x45, 0x4e, 0x44, 0x49, 0x4e, 0x47, 0x2c, 0x20, 0x55, 
	0x49, 0x53, 0x74, 0x61, 0x74, 0x65, 0x2e, 0x41, 0x55, 0x54, 
	0x4f, 0x2c, 0x20, 0x55, 0x49, 0x53, 0x74, 0x61, 0x74, 0x65, 
	0x2e, 0x41, 0x55, 0x54, 0x4f, 0x5f, 0x54, 0x4f, 0x52, 0x5d, 
	0x29, 0x3b, 0xa, 0xa, 0x2f, 0x2a, 0x20, 0x4d, 0x33, 0x33, 
	0x20, 0x73, 0x74, 0x61, 0x74, 0x75, 0x73, 0x20, 0x2d, 0x3e, 
	0x20, 0x55, 0x49, 0x20, 0x73, 0x74, 0x61, 0x74, 0x65, 0x2e, 
	0x20, 0x2a, 0x2f, 0xa, 0x65, 0x78, 0x70, 0x6f, 0x72, 0x74, 
	0x20, 0x66, 0x75, 0x6e, 0x63, 0x74, 0x69, 0x6f, 0x6e, 0x20, 
	0x6d, 0x69, 0x72, 0x72, 0x6f, 0x72, 0x28, 0x6d, 0x63, 0x75, 
	0x29, 0x20, 0x7b, 0xa, 0x20, 0x20, 0x20, 0x20, 0x69, 0x66, 
	0x20, 0x28, 0x69, 0x73, 0x41, 0x62, 0x6f, 0x72, 0x74, 0x28, 
	0x6d, 0x63, 0x75, 0x2e, 0x6d, 0x6f, 0x64, 0x65, 0x29, 0x29, 
	0x20, 0x72, 0x65, 0x74, 0x75, 0x72, 0x6e, 0x20, 0x6d, 0x63, 
	0x75, 0x2e, 0x6d, 0x6f, 0x64, 0x65, 0x3b, 0xa, 0x20, 0x20, 
	0x20, 0x20, 0x69, 0x66, 0x20, 0x28, 0x6d, 0x63, 0x75, 0x2e, 
	0x6d, 0x6f, 0x64, 0x65, 0x20, 0x3d, 0x3d, 0x3d, 0x20, 0x4d, 
	0x43, 0x55, 0x4d, 0x6f, 0x64, 0x65, 0x2e, 0x41, 0x55, 0x54, 
	0x4f, 0x29, 0x20, 0x72, 0x65, 0x74, 0x75, 0x72, 0x6e, 0x20, 
	0x6d, 0x63, 0x75, 0x2e, 0x74, 0x6f, 0x72, 0x5f, 0x61, 0x63, 
	0x74, 0x69, 0x76, 0x65, 0x20, 0x3f, 0x20, 0x55, 0x49, 0x53, 
	0x74, 0x61, 0x74, 0x65, 0x2e, 0x41, 0x55, 0x54, 0x4f, 0x5f, 
	0x54, 0x4f, 0x52, 0x20, 0x3a, 0x20, 0x55, 0x49, 0x53, 0x74, 
	0x61, 0x74, 0x65, 0x2e, 0x41, 0x55, 0x54, 0x4f, 0x3b, 0xa, 
	0x20, 0x20, 0x20, 0x20, 0x72, 0x65, 0x74, 0x75, 0x72, 0x6e, 
	0x20, 0x55, 0x49, 0x53, 0x74, 0x61, 0x74, 0x65, 0x2e, 0x4d, 
	0x41, 0x4e, 0x55, 0x41, 0x4c, 0x3b, 0xa, 0x7d, 0xa, 0xa, 
	0x2f, 0x2a, 0x20, 0x54, 0x72, 0x75, 0x65, 0x20, 0x77, 0x68, 
	0x65, 0x6e, 0x20, 0x60, 0x63, 0x75, 0x72, 0x72, 0x65, 0x6e, 
	0x74, 0x60, 0x20, 0x77, 0x65, 0x62, 0x5f, 0x73, 0x65, 0x71, 
	0x20, 0x69, 0x73, 0x20, 0x6e, 0x65, 0x77, 0x65, 0x72, 0x20, 
	0x74, 0x68, 0x61, 0x6e, 0x20, 0x60, 0x62, 0x61, 0x73, 0x65, 
	0x6c, 0x69, 0x6e, 0x65, 0x60, 0x20, 0x28, 0x75, 0x69, 0x6e, 
	0x74, 0x33, 0x32, 0x2c, 0x20, 0x77, 0x72, 0x61, 0x70, 0x2d, 
	0x73, 0x61, 0x66, 0x65, 0x29, 0x2e, 0x20, 0x2a, 0x2f, 0xa, 
	0x65, 0x78, 0x70, 0x6f, 0x72, 0x74, 0x20, 0x66, 0x75, 0x6e, 
	0x63, 0x74, 0x69, 0x6f, 0x6e, 0x20, 0x69, 0x73, 0x46, 0x72, 
	0x65, 0x73, 0x68, 0x28, 0x63, 0x75, 0x72, 0x72, 0x65, 0x6e, 
	0x74, 0x2c, 0x20, 0x62, 0x61, 0x73, 0x65, 0x6c, 0x69, 0x6e, 
	0x65, 0x29, 0x20, 0x7b, 0xa, 0x20, 0x20, 0x20, 0x20, 0x69, 
	0x66, 0x20, 0x28, 0x21, 0x4e, 0x75, 0x6d, 0x62, 0x65, 0x72, 
	0x2e, 0x69, 0x73, 0x49, 0x6e, 0x74, 0x65, 0x67, 0x65, 0x72, 
	0x28, 0x63, 0x75, 0x72, 0x72, 0x65, 0x6e, 0x74, 0x29, 0x20, 
	0x7c, 0x7c, 0x20, 0x21, 0x4e, 0x75, 0x6d, 0x62, 0x65, 0x72, 
	0x2e, 0x69, 0x73, 0x49, 0x6e, 0x74, 0x65, 0x67, 0x65, 0x72, 
	0x28, 0x62, 0x61, 0x73, 0x65, 0x6c, 0x69, 0x6e, 0x65, 0x29, 
	0x29, 0x20, 0x72, 0x65, 0x74, 0x75, 0x72, 0x6e, 0x20, 0x66, 
	0x61, 0x6c, 0x73, 0x65, 0x3b, 0xa, 0x20, 0x20, 0x20, 0x20, 
	0x63, 0x6f, 0x6e, 0x73, 0x74, 0x20, 0x64, 0x69, 0x73, 0x74, 
	0x61, 0x6e, 0x63, 0x65, 0x20, 0x3d, 0x20, 0x28, 0x28, 0x63, 
	0x75, 0x72, 0x72, 0x65, 0x6e, 0x74, 0x20, 0x3e, 0x3e, 0x3e, 
	0x20, 0x30, 0x29, 0x20, 0x2d, 0x20, 0x28, 0x62, 0x61, 0x73, 
	0x65, 0x6c, 0x69, 0x6e, 0x65, 0x20, 0x3e, 0x3e, 0x3e, 0x20, 
	0x30, 0x29, 0x29, 0x20, 0x3e, 0x3e, 0x3e, 0x20, 0x30, 0x3b, 
	0xa, 0x20, 0x20, 0x20, 0x20, 0x72, 0x65, 0x74, 0x75, 0x72, 
	0x6e, 0x20, 0x64, 0x69, 0x73, 0x74, 0x61, 0x6e, 0x63, 0x65, 
	0x20, 0x21, 0x3d, 0x3d, 0x20, 0x30, 0x20, 0x26, 0x26, 0x20, 
	0x64, 0x69, 0x73, 0x74, 0x61, 0x6e, 0x63, 0x65, 0x20, 0x3c, 
	0x20, 0x30, 0x78, 0x38, 0x30, 0x30, 0x30, 0x30, 0x30, 0x30, 
	0x30, 0x3b, 0xa, 0x7d, 0xa, 0xa, 0x65, 0x78, 0x70, 0x6f, 
	0x72, 0x74, 0x20, 0x63, 0x6c, 0x61, 0x73, 0x73, 0x20, 0x53, 
	0x74, 0x61, 0x74, 0x65, 0x4d, 0x61, 0x63, 0x68, 0x69, 0x6e, 
	0x65, 0x20, 0x7b, 0xa, 0x20, 0x20, 0x20, 0x20, 0x63, 0x6f, 
	0x6e, 0x73, 0x74, 0x72, 0x75, 0x63, 0x74, 0x6f, 0x72, 0x28, 
	0x61, 0x70, 0x70, 0x29, 0x20, 0x7b, 0xa, 0x20, 0x20, 0x20, 
	0x20, 0x20, 0x20, 0x20, 0x20, 0x74, 0x68, 0x69, 0x73, 0x2e, 
	0x61, 0x70, 0x70, 0x20, 0x20, 0x20, 0x20, 0x20, 0x20, 0x20, 
	0x3d, 0x20, 0x61, 0x70, 0x70, 0x3b, 0xa, 0x20, 0x20, 0x20, 
	0x20, 0x20, 0x20, 0x20, 0x20, 0x74, 0x68, 0x69, 0x73, 0x2e, 
	0x63, 0x6f, 0x6e, 0x6e, 0x65, 0x63, 0x74, 0x65, 0x64, 0x20, 
	0x3d, 0x20, 0x66, 0x61, 0x6c, 0x73, 0x65, 0x3b, 0xa, 0x20, 
	0x20, 0x20, 0x20, 0x20, 0x20, 0x20, 0x20, 0x74, 0x68, 0x69, 
	0x73, 0x2e, 0x70, 0x65, 0x6e, 0x64, 0x69, 0x6e, 0x67, 0x20, 
	0x20, 0x20, 0x3d, 0x20, 0x6e, 0x75, 0x6c, 0x6c, 0x3b, 0xa, 
	0x20, 0x20, 0x20, 0x20, 0x20, 0x20, 0x20, 0x20, 0x74, 0x68, 
	0x69, 0x73, 0x2e, 0x6d, 0x63, 0x75, 0x20, 0x20, 0x20, 0x20, 
	0x20, 0x20, 0x20, 0x3d, 0x20, 0x7b, 0x20, 0x6d, 0x6f, 0x64, 
	0x65, 0x3a, 0x20, 0x4d, 0x43, 0x55, 0x4d, 0x6f, 0x64, 0x65, 
	0x2e, 0x4d, 0x41, 0x4e, 0x55, 0x41, 0x4c, 0x2c, 0x20, 0x66, 
	0x72, 0x6f, 0x6e, 0x74, 0x5f, 0x64, 0x69, 0x73, 0x74, 0x61, 
	0x6e, 0x63, 0x65, 0x5f, 0x6d, 0x6d, 0x3a, 0x20, 0x6e, 0x75, 
	0x6c, 0x6c, 0x2c, 0x20, 0x61, 0x72, 0x6d, 0x65, 0x64, 0x3a, 
	0x20, 0x66, 0x61, 0x6c, 0x73, 0x65, 0x2c, 0x20, 0x77, 0x65, 
	0x62, 0x5f, 0x73, 0x65, 0x71, 0x3a, 0x20, 0x30, 0x20, 0x7d, 
	0x3b, 0xa, 0x20, 0x20, 0x20, 0x20, 0x20, 0x20, 0x20, 0x20, 
	0x74, 0x68, 0x69, 0x73, 0x2e, 0x6e, 0x65, 0x78, 0x74, 0x49, 
	0x64, 0x20, 0x20, 0x20, 0x20, 0x3d, 0x20, 0x31, 0x3b, 0xa, 
	0x20, 0x20, 0x20, 0x20, 0x20, 0x20, 0x20, 0x20, 0x74, 0x68, 
	0x69, 0x73, 0x2e, 0x74, 0x69, 0x6d, 0x65, 0x72, 0x20, 0x20, 
	0x20, 0x20, 0x20, 0x3d, 0x20, 0x6e, 0x75, 0x6c, 0x6c, 0x3b, 
	0xa, 0x20, 0x20, 0x20, 0x20, 0x7d, 0xa, 0xa, 0x20, 0x20, 
	0x20, 0x20, 0x2f, 0x2a, 0x20, 0x2d, 0x2d, 0x2d, 0x2d, 0x20, 
	0x64, 0x65, 0x72, 0x69, 0x76, 0x65, 0x64, 0x20, 0x73, 0x74, 
	0x61, 0x74, 0x65, 0x20, 0x2d, 0x2d, 0x2d, 0x2d, 0x2d, 0x2d, 
	0x2d, 0x2d, 0x2d, 0x2d, 0x2d, 0x2d, 0x2d, 0x2d, 0x2d, 0x2d, 
	0x2d, 0x2d, 0x2d, 0x2d, 0x2d, 0x2d, 0x2d, 0x2d, 0x2d, 0x2d, 
	0x2d, 0x2d, 0x2d, 0x2d, 0x2d, 0x2d, 0x2d, 0x2d, 0x2d, 0x2d, 
	0x2d, 0x2d, 0x2d, 0x2d, 0x2d, 0x2d, 0x2d, 0x2d, 0x2d, 0x2d, 
	0x2d, 0x2d, 0x2d, 0x20, 0x2a, 0x2f, 0xa, 0x20, 0x20, 0x20, 
	0x20, 0x67, 0x65, 0x74, 0x20, 0x73, 0x74, 0x61, 0x74, 0x65, 
	0x28, 0x29, 0x20, 0x7b, 0xa, 0x20, 0x20, 0x20, 0x20, 0x20, 
	0x20, 0x20, 0x20, 0x69, 0x66, 0x20, 0x28, 0x21, 0x74, 0x68, 
	0x69, 0x73, 0x2e, 0x63, 0x6f, 0x6e, 0x6e, 0x65, 0x63, 0x74, 
	0x65, 0x64, 0x29, 0x20, 0x72, 0x65, 0x74, 0x75, 0x72, 0x6e, 
	0x20, 0x55, 0x49, 0x53, 0x74, 0x61, 0x74, 0x65, 0x2e, 0x44, 
	0x49, 0x53, 0x43, 0x4f, 0x4e, 0x4e, 0x45, 0x43, 0x54, 0x45, 
	0x44, 0x3b, 0xa, 0x20, 0x20, 0x20, 0x20, 0x20, 0x20, 0x20, 
	0x20, 0x69, 0x66, 0x20, 0x28, 0x74, 0x68, 0x69, 0x73, 0x2e, 
	0x70, 0x65, 0x6e, 0x64, 0x69, 0x6e, 0x67, 0x3f, 0x2e, 0x6b, 
	0x69, 0x6e, 0x64, 0x20, 0x3d, 0x3d, 0x3d, 0x20, 0x43, 0x6d, 
	0x64, 0x2e, 0x41, 0x55, 0x54, 0x4f, 0x29, 0x20, 0x72, 0x65, 
	0x74, 0x75, 0x72, 0x6e, 0x20, 0x55, 0x49, 0x53, 0x74, 0x61, 
	0x74, 0x65, 0x2e, 0x41, 0x55, 0x54, 0x4f, 0x5f, 0x50, 0x45, 
	0x4e, 0x44, 0x49, 0x4e, 0x47, 0x3b, 0xa, 0x20, 0x20, 0x20, 
	0x20, 0x20, 0x20, 0x20, 0x20, 0x69, 0x66, 0x20, 0x28, 0x74, 
	0x68, 0x69, 0x73, 0x2e, 0x70, 0x65, 0x6e, 0x64, 0x69, 0x6e, 
	0x67, 0x3f, 0x2e, 0x6b, 0x69, 0x6e, 0x64, 0x20, 0x3d, 0x3d, 
	0x3d, 0x20, 0x43, 0x6d, 0x64, 0x2e, 0x4d, 0x41, 0x4e, 0x55, 
	0x41, 0x4c, 0x29, 0x20, 0x7b, 0xa, 0x20, 0x20, 0x20, 0x20, 
	0x20, 0x20, 0x20, 0x20, 0x20, 0x20, 0x20, 0x20, 0x72, 0x65, 
	0x74, 0x75, 0x72, 0x6e, 0x20, 0x74, 0x68, 0x69, 0x73, 0x2e, 
	0x70, 0x65, 0x6e, 0x64, 0x69, 0x6e, 0x67, 0x2e, 0x66, 0x72, 
	0x6f, 0x6d, 0x54, 0x6f, 0x72, 0x20, 0x3f, 0x20, 0x55, 0x49, 
	0x53, 0x74, 0x61, 0x74, 0x65, 0x2e, 0x54, 0x4f, 0x52, 0x5f, 
	0x4d, 0x41, 0x4e, 0x55, 0x41, 0x4c, 0x5f, 0x50, 0x45, 0x4e, 
	0x44, 0x49, 0x4e, 0x47, 0x20, 0x3a, 0x20, 0x55, 0x49, 0x53, 
	0x74, 0x61, 0x74, 0x65, 0x2e, 0x41, 0x55, 0x54, 0x4f, 0x5f, 
	0x4d, 0x41, 0x4e, 0x55, 0x41, 0x4c, 0x5f, 0x50, 0x45, 0x4e, 
	0x44, 0x49, 0x4e, 0x47, 0x3b, 0xa, 0x20, 0x20, 0x20, 0x20, 
	0x20, 0x20, 0x20, 0x20, 0x7d, 0xa, 0x20, 0x20, 0x20, 0x20, 
	0x20, 0x20, 0x20, 0x20, 0x72, 0x65, 0x74, 0x75, 0x72, 0x6e, 
	0x20, 0x6d, 0x69, 0x72, 0x72, 0x6f, 0x72, 0x28, 0x74, 0x68, 
	0x69, 0x73, 0x2e, 0x6d, 0x63, 0x75, 0x29, 0x3b, 0xa, 0x20, 
	0x20, 0x20, 0x20, 0x7d, 0xa, 0xa, 0x20, 0x20, 0x20, 0x20, 
	0x67, 0x65, 0x74, 0x20, 0x63, 0x61, 0x6e, 0x44, 0x72, 0x69, 
	0x76, 0x65, 0x28, 0x29, 0x20, 0x7b, 0x20, 0x72, 0x65, 0x74, 
	0x75, 0x72, 0x6e, 0x20, 0x74, 0x68, 0x69, 0x73, 0x2e, 0x73, 
	0x74, 0x61, 0x74, 0x65, 0x20, 0x3d, 0x3d, 0x3d, 0x20, 0x55, 
	0x49, 0x53, 0x74, 0x61, 0x74, 0x65, 0x2e, 0x4d, 0x41, 0x4e, 
	0x55, 0x41, 0x4c, 0x20, 0x26, 0x26, 0x20, 0x21, 0x74, 0x68, 
	0x69, 0x73, 0x2e, 0x70, 0x65, 0x6e, 0x64, 0x69, 0x6e, 0x67, 
	0x3b, 0x20, 0x7d, 0xa, 0xa, 0x20, 0x20, 0x20, 0x20, 0x72, 
	0x65, 0x6e, 0x64, 0x65, 0x72, 0x28, 0x29, 0x20, 0x7b, 0xa, 
	0x20, 0x20, 0x20, 0x20, 0x20, 0x20, 0x20, 0x20, 0x74, 0x68, 
	0x69, 0x73, 0x2e, 0x61, 0x70, 0x70, 0x2e, 0x69, 0x6e, 0x70, 
	0x75, 0x74, 0x2e, 0x73, 0x65, 0x74, 0x45, 0x6e, 0x61, 0x62, 
	0x6c, 0x65, 0x64, 0x28, 0x74, 0x68, 0x69, 0x73, 0x2e, 0x63, 
	0x61, 0x6e, 0x44, 0x72, 0x69, 0x76, 0x65, 0x29, 0x3b, 0xa, 
	0x20, 0x20, 0x20, 0x20, 0x20, 0x20, 0x20, 0x20, 0x74, 0x68, 
	0x69, 0x73, 0x2e, 0x61, 0x70, 0x70, 0x2e, 0x75, 0x69, 0x2e, 
	0x72, 0x65, 0x6e, 0x64, 0x65, 0x72, 0x53, 0x74, 0x61, 0x74, 
	0x65, 0x28, 0x74, 0x68, 0x69, 0x73, 0x2e, 0x73, 0x74, 0x61, 
	0x74, 0x65, 0x2c, 0x20, 0x74, 0x68, 0x69, 0x73, 0x2e, 0x6d, 
	0x63, 0x75, 0x29, 0x3b, 0xa, 0x20, 0x20, 0x20, 0x20, 0x7d, 
	0xa, 0xa, 0x20, 0x20, 0x20, 0x20, 0x2f, 0x2a, 0x20, 0x2d, 
	0x2d, 0x2d, 0x2d, 0x20, 0x70, 0x65, 0x6e, 0x64, 0x69, 0x6e, 
	0x67, 0x20, 0x63, 0x6f, 0x6d, 0x6d, 0x61, 0x6e, 0x64, 0x20, 
	0x2d, 0x2d, 0x2d, 0x2d, 0x2d, 0x2d, 0x2d, 0x2d, 0x2d, 0x2d, 
	0x2d, 0x2d, 0x2d, 0x2d, 0x2d, 0x2d, 0x2d, 0x2d, 0x2d, 0x2d, 
	0x2d, 0x2d, 0x2d, 0x2d, 0x2d, 0x2d, 0x2d, 0x2d, 0x2d, 0x2d, 
	0x2d, 0x2d, 0x2d, 0x2d, 0x2d, 0x2d, 0x2d, 0x2d, 0x2d, 0x2d, 
	0x2d, 0x2d, 0x2d, 0x2d, 0x2d, 0x2d, 0x2d, 0x20, 0x2a, 0x2f, 
	0xa, 0x20, 0x20, 0x20, 0x20, 0x73, 0x65, 0x74, 0x50, 0x65, 
	0x6e, 0x64, 0x69, 0x6e, 0x67, 0x28, 0x6b, 0x69, 0x6e, 0x64, 
	0x2c, 0x20, 0x66, 0x72, 0x6f, 0x6d, 0x54, 0x6f, 0x72, 0x20, 
	0x3d, 0x20, 0x66, 0x61, 0x6c, 0x73, 0x65, 0x29, 0x20, 0x7b, 
	0xa, 0x20, 0x20, 0x20, 0x20, 0x20, 0x20, 0x20, 0x20, 0x63, 
	0x6c, 0x65, 0x61, 0x72, 0x54, 0x69, 0x6d, 0x65, 0x6f, 0x75, 
	0x74, 0x28, 0x74, 0x68, 0x69, 0x73, 0x2e, 0x74, 0x69, 0x6d, 
	0x65, 0x72, 0x29, 0x3b, 0xa, 0x20, 0x20, 0x20, 0x20, 0x20, 
	0x20, 0x20, 0x20, 0x74, 0x68, 0x69, 0x73, 0x2e, 0x74, 0x69, 
	0x6d, 0x65, 0x72, 0x20, 0x3d, 0x20, 0x6e, 0x75, 0x6c, 0x6c, 
	0x3b, 0xa, 0x20, 0x20, 0x20, 0x20, 0x20, 0x20, 0x20, 0x20, 
	0x74, 0x68, 0x69, 0x73, 0x2e, 0x70, 0x65, 0x6e, 0x64, 0x69, 
	0x6e, 0x67, 0x20, 0x3d, 0x20, 0x6b, 0x69, 0x6e, 0x64, 0x20, 
	0x3f, 0x20, 0x7b, 0x20, 0x6b, 0x69, 0x6e, 0x64, 0x2c, 0x20, 
	0x69, 0x64, 0x3a, 0x20, 0x74, 0x68, 0x69, 0x73, 0x2e, 0x6e, 
	0x65, 0x78, 0x74, 0x49, 0x64, 0x2b, 0x2b, 0x2c, 0x20, 0x66, 
	0x72, 0x6f, 0x6d, 0x54, 0x6f, 0x72, 0x20, 0x7d, 0x20, 0x3a, 
	0x20, 0x6e, 0x75, 0x6c, 0x6c, 0x3b, 0xa, 0x20, 0x20, 0x20, 
	0x20, 0x20, 0x20, 0x20, 0x20, 0x69, 0x66, 0x20, 0x28, 0x6b, 
	0x69, 0x6e, 0x64, 0x20, 0x3d, 0x3d, 0x3d, 0x20, 0x43, 0x6d, 
	0x64, 0x2e, 0x41, 0x55, 0x54, 0x4f, 0x20, 0x7c, 0x7c, 0x20, 
	0x6b, 0x69, 0x6e, 0x64, 0x20, 0x3d, 0x3d, 0x3d, 0x20, 0x43, 
	0x6d, 0x64, 0x2e, 0x4d, 0x41, 0x4e, 0x55, 0x41, 0x4c, 0x29, 
	0x20, 0x7b, 0xa, 0x20, 0x20, 0x20, 0x20, 0x20, 0x20, 0x20, 
	0x20, 0x20, 0x20, 0x20, 0x20, 0x74, 0x68, 0x69, 0x73, 0x2e, 
	0x74, 0x69, 0x6d, 0x65, 0x72, 0x20, 0x3d, 0x20, 0x73, 0x65, 
	0x74, 0x54, 0x69, 0x6d, 0x65, 0x6f, 0x75, 0x74, 0x28, 0x28, 
	0x29, 0x20, 0x3d, 0x3e, 0x20, 0x74, 0x68, 0x69, 0x73, 0x2e, 
	0x6f, 0x6e, 0x54, 0x69, 0x6d, 0x65, 0x6f, 0x75, 0x74, 0x28, 
	0x29, 0x2c, 0x20, 0x43, 0x6f, 0x6e, 0x66, 0x69, 0x67, 0x2e, 
	0x4d, 0x4f, 0x44, 0x45, 0x5f, 0x53, 0x57, 0x49, 0x54, 0x43, 
	0x48, 0x5f, 0x54, 0x49, 0x4d, 0x45, 0x4f, 0x55, 0x54, 0x5f, 
	0x4d, 0x53, 0x29, 0x3b, 0xa, 0x20, 0x20, 0x20, 0x20, 0x20, 
	0x20, 0x20, 0x20, 0x7d, 0xa, 0x20, 0x20, 0x20, 0x20, 0x20, 
	0x20, 0x20, 0x20, 0x74, 0x68, 0x69, 0x73, 0x2e, 0x72, 0x65, 
	0x6e, 0x64, 0x65, 0x72, 0x28, 0x29, 0x3b, 0xa, 0x20, 0x20, 
	0x20, 0x20, 0x7d, 0xa, 0xa, 0x20, 0x20, 0x20, 0x20, 0x6f, 
	0x6e, 0x54, 0x69, 0x6d, 0x65, 0x6f, 0x75, 0x74, 0x28, 0x29, 
	0x20, 0x7b, 0xa, 0x20, 0x20, 0x20, 0x20, 0x20, 0x20, 0x20, 
	0x20, 0x69, 0x66, 0x20, 0x28, 0x74, 0x68, 0x69, 0x73, 0x2e, 
	0x70, 0x65, 0x6e, 0x64, 0x69, 0x6e, 0x67, 0x3f, 0x2e, 0x6b, 
	0x69, 0x6e, 0x64, 0x20, 0x3d, 0x3d, 0x3d, 0x20, 0x43, 0x6d, 
	0x64, 0x2e, 0x41, 0x55, 0x54, 0x4f, 0x29, 0x20, 0x7b, 0xa, 
	0x20, 0x20, 0x20, 0x20, 0x20, 0x20, 0x20, 0x20, 0x20, 0x20, 
	0x20, 0x20, 0x74, 0x68, 0x69, 0x73, 0x2e, 0x61, 0x70, 0x70, 
	0x2e, 0x75, 0x69, 0x2e, 0x73, 0x68, 0x6f, 0x77, 0x45, 0x72, 
	0x72, 0x6f, 0x72, 0x28, 0x27, 0xe3, 0x83, 0xa2, 0xe3, 0x83, 
	0xbc, 0xe3, 0x83, 0x89, 0xe5, 0x88, 0x87, 0xe6, 0x9b, 0xbf, 
	0xe3, 0x82, 0xbf, 0xe3, 0x82, 0xa4, 0xe3, 0x83, 0xa0, 0xe3, 
	0x82, 0xa2, 0xe3, 0x82, 0xa6, 0xe3, 0x83, 0x88, 0x27, 0x29, 
	0x3b, 0xa, 0x20, 0x20, 0x20, 0x20, 0x20, 0x20, 0x20, 0x20, 
	0x20, 0x20, 0x20, 0x20, 0x74, 0x68, 0x69, 0x73, 0x2e, 0x73, 
	0x65, 0x74, 0x50, 0x65, 0x6e, 0x64, 0x69, 0x6e, 0x67, 0x28, 
	0x6e, 0x75, 0x6c, 0x6c, 0x29, 0x3b, 0xa, 0x20, 0x20, 0x20, 
	0x20, 0x20, 0x20, 0x20, 0x20, 0x7d, 0x20, 0x65, 0x6c, 0x73, 
	0x65, 0x20, 0x69, 0x66, 0x20, 0x28, 0x74, 0x68, 0x69, 0x73, 
	0x2e, 0x70, 0x65, 0x6e, 0x64, 0x69, 0x6e, 0x67, 0x3f, 0x2e, 
	0x6b, 0x69, 0x6e, 0x64, 0x20, 0x3d, 0x3d, 0x3d, 0x20, 0x43, 
	0x6d, 0x64, 0x2e, 0x4d, 0x41, 0x4e, 0x55, 0x41, 0x4c, 0x29, 
	0x20, 0x7b, 0xa, 0x20, 0x20, 0x20, 0x20, 0x20, 0x20, 0x20, 
	0x20, 0x20, 0x20, 0x20, 0x20, 0x69, 0x66, 0x20, 0x28, 0x74, 
	0x68, 0x69, 0x73, 0x2e, 0x63, 0x6f, 0x6e, 0x6e, 0x65, 0x63, 
	0x74, 0x65, 0x64, 0x29, 0x20, 0x74, 0x68, 0x69, 0x73, 0x2e, 
	0x61, 0x70, 0x70, 0x2e, 0x75, 0x69, 0x2e, 0x73, 0x68, 0x6f, 
	0x77, 0x45, 0x72, 0x72, 0x6f, 0x72, 0x28, 0x27, 0xe6, 0x89, 
	0x8b, 0xe5, 0x8b, 0x95, 0xe5, 0xbe, 0xa9, 0xe5, 0xb8, 0xb0, 
	0xe3, 0x81, 0xae, 0xe5, 0xbf, 0x9c, 0xe7, 0xad, 0x94, 0xe5, 
	0xbe, 0x85, 0xe3, 0x81, 0xa1, 0x20, 0x28, 0xe5, 0x86, 0x8d, 
	0xe9, 0x80, 0x81, 0xe4, 0xb8, 0xad, 0x2e, 0x2e, 0x2e, 0x29, 
	0x27, 0x29, 0x3b, 0xa, 0x20, 0x20, 0x20, 0x20, 0x20, 0x20, 
	0x20, 0x20, 0x20, 0x20, 0x20, 0x20, 0x74, 0x68, 0x69, 0x73, 
	0x2e, 0x74, 0x69, 0x6d, 0x65, 0x72, 0x20, 0x3d, 0x20, 0x73, 
	0x65, 0x74, 0x54, 0x69, 0x6d, 0x65, 0x6f, 0x75, 0x74, 0x28, 
	0x28, 0x29, 0x20, 0x3d, 0x3e, 0x20, 0x74, 0x68, 0x69, 0x73, 
	0x2e, 0x6f, 0x6e, 0x54, 0x69, 0x6d, 0x65, 0x6f, 0x75, 0x74, 
	0x28, 0x29, 0x2c, 0x20, 0x43, 0x6f, 0x6e, 0x66, 0x69, 0x67, 
	0x2e, 0x4d, 0x4f, 0x44, 0x45, 0x5f, 0x53, 0x57, 0x49, 0x54, 
	0x43, 0x48, 0x5f, 0x54, 0x49, 0x4d, 0x45, 0x4f, 0x55, 0x54, 
	0x5f, 0x4d, 0x53, 0x29, 0x3b, 0xa, 0x20, 0x20, 0x20, 0x20, 
	0x20, 0x20, 0x20, 0x20, 0x7d, 0xa, 0x20, 0x20, 0x20, 0x20, 
	0x7d, 0xa, 0xa, 0x20, 0x20, 0x20, 0x20, 0x63, 0x6c, 0x65, 
	0x61, 0x72, 0x54, 0x69, 0x6d, 0x65, 0x72, 0x28, 0x29, 0x20, 
	0x7b, 0x20, 0x63, 0x6c, 0x65, 0x61, 0x72, 0x54, 0x69, 0x6d, 
	0x65, 0x6f, 0x75, 0x74, 0x28, 0x74, 0x68, 0x69, 0x73, 0x2e, 
	0x74, 0x69, 0x6d, 0x65, 0x72, 0x29, 0x3b, 0x20, 0x74, 0x68, 
	0x69, 0x73, 0x2e, 0x74, 0x69, 0x6d, 0x65, 0x72, 0x20, 0x3d, 
	0x20, 0x6e, 0x75, 0x6c, 0x6c, 0x3b, 0x20, 0x7d, 0xa, 0xa, 
	0x20, 0x20, 0x20, 0x20, 0x2f, 0x2a, 0x20, 0x2d, 0x2d, 0x2d, 
	0x2d, 0x20, 0x6f, 0x70, 0x65, 0x72, 0x61, 0x74, 0x6f, 0x72, 
	0x20, 0x61, 0x63, 0x74, 0x69, 0x6f, 0x6e, 0x73, 0x20, 0x2d, 
	0x2d, 0x2d, 0x2d, 0x2d, 0x2d, 0x2d, 0x2d, 0x2d, 0x2d, 0x2d, 
	0x2d, 0x2d, 0x2d, 0x2d, 0x2d, 0x2d, 0x2d, 0x2d, 0x2d, 0x2d, 
	0x2d, 0x2d, 0x2d, 0x2d, 0x2d, 0x2d, 0x2d, 0x2d, 0x2d, 0x2d, 
	0x2d, 0x2d, 0x2d, 0x2d, 0x2d, 0x2d, 0x2d, 0x2d, 0x2d, 0x2d, 
	0x2d, 0x2d, 0x2d, 0x2d, 0x2d, 0x20, 0x2a, 0x2f, 0xa, 0x20, 
	0x20, 0x20, 0x20, 0x72, 0x65, 0x71, 0x75, 0x65, 0x73, 0x74, 
	0x44, 0x72, 0x69, 0x76, 0x65, 0x4d, 0x6f, 0x64, 0x65, 0x54, 
	0x6f, 0x67, 0x67, 0x6c, 0x65, 0x28, 0x29, 0x20, 0x7b, 0xa, 
	0x20, 0x20, 0x20, 0x20, 0x20, 0x20, 0x20, 0x20, 0x69, 0x66, 
	0x20, 0x28, 0x74, 0x68, 0x69, 0x73, 0x2e, 0x70, 0x65, 0x6e, 
	0x64, 0x69, 0x6e, 0x67, 0x29, 0x20, 0x72, 0x65, 0x74, 0x75, 
	0x72, 0x6e, 0x3b, 0xa, 0x20, 0x20, 0x20, 0x20, 0x20, 0x20, 
	0x20, 0x20, 0x63, 0x6f, 0x6e, 0x73, 0x74, 0x20, 0x73, 0x20, 
	0x3d, 0x20, 0x74, 0x68, 0x69, 0x73, 0x2e, 0x73, 0x74, 0x61, 
	0x74, 0x65, 0x3b, 0xa, 0x20, 0x20, 0x20, 0x20, 0x20, 0x20, 
	0x20, 0x20, 0x69, 0x66, 0x20, 0x28, 0x73, 0x20, 0x3d, 0x3d, 
	0x3d, 0x20, 0x55, 0x49, 0x53, 0x74, 0x61, 0x74, 0x65, 0x2e, 
	0x4d, 0x41, 0x4e, 0x55, 0x41, 0x4c, 0x29, 0x20, 0x74, 0x68, 
	0x69, 0x73, 0x2e, 0x73, 0x65, 0x74, 0x50, 0x65, 0x6e, 0x64, 
	0x69, 0x6e, 0x67, 0x28, 0x43, 0x6d, 0x64, 0x2e, 0x41, 0x55, 
	0x54, 0x4f, 0x29, 0x3b, 0xa, 0x20, 0x20, 0x20, 0x20, 0x20, 
	0x20, 0x20, 0x20, 0x65, 0x6c, 0x73, 0x65, 0x20, 0x69, 0x66, 
	0x20, 0x28, 0x73, 0x20, 0x3d, 0x3d, 0x3d, 0x20, 0x55, 0x49, 
	0x53, 0x74, 0x61, 0x74, 0x65, 0x2e, 0x41, 0x55, 0x54, 0x4f, 
	0x20, 0x7c, 0x7c, 0x20, 0x73, 0x20, 0x3d, 0x3d, 0x3d, 0x20, 
	0x55, 0x49, 0x53, 0x74, 0x61, 0x74, 0x65, 0x2e, 0x41, 0x55, 
	0x54, 0x4f, 0x5f, 0x54, 0x4f, 0x52, 0x29, 0x20, 0x74, 0x68, 
	0x69, 0x73, 0x2e, 0x73, 0x65, 0x74, 0x50, 0x65, 0x6e, 0x64, 
	0x69, 0x6e, 0x67, 0x28, 0x43, 0x6d, 0x64, 0x2e, 0x4d, 0x41, 
	0x4e, 0x55, 0x41, 0x4c, 0x2c, 0x20, 0x73, 0x20, 0x3d, 0x3d, 
	0x3d, 0x20, 0x55, 0x49, 0x53, 0x74, 0x61, 0x74, 0x65, 0x2e, 
	0x41, 0x55, 0x54, 0x4f, 0x5f, 0x54, 0x4f, 0x52, 0x29, 0x3b, 
	0xa, 0x20, 0x20, 0x20, 0x20, 0x7d, 0xa, 0xa, 0x20, 0x20, 
	0x20, 0x20, 0x72, 0x65, 0x71, 0x75, 0x65, 0x73, 0x74, 0x54, 
	0x6f, 0x72, 0x54, 0x61, 0x6b, 0x65, 0x6f, 0x76, 0x65, 0x72, 
	0x28, 0x29, 0x20, 0x7b, 0x20, 0x74, 0x68, 0x69, 0x73, 0x2e, 
	0x73, 0x65, 0x74, 0x50, 0x65, 0x6e, 0x64, 0x69, 0x6e, 0x67, 
	0x28, 0x43, 0x6d, 0x64, 0x2e, 0x4d, 0x41, 0x4e, 0x55, 0x41, 
	0x4c, 0x2c, 0x20, 0x74, 0x72, 0x75, 0x65, 0x29, 0x3b, 0x20, 
	0x7d, 0xa, 0xa, 0x20, 0x20, 0x20, 0x20, 0x2f, 0x2a, 0x20, 
	0x4f, 0x6e, 0x65, 0x20, 0x62, 0x75, 0x74, 0x74, 0x6f, 0x6e, 
	0x3a, 0x20, 0x41, 0x42, 0x4f, 0x52, 0x54, 0x20, 0x6e, 0x6f, 
	0x72, 0x6d, 0x61, 0x6c, 0x6c, 0x79, 0x2c, 0x20, 0x52, 0x45, 
	0x53, 0x45, 0x54, 0x20, 0x6f, 0x6e, 0x20, 0x74, 0x68, 0x65, 
	0x20, 0x61, 0x62, 0x6f, 0x72, 0x74, 0x20, 0x73, 0x63, 0x72, 
	0x65, 0x65, 0x6e, 0x2e, 0x20, 0x2a, 0x2f, 0xa, 0x20, 0x20, 
	0x20, 0x20, 0x72, 0x65, 0x71, 0x75, 0x65, 0x73, 0x74, 0x41, 
	0x62, 0x6f, 0x72, 0x74, 0x41, 0x63, 0x74, 0x69, 0x6f, 0x6e, 
	0x28, 0x29, 0x20, 0x7b, 0xa, 0x20, 0x20, 0x20, 0x20, 0x20, 
	0x20, 0x20, 0x20, 0x74, 0x68, 0x69, 0x73, 0x2e, 0x61, 0x70, 
	0x70, 0x2e, 0x69, 0x6e, 0x70, 0x75, 0x74, 0x2e, 0x72, 0x65, 
	0x73, 0x65, 0x74, 0x28, 0x29, 0x3b, 0xa, 0x20, 0x20, 0x20, 
	0x20, 0x20, 0x20, 0x20, 0x20, 0x74, 0x68, 0x69, 0x73, 0x2e, 
	0x73, 0x65, 0x74, 0x50, 0x65, 0x6e, 0x64, 0x69, 0x6e, 0x67, 
	0x28, 0x69, 0x73, 0x41, 0x62, 0x6f, 0x72, 0x74, 0x28, 0x74, 
	0x68, 0x69, 0x73, 0x2e, 0x73, 0x74, 0x61, 0x74, 0x65, 0x29, 
	0x20, 0x3f, 0x20, 0x43, 0x6d, 0x64, 0x2e, 0x52, 0x45, 0x53, 
	0x45, 0x54, 0x20, 0x3a, 0x20, 0x43, 0x6d, 0x64, 0x2e, 0x53, 
	0x54, 0x4f, 0x50, 0x29, 0x3b, 0xa, 0x20, 0x20, 0x20, 0x20, 
	0x7d, 0xa, 0xa, 0x20, 0x20, 0x20, 0x20, 0x2f, 0x2a, 0x20, 
	0x2d, 0x2d, 0x2d, 0x2d, 0x20, 0x63, 0x6f, 0x6d, 0x6d, 0x75, 
	0x6e, 0x69, 0x63, 0x61, 0x74, 0x69, 0x6f, 0x6e, 0x20, 0x2d, 
	0x2d, 0x2d, 0x2d, 0x2d, 0x2d, 0x2d, 0x2d, 0x2d, 0x2d, 0x2d, 
	0x2d, 0x2d, 0x2d, 0x2d, 0x2d, 0x2d, 0x2d, 0x2d, 0x2d, 0x2d, 
	0x2d, 0x2d, 0x2d, 0x2d, 0x2d, 0x2d, 0x2d, 0x2d, 0x2d, 0x2d, 
	0x2d, 0x2d, 0x2d, 0x2d, 0x2d, 0x2d, 0x2d, 0x2d, 0x2d, 0x2d, 
	0x2d, 0x2d, 0x2d, 0x2d, 0x2d, 0x2d, 0x2d, 0x2d, 0x2d, 0x20, 
	0x2a, 0x2f, 0xa, 0x20, 0x20, 0x20, 0x20, 0x2f, 0x2a, 0x20, 
	0x43, 0x61, 0x6c, 0x6c, 0x65, 0x64, 0x20, 0x6f, 0x6e, 0x63, 
	0x65, 0x20, 0x70, 0x65, 0x72, 0x20, 0x50, 0x4f, 0x53, 0x54, 
	0x2e, 0x20, 0x20, 0x60, 0x63, 0x6f, 0x6e, 0x74, 0x65, 0x78, 
	0x74, 0x60, 0x20, 0x74, 0x72, 0x61, 0x76, 0x65, 0x6c, 0x73, 
	0x20, 0x77, 0x69, 0x74, 0x68, 0x20, 0x74, 0x68, 0x61, 0x74, 
	0x20, 0x50, 0x4f, 0x53, 0x54, 0x20, 0x61, 0x6e, 0x64, 0x20, 
	0x63, 0x6f, 0x6d, 0x65, 0x73, 0x20, 0x62, 0x61, 0x63, 0x6b, 
	0xa, 0x20, 0x20, 0x20, 0x20, 0x20, 0x2a, 0x20, 0x77, 0x69, 
	0x74, 0x68, 0x20, 0x69, 0x74, 0x73, 0x20, 0x72, 0x65, 0x73, 
	0x70, 0x6f, 0x6e, 0x73, 0x65, 0x2c, 0x20, 0x73, 0x6f, 0x20, 
	0x61, 0x6e, 0x20, 0x6f, 0x6c, 0x64, 0x20, 0x72, 0x65, 0x73, 
	0x70, 0x6f, 0x6e, 0x73, 0x65, 0x20, 0x63, 0x61, 0x6e, 0x20, 
	0x6e, 0x65, 0x76, 0x65, 0x72, 0x20, 0x63, 0x6f, 0x6e, 0x66, 
	0x69, 0x72, 0x6d, 0x20, 0x61, 0x20, 0x6e, 0x65, 0x77, 0x65, 
	0x72, 0x20, 0x63, 0x6c, 0x69, 0x63, 0x6b, 0x2e, 0x20, 0x2a, 
	0x2f, 0xa, 0x20, 0x20, 0x20, 0x20, 0x6e, 0x65, 0x78, 0x74, 
	0x52, 0x65, 0x71, 0x75, 0x65, 0x73, 0x74, 0x28, 0x29, 0x20, 
	0x7b, 0xa, 0x20, 0x20, 0x20, 0x20, 0x20, 0x20, 0x20, 0x20, 
	0x63, 0x6f, 0x6e, 0x73, 0x74, 0x20, 0x70, 0x20, 0x3d, 0x20, 
	0x74, 0x68, 0x69, 0x73, 0x2e, 0x70, 0x65, 0x6e, 0x64, 0x69, 
	0x6e, 0x67, 0x2c, 0x20, 0x64, 0x72, 0x69, 0x76, 0x65, 0x20, 
	0x3d, 0x20, 0x74, 0x68, 0x69, 0x73, 0x2e, 0x63, 0x61, 0x6e, 
	0x44, 0x72, 0x69, 0x76, 0x65, 0x2c, 0x20, 0x73, 0x20, 0x3d, 
	0x20, 0x74, 0x68, 0x69, 0x73, 0x2e, 0x73, 0x74, 0x61, 0x74, 
	0x65, 0x3b, 0xa, 0x20, 0x20, 0x20, 0x20, 0x20, 0x20, 0x20, 
	0x20, 0x63, 0x6f, 0x6e, 0x73, 0x74, 0x20, 0x63, 0x6c, 0x69, 
	0x65, 0x6e, 0x74, 0x4d, 0x6f, 0x64, 0x65, 0x20, 0x3d, 0x20, 
	0x69, 0x73, 0x41, 0x62, 0x6f, 0x72, 0x74, 0x28, 0x73, 0x29, 
	0x20, 0x3f, 0x20, 0x73, 0x20, 0x3a, 0xa, 0x20, 0x20, 0x20, 
	0x20, 0x20, 0x20, 0x20, 0x20, 0x20, 0x20, 0x20, 0x20, 0x28, 
	0x70, 0x3f, 0x2e, 0x6b, 0x69, 0x6e, 0x64, 0x20, 0x21, 0x3d, 
	0x3d, 0x20, 0x43, 0x6d, 0x64, 0x2e, 0x4d, 0x41, 0x4e, 0x55, 
	0x41, 0x4c, 0x20, 0x26, 0x26, 0x20, 0x41, 0x55, 0x54, 0x4f, 
	0x5f, 0x46, 0x41, 0x4d, 0x49, 0x4c, 0x59, 0x2e, 0x68, 0x61, 
	0x73, 0x28, 0x73, 0x29, 0x29, 0x20, 0x3f, 0x20, 0x4d, 0x43, 
	0x55, 0x4d, 0x6f, 0x64, 0x65, 0x2e, 0x41, 0x55, 0x54, 0x4f, 
	0x20, 0x3a, 0x20, 0x4d, 0x43, 0x55, 0x4d, 0x6f, 0x64, 0x65, 
	0x2e, 0x4d, 0x41, 0x4e, 0x55, 0x41, 0x4c, 0x3b, 0xa, 0x20, 
	0x20, 0x20, 0x20, 0x20, 0x20, 0x20, 0x20, 0x63, 0x6f, 0x6e, 
	0x73, 0x74, 0x20, 0x6d, 0x6f, 0x64, 0x65, 0x52, 0x65, 0x71, 
	0x75, 0x65, 0x73, 0x74, 0x20, 0x3d, 0x20, 0x28, 0x70, 0x3f, 
	0x2e, 0x6b, 0x69, 0x6e, 0x64, 0x20, 0x3d, 0x3d, 0x3d, 0x20, 
	0x43, 0x6d, 0x64, 0x2e, 0x41, 0x55, 0x54, 0x4f, 0x20, 0x7c, 
	0x7c, 0x20, 0x70, 0x3f, 0x2e, 0x6b, 0x69, 0x6e, 0x64, 0x20, 
	0x3d, 0x3d, 0x3d, 0x20, 0x43, 0x6d, 0x64, 0x2e, 0x4d, 0x41, 
	0x4e, 0x55, 0x41, 0x4c, 0x29, 0x20, 0x3f, 0x20, 0x70, 0x2e, 
	0x6b, 0x69, 0x6e, 0x64, 0x20, 0x3a, 0x20, 0x4d, 0x6f, 0x64, 
	0x65, 0x52, 0x65, 0x71, 0x75, 0x65, 0x73, 0x74, 0x2e, 0x4e, 
	0x4f, 0x4e, 0x45, 0x3b, 0xa, 0x20, 0x20, 0x20, 0x20, 0x20, 
	0x20, 0x20, 0x20, 0x72, 0x65, 0x74, 0x75, 0x72, 0x6e, 0x20, 
	0x7b, 0xa, 0x20, 0x20, 0x20, 0x20, 0x20, 0x20, 0x20, 0x20, 
	0x20, 0x20, 0x20, 0x20, 0x70, 0x61, 0x79, 0x6c, 0x6f, 0x61, 
	0x64, 0x3a, 0x20, 0x7b, 0xa, 0x20, 0x20, 0x20, 0x20, 0x20, 
	0x20, 0x20, 0x20, 0x20, 0x20, 0x20, 0x20, 0x20, 0x20, 0x20, 
	0x20, 0x63, 0x6c, 0x69, 0x65, 0x6e, 0x74, 0x5f, 0x6d, 0x6f, 
	0x64, 0x65, 0x3a, 0x20, 0x20, 0x20, 0x20, 0x20, 0x20, 0x20, 
	0x20, 0x20, 0x20, 0x63, 0x6c, 0x69, 0x65, 0x6e, 0x74, 0x4d, 
	0x6f, 0x64, 0x65, 0x2c, 0xa, 0x20, 0x20, 0x20, 0x20, 0x20, 
	0x20, 0x20, 0x20, 0x20, 0x20, 0x20, 0x20, 0x20, 0x20, 0x20, 
	0x20, 0x74, 0x68, 0x72, 0x6f, 0x74, 0x74, 0x6c, 0x65, 0x3a, 
	0x20, 0x20, 0x20, 0x20, 0x20, 0x20, 0x20, 0x20, 0x20, 0x20, 
	0x20, 0x20, 0x20, 0x64, 0x72, 0x69, 0x76, 0x65, 0x20, 0x3f, 
	0x20, 0x74, 0x68, 0x69, 0x73, 0x2e, 0x61, 0x70, 0x70, 0x2e, 
	0x69, 0x6e, 0x70, 0x75, 0x74, 0x2e, 0x67, 0x65, 0x74, 0x54, 
	0x68, 0x72, 0x6f, 0x74, 0x74, 0x6c, 0x65, 0x28, 0x29, 0x20, 
	0x3a, 0x20, 0x30, 0x2c, 0xa, 0x20, 0x20, 0x20, 0x20, 0x20, 
	0x20, 0x20, 0x20, 0x20, 0x20, 0x20, 0x20, 0x20, 0x20, 0x20, 
	0x20, 0x73, 0x74, 0x65, 0x65, 0x72, 0x69, 0x6e, 0x67, 0x3a, 
	0x20, 0x20, 0x20, 0x20, 0x20, 0x20, 0x20, 0x20, 0x20, 0x20, 
	0x20, 0x20, 0x20, 0x64, 0x72, 0x69, 0x76, 0x65, 0x20, 0x3f, 
	0x20, 0x74, 0x68, 0x69, 0x73, 0x2e, 0x61, 0x70, 0x70, 0x2e, 
	0x69, 0x6e, 0x70, 0x75, 0x74, 0x2e, 0x67, 0x65, 0x74, 0x53, 
	0x74, 0x65, 0x65, 0x72, 0x69, 0x6e, 0x67, 0x28, 0x29, 0x20, 
	0x3a, 0x20, 0x30, 0x2c, 0xa, 0x20, 0x20, 0x20, 0x20, 0x20, 
	0x20, 0x20, 0x20, 0x20, 0x20, 0x20, 0x20, 0x20, 0x20, 0x20, 
	0x20, 0x6d, 0x6f, 0x64, 0x65, 0x5f, 0x72, 0x65, 0x71, 0x75, 
	0x65, 0x73, 0x74, 0x3a, 0x20, 0x20, 0x20, 0x20, 0x20, 0x20, 
	0x20, 0x20, 0x20, 0x6d, 0x6f, 0x64, 0x65, 0x52, 0x65, 0x71, 
	0x75, 0x65, 0x73, 0x74, 0x2c, 0xa, 0x20, 0x20, 0x20, 0x20, 
	0x20, 0x20, 0x20, 0x20, 0x20, 0x20, 0x20, 0x20, 0x20, 0x20, 
	0x20, 0x20, 0x64, 0x65, 0x61, 0x64, 0x6d, 0x61, 0x6e, 0x3a, 
	0x20, 0x20, 0x20, 0x20, 0x20, 0x20, 0x20, 0x20, 0x20, 0x20, 
	0x20, 0x20, 0x20, 0x20, 0x64, 0x72, 0x69, 0x76, 0x65, 0x20, 
	0x3f, 0x20, 0x74, 0x68, 0x69, 0x73, 0x2e, 0x61, 0x70, 0x70, 
	0x2e, 0x69, 0x6e, 0x70, 0x75, 0x74, 0x2e, 0x67, 0x65, 0x74, 
	0x44, 0x65, 0x61, 0x64, 0x6d, 0x61, 0x6e, 0x28, 0x29, 0x20, 
	0x3a, 0x20, 0x66, 0x61, 0x6c, 0x73, 0x65, 0x2c, 0xa, 0x20, 
	0x20, 0x20, 0x20, 0x20, 0x20, 0x20, 0x20, 0x20, 0x20, 0x20, 
	0x20, 0x20, 0x20, 0x20, 0x20, 0x65, 0x73, 0x74, 0x6f, 0x70, 
	0x5f, 0x72, 0x65, 0x71, 0x75, 0x65, 0x73, 0x74, 0x3a, 0x20, 
	0x20, 0x20, 0x20, 0x20, 0x20, 0x20, 0x20, 0x66, 0x61, 0x6c, 
	0x73, 0x65, 0x2c, 0x20, 0x20, 0x20, 0x2f, 0x2a, 0x20, 0x6e, 
	0x6f, 0x20, 0x45, 0x53, 0x54, 0x4f, 0x50, 0x20, 0x62, 0x75, 
	0x74, 0x74, 0x6f, 0x6e, 0x3b, 0x20, 0x66, 0x69, 0x65, 0x6c, 
	0x64, 0x20, 0x6b, 0x65, 0x70, 0x74, 0x20, 0x66, 0x6f, 0x72, 
	0x20, 0x74, 0x68, 0x65, 0x20, 0x70, 0x72, 0x6f, 0x74, 0x6f, 
	0x63, 0x6f, 0x6c, 0x20, 0x2a, 0x2f, 0xa, 0x20, 0x20, 0x20, 
	0x20, 0x20, 0x20, 0x20, 0x20, 0x20, 0x20, 0x20, 0x20, 0x20, 
	0x20, 0x20, 0x20, 0x6d, 0x61, 0x6e, 0x75, 0x61, 0x6c, 0x5f, 
	0x61, 0x62, 0x6f, 0x72, 0x74, 0x5f, 0x72, 0x65, 0x71, 0x75, 
	0x65, 0x73, 0x74, 0x3a, 0x20, 0x70, 0x3f, 0x2e, 0x6b, 0x69, 
	0x6e, 0x64, 0x20, 0x3d, 0x3d, 0x3d, 0x20, 0x43, 0x6d, 0x64, 
	0x2e, 0x53, 0x54, 0x4f, 0x50, 0x2c, 0xa, 0x20, 0x20, 0x20, 
	0x20, 0x20, 0x20, 0x20, 0x20, 0x20, 0x20, 0x20, 0x20, 0x20, 
	0x20, 0x20, 0x20, 0x72, 0x65, 0x73, 0x65, 0x74, 0x5f, 0x61, 
	0x62, 0x6f, 0x72, 0x74, 0x5f, 0x72, 0x65, 0x71, 0x75, 0x65, 
	0x73, 0x74, 0x3a, 0x20, 0x20, 0x70, 0x3f, 0x2e, 0x6b, 0x69, 
	0x6e, 0x64, 0x20, 0x3d, 0x3d, 0x3d, 0x20, 0x43, 0x6d, 0x64, 
	0x2e, 0x52, 0x45, 0x53, 0x45, 0x54, 0xa, 0x20, 0x20, 0x20, 
	0x20, 0x20, 0x20, 0x20, 0x20, 0x20, 0x20, 0x20, 0x20, 0x7d, 
	0x2c, 0xa, 0x20, 0x20, 0x20, 0x20, 0x20, 0x20, 0x20, 0x20, 
	0x20, 0x20, 0x20, 0x20, 0x63, 0x6f, 0x6e, 0x74, 0x65, 0x78, 
	0x74, 0x3a, 0x20, 0x7b, 0x20, 0x70, 0x65, 0x6e, 0x64, 0x69, 
	0x6e, 0x67, 0x49, 0x64, 0x3a, 0x20, 0x70, 0x3f, 0x2e, 0x69, 
	0x64, 0x20, 0x3f, 0x3f, 0x20, 0x6e, 0x75, 0x6c, 0x6c, 0x2c, 
	0x20, 0x62, 0x61, 0x73, 0x65, 0x6c, 0x69, 0x6e, 0x65, 0x57, 
	0x65, 0x62, 0x53, 0x65, 0x71, 0x3a, 0x20, 0x74, 0x68, 0x69, 
	0x73, 0x2e, 0x6d, 0x63, 0x75, 0x2e, 0x77, 0x65, 0x62, 0x5f, 
	0x73, 0x65, 0x71, 0x20, 0x7d, 0xa, 0x20, 0x20, 0x20, 0x20, 
	0x20, 0x20, 0x20, 0x20, 0x7d, 0x3b, 0xa, 0x20, 0x20, 0x20, 
	0x20, 0x7d, 0xa, 0xa, 0x20, 0x20, 0x20, 0x20, 0x68, 0x61, 
	0x6e, 0x64, 0x6c, 0x65, 0x48, 0x65, 0x61, 0x72, 0x74, 0x62, 
	0x65, 0x61, 0x74, 0x28, 0x6d, 0x63, 0x75, 0x2c, 0x20, 0x63, 
	0x6f, 0x6e, 0x74, 0x65, 0x78, 0x74, 0x20, 0x3d, 0x20, 0x7b, 
	0x7d, 0x29, 0x20, 0x7b, 0xa, 0x20, 0x20, 0x20, 0x20, 0x20, 
	0x20, 0x20, 0x20, 0x74, 0x68, 0x69, 0x73, 0x2e, 0x6d, 0x63, 
	0x75, 0x20, 0x3d, 0x20, 0x6d, 0x63, 0x75, 0x3b, 0xa, 0x20, 
	0x20, 0x20, 0x20, 0x20, 0x20, 0x20, 0x20, 0x63, 0x6f, 0x6e, 
	0x73, 0x74, 0x20, 0x70, 0x20, 0x3d, 0x20, 0x74, 0x68, 0x69, 
	0x73, 0x2e, 0x70, 0x65, 0x6e, 0x64, 0x69, 0x6e, 0x67, 0x3b, 
	0xa, 0xa, 0x20, 0x20, 0x20, 0x20, 0x20, 0x20, 0x20, 0x20, 
	0x69, 0x66, 0x20, 0x28, 0x70, 0x20, 0x26, 0x26, 0x20, 0x69, 
	0x73, 0x41, 0x62, 0x6f, 0x72, 0x74, 0x28, 0x6d, 0x63, 0x75, 
	0x2e, 0x6d, 0x6f, 0x64, 0x65, 0x29, 0x20, 0x26, 0x26, 0x20, 
	0x28, 0x70, 0x2e, 0x6b, 0x69, 0x6e, 0x64, 0x20, 0x3d, 0x3d, 
	0x3d, 0x20, 0x43, 0x6d, 0x64, 0x2e, 0x41, 0x55, 0x54, 0x4f, 
	0x20, 0x7c, 0x7c, 0x20, 0x70, 0x2e, 0x6b, 0x69, 0x6e, 0x64, 
	0x20, 0x3d, 0x3d, 0x3d, 0x20, 0x43, 0x6d, 0x64, 0x2e, 0x4d, 
	0x41, 0x4e, 0x55, 0x41, 0x4c, 0x29, 0x29, 0x20, 0x7b, 0xa, 
	0x20, 0x20, 0x20, 0x20, 0x20, 0x20, 0x20, 0x20, 0x20, 0x20, 
	0x20, 0x20, 0x72, 0x65, 0x74, 0x75, 0x72, 0x6e, 0x20, 0x74, 
	0x68, 0x69, 0x73, 0x2e, 0x73, 0x65, 0x74, 0x50, 0x65, 0x6e, 
	0x64, 0x69, 0x6e, 0x67, 0x28, 0x6e, 0x75, 0x6c, 0x6c, 0x29, 
	0x3b, 0x20, 0x20, 0x20, 0x20, 0x20, 0x20, 0x20, 0x20, 0x20, 
	0x20, 0x20, 0x20, 0x20, 0x20, 0x20, 0x2f, 0x2a, 0x20, 0x4d, 
	0x33, 0x33, 0x20, 0x61, 0x62, 0x6f, 0x72, 0x74, 0x65, 0x64, 
	0x3a, 0x20, 0x6e, 0x6f, 0x74, 0x68, 0x69, 0x6e, 0x67, 0x20, 
	0x6c, 0x65, 0x66, 0x74, 0x20, 0x74, 0x6f, 0x20, 0x73, 0x77, 
	0x69, 0x74, 0x63, 0x68, 0x20, 0x2a, 0x2f, 0xa, 0x20, 0x20, 
	0x20, 0x20, 0x20, 0x20, 0x20, 0x20, 0x7d, 0xa, 0x20, 0x20, 
	0x20, 0x20, 0x20, 0x20, 0x20, 0x20, 0x69, 0x66, 0x20, 0x28, 
	0x21, 0x70, 0x20, 0x7c, 0x7c, 0x20, 0x63, 0x6f, 0x6e, 0x74, 
	0x65, 0x78, 0x74, 0x2e, 0x70, 0x65, 0x6e, 0x64, 0x69, 0x6e, 
	0x67, 0x49, 0x64, 0x20, 0x21, 0x3d, 0x3d, 0x20, 0x70, 0x2e, 
	0x69, 0x64, 0x20, 0x7c, 0x7c, 0x20, 0x21, 0x69, 0x73, 0x46, 
	0x72, 0x65, 0x73, 0x68, 0x28, 0x6d, 0x63, 0x75, 0x2e, 0x77, 
	0x65, 0x62, 0x5f, 0x73, 0x65, 0x71, 0x2c, 0x20, 0x63, 0x6f, 
	0x6e, 0x74, 0x65, 0x78, 0x74, 0x2e, 0x62, 0x61, 0x73, 0x65, 
	0x6c, 0x69, 0x6e, 0x65, 0x57, 0x65, 0x62, 0x53, 0x65, 0x71, 
	0x29, 0x29, 0x20, 0x7b, 0xa, 0x20, 0x20, 0x20, 0x20, 0x20, 
	0x20, 0x20, 0x20, 0x20, 0x20, 0x20, 0x20, 0x72, 0x65, 0x74, 
	0x75, 0x72, 0x6e, 0x20, 0x74, 0x68, 0x69, 0x73, 0x2e, 0x72, 
	0x65, 0x6e, 0x64, 0x65, 0x72, 0x28, 0x29, 0x3b, 0x20, 0x20, 
	0x20, 0x20, 0x20, 0x20, 0x20, 0x20, 0x20, 0x20, 0x20, 0x20, 
	0x20, 0x20, 0x20, 0x20, 0x20, 0x20, 0x20, 0x20, 0x20, 0x20, 
	0x20, 0x2f, 0x2a, 0x20, 0x6e, 0x6f, 0x74, 0x20, 0x61, 0x6e, 
	0x20, 0x61, 0x6e, 0x73, 0x77, 0x65, 0x72, 0x20, 0x74, 0x6f, 
	0x20, 0x74, 0x68, 0x65, 0x20, 0x70, 0x65, 0x6e, 0x64, 0x69, 
	0x6e, 0x67, 0x20, 0x63, 0x6f, 0x6d, 0x6d, 0x61, 0x6e, 0x64, 
	0x20, 0x2a, 0x2f, 0xa, 0x20, 0x20, 0x20, 0x20, 0x20, 0x20, 
	0x20, 0x20, 0x7d, 0xa, 0xa, 0x20, 0x20, 0x20, 0x20, 0x20, 
	0x20, 0x20, 0x20, 0x73, 0x77, 0x69, 0x74, 0x63, 0x68, 0x20, 
	0x28, 0x70, 0x2e, 0x6b, 0x69, 0x6e, 0x64, 0x29, 0x20, 0x7b, 
	0xa, 0x20, 0x20, 0x20, 0x20, 0x20, 0x20, 0x20, 0x20, 0x63, 
	0x61, 0x73, 0x65, 0x20, 0x43, 0x6d, 0x64, 0x2e, 0x53, 0x54, 
	0x4f, 0x50, 0x3a, 0xa, 0x20, 0x20, 0x20, 0x20, 0x20, 0x20, 
	0x20, 0x20, 0x63, 0x61, 0x73, 0x65, 0x20, 0x43, 0x6d, 0x64, 
	0x2e, 0x52, 0x45, 0x53, 0x45, 0x54, 0x3a, 0xa, 0x20, 0x20, 
	0x20, 0x20, 0x20, 0x20, 0x20, 0x20, 0x20, 0x20, 0x20, 0x20, 
	0x69, 0x66, 0x20, 0x28, 0x21, 0x6d, 0x63, 0x75, 0x2e, 0x61, 
	0x72, 0x6d, 0x65, 0x64, 0x29, 0x20, 0x72, 0x65, 0x74, 0x75, 
	0x72, 0x6e, 0x20, 0x74, 0x68, 0x69, 0x73, 0x2e, 0x73, 0x65, 
	0x74, 0x50, 0x65, 0x6e, 0x64, 0x69, 0x6e, 0x67, 0x28, 0x6e, 
	0x75, 0x6c, 0x6c, 0x29, 0x3b, 0xa, 0x20, 0x20, 0x20, 0x20, 
	0x20, 0x20, 0x20, 0x20, 0x20, 0x20, 0x20, 0x20, 0x62, 0x72, 
	0x65, 0x61, 0x6b, 0x3b, 0xa, 0x20, 0x20, 0x20, 0x20, 0x20, 
	0x20, 0x20, 0x20, 0x63, 0x61, 0x73, 0x65, 0x20, 0x43, 0x6d, 
	0x64, 0x2e, 0x4d, 0x41, 0x4e, 0x55, 0x41, 0x4c, 0x3a, 0xa, 
	0x20, 0x20, 0x20, 0x20, 0x20, 0x20, 0x20, 0x20, 0x20, 0x20, 
	0x20, 0x20, 0x69, 0x66, 0x20, 0x28, 0x6d, 0x63, 0x75, 0x2e, 
	0x6d, 0x6f, 0x64, 0x65, 0x20, 0x3d, 0x3d, 0x3d, 0x20, 0x4d, 
	0x43, 0x55, 0x4d, 0x6f, 0x64, 0x65, 0x2e, 0x4d, 0x41, 0x4e, 
	0x55, 0x41, 0x4c, 0x20, 0x26, 0x26, 0x20, 0x21, 0x6d, 0x63, 
	0x75, 0x2e, 0x61, 0x72, 0x6d, 0x65, 0x64, 0x29, 0x20, 0x72, 
	0x65, 0x74, 0x75, 0x72, 0x6e, 0x20, 0x74, 0x68, 0x69, 0x73, 
	0x2e, 0x73, 0x65, 0x74, 0x50, 0x65, 0x6e, 0x64, 0x69, 0x6e, 
	0x67, 0x28, 0x6e, 0x75, 0x6c, 0x6c, 0x29, 0x3b, 0xa, 0x20, 
	0x20, 0x20, 0x20, 0x20, 0x20, 0x20, 0x20, 0x20, 0x20, 0x20, 
	0x20, 0x62, 0x72, 0x65, 0x61, 0x6b, 0x3b, 0xa, 0x20, 0x20, 
	0x20, 0x20, 0x20, 0x20, 0x20, 0x20, 0x63, 0x61, 0x73, 0x65, 
	0x20, 0x43, 0x6d, 0x64, 0x2e, 0x41, 0x55, 0x54, 0x4f, 0x3a, 
	0x20, 0x7b, 0xa, 0x20, 0x20, 0x20, 0x20, 0x20, 0x20, 0x20, 
	0x20, 0x20, 0x20, 0x20, 0x20, 0x69, 0x66, 0x20, 0x28, 0x6d, 
	0x63, 0x75, 0x2e, 0x6d, 0x6f, 0x64, 0x65, 0x20, 0x3d, 0x3d, 
	0x3d, 0x20, 0x4d, 0x43, 0x55, 0x4d, 0x6f, 0x64, 0x65, 0x2e, 
	0x41, 0x55, 0x54, 0x4f, 0x29, 0x20, 0x72, 0x65, 0x74, 0x75, 
	0x72, 0x6e, 0x20, 0x74, 0x68, 0x69, 0x73, 0x2e, 0x73, 0x65, 
	0x74, 0x50, 0x65, 0x6e, 0x64, 0x69, 0x6e, 0x67, 0x28, 0x6e, 
	0x75, 0x6c, 0x6c, 0x29, 0x3b, 0xa, 0x20, 0x20, 0x20, 0x20, 
	0x20, 0x20, 0x20, 0x20, 0x20, 0x20, 0x20, 0x20, 0x63, 0x6f, 
	0x6e, 0x73, 0x74, 0x20, 0x72, 0x65, 0x61, 0x73, 0x6f, 0x6e, 
	0x20, 0x3d, 0x20, 0x6d, 0x63, 0x75, 0x2e, 0x72, 0x65, 0x71, 
	0x75, 0x65, 0x73, 0x74, 0x5f, 0x72, 0x65, 0x6a, 0x65, 0x63, 
	0x74, 0x5f, 0x72, 0x65, 0x61, 0x73, 0x6f, 0x6e, 0x3b, 0xa, 
	0x20, 0x20, 0x20, 0x20, 0x20, 0x20, 0x20, 0x20, 0x20, 0x20, 
	0x20, 0x20, 0x69, 0x66, 0x20, 0x28, 0x72, 0x65, 0x61, 0x73, 
	0x6f, 0x6e, 0x20, 0x26, 0x26, 0x20, 0x72, 0x65, 0x61, 0x73, 
	0x6f, 0x6e, 0x20, 0x21, 0x3d, 0x3d, 0x20, 0x27, 0x4e, 0x4f, 
	0x4e, 0x45, 0x27, 0x29, 0x20, 0x7b, 0xa, 0x20, 0x20, 0x20, 
	0x20, 0x20, 0x20, 0x20, 0x20, 0x20, 0x20, 0x20, 0x20, 0x20, 
	0x20, 0x20, 0x20, 0x74, 0x68, 0x69, 0x73, 0x2e, 0x61, 0x70, 
	0x70, 0x2e, 0x75, 0x69, 0x2e, 0x73, 0x68, 0x6f, 0x77, 0x45, 
	0x72, 0x72, 0x6f, 0x72, 0x28, 0x60, 0xe5, 0x88, 0x87, 0xe6, 
	0x9b, 0xbf, 0xe6, 0x8b, 0x92, 0xe5, 0x90, 0xa6, 0x3a, 0x20, 
	0x24, 0x7b, 0x52, 0x65, 0x6a, 0x65, 0x63, 0x74, 0x52, 0x65, 
	0x61, 0x73, 0x6f, 0x6e, 0x54, 0x65, 0x78, 0x74, 0x5b, 0x72, 
	0x65, 0x61, 0x73, 0x6f, 0x6e, 0x5d, 0x20, 0x7c, 0x7c, 0x20, 
	0x72, 0x65, 0x61, 0x73, 0x6f, 0x6e, 0x7d, 0x60, 0x29, 0x3b, 
	0xa, 0x20, 0x20, 0x20, 0x20, 0x20, 0x20, 0x20, 0x20, 0x20, 
	0x20, 0x20, 0x20, 0x20, 0x20, 0x20, 0x20, 0x63, 0x6f, 0x6e, 
	0x73, 0x74, 0x20, 0x73, 0x61, 0x66, 0x65, 0x20, 0x3d, 0x20, 
	0x6d, 0x63, 0x75, 0x2e, 0x6d, 0x6f, 0x64, 0x65, 0x20, 0x3d, 
	0x3d, 0x3d, 0x20, 0x4d, 0x43, 0x55, 0x4d, 0x6f, 0x64, 0x65, 
	0x2e, 0x4d, 0x41, 0x4e, 0x55, 0x41, 0x4c, 0x20, 0x26, 0x26, 
	0x20, 0x21, 0x6d, 0x63, 0x75, 0x2e, 0x61, 0x72, 0x6d, 0x65, 
	0x64, 0x3b, 0xa, 0x20, 0x20, 0x20, 0x20, 0x20, 0x20, 0x20, 
	0x20, 0x20, 0x20, 0x20, 0x20, 0x20, 0x20, 0x20, 0x20, 0x72, 
	0x65, 0x74, 0x75, 0x72, 0x6e, 0x20, 0x74, 0x68, 0x69, 0x73, 
	0x2e, 0x73, 0x65, 0x74, 0x50, 0x65, 0x6e, 0x64, 0x69, 0x6e, 
	0x67, 0x28, 0x73, 0x61, 0x66, 0x65, 0x20, 0x3f, 0x20, 0x6e, 
	0x75, 0x6c, 0x6c, 0x20, 0x3a, 0x20, 0x43, 0x6d, 0x64, 0x2e, 
	0x4d, 0x41, 0x4e, 0x55, 0x41, 0x4c, 0x29, 0x3b, 0xa, 0x20, 
	0x20, 0x20, 0x20, 0x20, 0x20, 0x20, 0x20, 0x20, 0x20, 0x20, 
	0x20, 0x7d, 0xa, 0x20, 0x20, 0x20, 0x20, 0x20, 0x20, 0x20, 
	0x20, 0x20, 0x20, 0x20, 0x20, 0x62, 0x72, 0x65, 0x61, 0x6b, 
	0x3b, 0xa, 0x20, 0x20, 0x20, 0x20, 0x20, 0x20, 0x20, 0x20, 
	0x7d, 0xa, 0x20, 0x20, 0x20, 0x20, 0x20, 0x20, 0x20, 0x20, 
	0x7d, 0xa, 0x20, 0x20, 0x20, 0x20, 0x20, 0x20, 0x20, 0x20, 
	0x74, 0x68, 0x69, 0x73, 0x2e, 0x72, 0x65, 0x6e, 0x64, 0x65, 
	0x72, 0x28, 0x29, 0x3b, 0xa, 0x20, 0x20, 0x20, 0x20, 0x7d, 
	0xa, 0xa, 0x20, 0x20, 0x20, 0x20, 0x68, 0x61, 0x6e, 0x64, 
	0x6c, 0x65, 0x43, 0x6f, 0x6e, 0x6e, 0x65, 0x63, 0x74, 0x28, 
	0x29, 0x20, 0x7b, 0xa, 0x20, 0x20, 0x20, 0x20, 0x20, 0x20, 
	0x20, 0x20, 0x74, 0x68, 0x69, 0x73, 0x2e, 0x63, 0x6f, 0x6e, 
	0x6e, 0x65, 0x63, 0x74, 0x65, 0x64, 0x20, 0x3d, 0x20, 0x74, 
	0x72, 0x75, 0x65, 0x3b, 0xa, 0x20, 0x20, 0x20, 0x20, 0x20, 
	0x20, 0x20, 0x20, 0x74, 0x68, 0x69, 0x73, 0x2e, 0x72, 0x65, 
	0x6e, 0x64, 0x65, 0x72, 0x28, 0x29, 0x3b, 0xa, 0x20, 0x20, 
	0x20, 0x20, 0x7d, 0xa, 0xa, 0x20, 0x20, 0x20, 0x20, 0x68, 
	0x61, 0x6e, 0x64, 0x6c, 0x65, 0x44, 0x69, 0x73, 0x63, 0x6f, 
	0x6e, 0x6e, 0x65, 0x63, 0x74, 0x28, 0x29, 0x20, 0x7b, 0xa, 
	0x20, 0x20, 0x20, 0x20, 0x20, 0x20, 0x20, 0x20, 0x74, 0x68, 
	0x69, 0x73, 0x2e, 0x63, 0x6f, 0x6e, 0x6e, 0x65, 0x63, 0x74, 
	0x65, 0x64, 0x20, 0x3d, 0x20, 0x66, 0x61, 0x6c, 0x73, 0x65, 
	0x3b, 0xa, 0x20, 0x20, 0x20, 0x20, 0x20, 0x20, 0x20, 0x20, 
	0x69, 0x66, 0x20, 0x28, 0x74, 0x68, 0x69, 0x73, 0x2e, 0x70, 
	0x65, 0x6e, 0x64, 0x69, 0x6e, 0x67, 0x3f, 0x2e, 0x6b, 0x69, 
	0x6e, 0x64, 0x20, 0x3d, 0x3d, 0x3d, 0x20, 0x43, 0x6d, 0x64, 
	0x2e, 0x41, 0x55, 0x54, 0x4f, 0x29, 0x20, 0x7b, 0xa, 0x20, 
	0x20, 0x20, 0x20, 0x20, 0x20, 0x20, 0x20, 0x20, 0x20, 0x20, 
	0x20, 0x74, 0x68, 0x69, 0x73, 0x2e, 0x61, 0x70, 0x70, 0x2e, 
	0x75, 0x69, 0x2e, 0x73, 0x68, 0x6f, 0x77, 0x45, 0x72, 0x72, 
	0x6f, 0x72, 0x28, 0x27, 0xe9, 0x80, 0x9a, 0xe4, 0xbf, 0xa1, 
	0xe5, 0x88, 0x87, 0xe6, 0x96, 0xad, 0xe3, 0x81, 0xab, 0xe3, 
	0x82, 0x88, 0xe3, 0x82, 0x8a, 0x41, 0x55, 0x54, 0x4f, 0xe8, 
	0xa6, 0x81, 0xe6, 0xb1, 0x82, 0xe3, 0x82, 0x92, 0xe4, 0xb8, 
	0xad, 0xe6, 0x96, 0xad, 0x27, 0x29, 0x3b, 0xa, 0x20, 0x20, 
	0x20, 0x20, 0x20, 0x20, 0x20, 0x20, 0x20, 0x20, 0x20, 0x20, 
	0x74, 0x68, 0x69, 0x73, 0x2e, 0x73, 0x65, 0x74, 0x50, 0x65, 
	0x6e, 0x64, 0x69, 0x6e, 0x67, 0x28, 0x6e, 0x75, 0x6c, 0x6c, 
	0x29, 0x3b, 0xa, 0x20, 0x20, 0x20, 0x20, 0x20, 0x20, 0x20, 
	0x20, 0x7d, 0x20, 0x65, 0x6c, 0x73, 0x65, 0x20, 0x7b, 0xa, 
	0x20, 0x20, 0x20, 0x20, 0x20, 0x20, 0x20, 0x20, 0x20, 0x20, 
	0x20, 0x20, 0x74, 0x68, 0x69, 0x73, 0x2e, 0x72, 0x65, 0x6e, 
	0x64, 0x65, 0x72, 0x28, 0x29, 0x3b, 0xa, 0x20, 0x20, 0x20, 
	0x20, 0x20, 0x20, 0x20, 0x20, 0x7d, 0xa, 0x20, 0x20, 0x20, 
	0x20, 0x7d, 0xa, 0x7d, 0xa, };

static const unsigned char data_js_ui_js[] = {
	/* /js/ui.js */
	0x2f, 0x6a, 0x73, 0x2f, 0x75, 0x69, 0x2e, 0x6a, 0x73, 0,
	0x48, 0x54, 0x54, 0x50, 0x2f, 0x31, 0x2e, 0x30, 0x20, 0x32, 
	0x30, 0x30, 0x20, 0x4f, 0x4b, 0xd, 0xa, 0x53, 0x65, 0x72, 
	0x76, 0x65, 0x72, 0x3a, 0x20, 0x6c, 0x77, 0x49, 0x50, 0x2f, 
	0x70, 0x72, 0x65, 0x2d, 0x30, 0x2e, 0x36, 0x20, 0x28, 0x68, 
	0x74, 0x74, 0x70, 0x3a, 0x2f, 0x2f, 0x77, 0x77, 0x77, 0x2e, 
	0x73, 0x69, 0x63, 0x73, 0x2e, 0x73, 0x65, 0x2f, 0x7e, 0x61, 
	0x64, 0x61, 0x6d, 0x2f, 0x6c, 0x77, 0x69, 0x70, 0x2f, 0x29, 
	0xd, 0xa, 0x43, 0x6f, 0x6e, 0x74, 0x65, 0x6e, 0x74, 0x2d, 
	0x74, 0x79, 0x70, 0x65, 0x3a, 0x20, 0x61, 0x70, 0x70, 0x6c, 
	0x69, 0x63, 0x61, 0x74, 0x69, 0x6f, 0x6e, 0x2f, 0x6a, 0x61, 
	0x76, 0x61, 0x73, 0x63, 0x72, 0x69, 0x70, 0x74, 0xd, 0xa, 
	0xd, 0xa, 0x69, 0x6d, 0x70, 0x6f, 0x72, 0x74, 0x20, 0x7b, 
	0x20, 0x53, 0x74, 0x6f, 0x70, 0x52, 0x65, 0x61, 0x73, 0x6f, 
	0x6e, 0x54, 0x65, 0x78, 0x74, 0x2c, 0x20, 0x4f, 0x62, 0x73, 
	0x74, 0x61, 0x63, 0x6c, 0x65, 0x4b, 0x69, 0x6e, 0x64, 0x54, 
	0x65, 0x78, 0x74, 0x2c, 0x20, 0x43, 0x6f, 0x6e, 0x66, 0x69, 
	0x67, 0x20, 0x7d, 0x20, 0x66, 0x72, 0x6f, 0x6d, 0x20, 0x27, 
	0x2e, 0x2f, 0x63, 0x6f, 0x6e, 0x73, 0x74, 0x61, 0x6e, 0x74, 
	0x73, 0x2e, 0x6a, 0x73, 0x27, 0x3b, 0xa, 0xa, 0x63, 0x6f, 
	0x6e, 0x73, 0x74, 0x20, 0x24, 0x20, 0x3d, 0x20, 0x28, 0x69, 
	0x64, 0x29, 0x20, 0x3d, 0x3e, 0x20, 0x64, 0x6f, 0x63, 0x75, 
	0x6d, 0x65, 0x6e, 0x74, 0x2e, 0x67, 0x65, 0x74, 0x45, 0x6c, 
	0x65, 0x6d, 0x65, 0x6e, 0x74, 0x42, 0x79, 0x49, 0x64, 0x28, 
	0x69, 0x64, 0x29, 0x3b, 0xa, 0xa, 0x65, 0x78, 0x70, 0x6f, 
	0x72, 0x74, 0x20, 0x63, 0x6c, 0x61, 0x73, 0x73, 0x20, 0x55, 
	0x49, 0x4d, 0x61, 0x6e, 0x61, 0x67, 0x65, 0x72, 0x20, 0x7b, 
	0xa, 0x20, 0x20, 0x20, 0x20, 0x63, 0x6f, 0x6e, 0x73, 0x74, 
	0x72, 0x75, 0x63, 0x74, 0x6f, 0x72, 0x28, 0x63, 0x61, 0x6c, 
	0x6c, 0x62, 0x61, 0x63, 0x6b, 0x73, 0x20, 0x3d, 0x20, 0x7b, 
	0x7d, 0x29, 0x20, 0x7b, 0xa, 0x20, 0x20, 0x20, 0x20, 0x20, 
	0x20, 0x20, 0x20, 0x74, 0x68, 0x69, 0x73, 0x2e, 0x63, 0x62, 
	0x20, 0x20, 0x20, 0x20, 0x20, 0x20, 0x20, 0x20, 0x20, 0x20, 
	0x20, 0x3d, 0x20, 0x63, 0x61, 0x6c, 0x6c, 0x62, 0x61, 0x63, 
	0x6b, 0x73, 0x3b, 0xa, 0x20, 0x20, 0x20, 0x20, 0x20, 0x20, 
	0x20, 0x20, 0x74, 0x68, 0x69, 0x73, 0x2e, 0x61, 0x6c, 0x65, 
	0x72, 0x74, 0x54, 0x69, 0x6d, 0x65, 0x72, 0x20, 0x20, 0x20, 
	0x3d, 0x20, 0x6e, 0x75, 0x6c, 0x6c, 0x3b, 0xa, 0x20, 0x20, 
	0x20, 0x20, 0x20, 0x20, 0x20, 0x20, 0x74, 0x68, 0x69, 0x73, 
	0x2e, 0x6c, 0x61, 0x73, 0x74, 0x41, 0x6c, 0x61, 0x72, 0x6d, 
	0x53, 0x65, 0x71, 0x20, 0x3d, 0x20, 0x6e, 0x75, 0x6c, 0x6c, 
	0x3b, 0xa, 0x20, 0x20, 0x20, 0x20, 0x20, 0x20, 0x20, 0x20, 
	0x74, 0x68, 0x69, 0x73, 0x2e, 0x65, 0x6c, 0x20, 0x3d, 0x20, 
	0x7b, 0xa, 0x20, 0x20, 0x20, 0x20, 0x20, 0x20, 0x20, 0x20, 
	0x20, 0x20, 0x20, 0x20, 0x73, 0x74, 0x61, 0x74, 0x75, 0x73, 
	0x3a, 0x20, 0x20, 0x20, 0x20, 0x20, 0x24, 0x28, 0x27, 0x73, 
	0x74, 0x61, 0x74, 0x75, 0x73, 0x2d, 0x74, 0x65, 0x78, 0x74, 
	0x27, 0x29, 0x2c, 0xa, 0x20, 0x20, 0x20, 0x20, 0x20, 0x20, 
	0x20, 0x20, 0x20, 0x20, 0x20, 0x20, 0x64, 0x69, 0x73, 0x74, 
	0x3a, 0x20, 0x20, 0x20, 0x20, 0x20, 0x20, 0x20, 0x24, 0x28, 
	0x27, 0x64, 0x69, 0x73, 0x74, 0x61, 0x6e, 0x63, 0x65, 0x2d, 
	0x76, 0x61, 0x6c, 0x27, 0x29, 0x2c, 0xa, 0x20, 0x20, 0x20, 
	0x20, 0x20, 0x20, 0x20, 0x20, 0x20, 0x20, 0x20, 0x20, 0x62, 
	0x74, 0x6e, 0x4d, 0x6f, 0x64, 0x65, 0x3a, 0x20, 0x20, 0x20, 
	0x20, 0x24, 0x28, 0x27, 0x62, 0x74, 0x6e, 0x2d, 0x6d, 0x6f, 
	0x64, 0x65, 0x27, 0x29, 0x2c, 0xa, 0x20, 0x20, 0x20, 0x20, 
	0x20, 0x20, 0x20, 0x20, 0x20, 0x20, 0x20, 0x20, 0x73, 0x74, 
	0x6f, 0x70, 0x52, 0x65, 0x61, 0x73, 0x6f, 0x6e, 0x3a, 0x20, 
	0x24, 0x28, 0x27, 0x73, 0x74, 0x6f, 0x70, 0x2d, 0x72, 0x65, 
	0x61, 0x73, 0x6f, 0x6e, 0x2d, 0x74, 0x65, 0x78, 0x74, 0x27, 
	0x29, 0x2c, 0xa, 0x20, 0x20, 0x20, 0x20, 0x20, 0x20, 0x20, 
	0x20, 0x20, 0x20, 0x20, 0x20, 0x61, 0x6c, 0x65, 0x72, 0x74, 
	0x3a, 0x20, 0x20, 0x20, 0x20, 0x20, 0x20, 0x24, 0x28, 0x27, 
	0x61, 0x6c, 0x65, 0x72, 0x74, 0x2d, 0x62, 0x61, 0x6e, 0x6e, 
	0x65, 0x72, 0x27, 0x29, 0x2c, 0xa, 0x20, 0x20, 0x20, 0x20, 
	0x20, 0x20, 0x20, 0x20, 0x20, 0x20, 0x20, 0x20, 0x74, 0x6f, 
	0x72, 0x3a, 0x20, 0x20, 0x20, 0x20, 0x20, 0x20, 0x20, 0x20, 
	0x24, 0x28, 0x27, 0x74, 0x6f, 0x72, 0x2d, 0x63, 0x6f, 0x75, 
	0x6e, 0x74, 0x64, 0x6f, 0x77, 0x6e, 0x27, 0x29, 0x2c, 0xa, 
	0x20, 0x20, 0x20, 0x20, 0x20, 0x20, 0x20, 0x20, 0x20, 0x20, 
	0x20, 0x20, 0x61, 0x6c, 0x61, 0x72, 0x6d, 0x4b, 0x69, 0x6e, 
	0x64, 0x3a, 0x20, 0x20, 0x24, 0x28, 0x27, 0x61, 0x6c, 0x61, 
	0x72, 0x6d, 0x2d, 0x6b, 0x69, 0x6e, 0x64, 0x27, 0x29, 0x2c, 
	0xa, 0x20, 0x20, 0x20, 0x20, 0x20, 0x20, 0x20, 0x20, 0x20, 
	0x20, 0x20, 0x20, 0x74, 0x6f, 0x72, 0x4d, 0x65, 0x73, 0x73, 
	0x61, 0x67, 0x65, 0x3a, 0x20, 0x24, 0x28, 0x27, 0x74, 0x6f, 
	0x72, 0x2d, 0x6d, 0x65, 0x73, 0x73, 0x61, 0x67, 0x65, 0x27, 
	0x29, 0x2c, 0xa, 0x20, 0x20, 0x20, 0x20, 0x20, 0x20, 0x20, 
	0x20, 0x20, 0x20, 0x20, 0x20, 0x61, 0x6c, 0x61, 0x72, 0x6d, 
	0x4c, 0x6f, 0x67, 0x3a, 0x20, 0x20, 0x20, 0x24, 0x28, 0x27, 
	0x61, 0x6c, 0x61, 0x72, 0x6d, 0x2d, 0x6c, 0x6f, 0x67, 0x27, 
	0x29, 0xa, 0x20, 0x20, 0x20, 0x20, 0x20, 0x20, 0x20, 0x20, 
	0x7d, 0x3b, 0xa, 0x20, 0x20, 0x20, 0x20, 0x20, 0x20, 0x20, 
	0x20, 0x74, 0x68, 0x69, 0x73, 0x2e, 0x65, 0x6c, 0x2e, 0x62, 
	0x74, 0x6e, 0x4d, 0x6f, 0x64, 0x65, 0x3f, 0x2e, 0x61, 0x64, 
	0x64, 0x45, 0x76, 0x65, 0x6e, 0x74, 0x4c, 0x69, 0x73, 0x74, 
	0x65, 0x6e, 0x65, 0x72, 0x28, 0x27, 0x63, 0x6c, 0x69, 0x63, 
	0x6b, 0x27, 0x2c, 0x20, 0x28, 0x29, 0x20, 0x3d, 0x3e, 0x20, 
	0x74, 0x68, 0x69, 0x73, 0x2e, 0x63, 0x62, 0x2e, 0x6f, 0x6e, 
	0x44, 0x72, 0x69, 0x76, 0x65, 0x4d, 0x6f, 0x64, 0x65, 0x43, 
	0x6c, 0x69, 0x63, 0x6b, 0x3f, 0x2e, 0x28, 0x29, 0x29, 0x3b, 
	0xa, 0x20, 0x20, 0x20, 0x20, 0x20, 0x20, 0x20, 0x20, 0x24, 
	0x28, 0x27, 0x62, 0x74, 0x6e, 0x2d, 0x74, 0x61, 0x6b, 0x65, 
	0x6f, 0x76, 0x65, 0x72, 0x27, 0x29, 0x3f, 0x2e, 0x61, 0x64, 
	0x64, 0x45, 0x76, 0x65, 0x6e, 0x74, 0x4c, 0x69, 0x73, 0x74, 
	0x65, 0x6e, 0x65, 0x72, 0x28, 0x27, 0x63, 0x6c, 0x69, 0x63, 
	0x6b, 0x27, 0x2c, 0x20, 0x28, 0x29, 0x20, 0x3d, 0x3e, 0x20, 
	0x74, 0x68, 0x69, 0x73, 0x2e, 0x63, 0x62, 0x2e, 0x6f, 0x6e, 
	0x54, 0x6f, 0x72, 0x54, 0x61, 0x6b, 0x65, 0x6f, 0x76, 0x65, 
	0x72, 0x43, 0x6c, 0x69, 0x63, 0x6b, 0x3f, 0x2e, 0x28, 0x29, 
	0x29, 0x3b, 0xa, 0x20, 0x20, 0x20, 0x20, 0x20, 0x20, 0x20, 
	0x20, 0x24, 0x28, 0x27, 0x63, 0x61, 0x6d, 0x65, 0x72, 0x61, 
	0x27, 0x29, 0x3f, 0x2e, 0x61, 0x64, 0x64, 0x45, 0x76, 0x65, 
	0x6e, 0x74, 0x4c, 0x69, 0x73, 0x74, 0x65, 0x6e, 0x65, 0x72, 
	0x28, 0x27, 0x64, 0x72, 0x61, 0x67, 0x73, 0x74, 0x61, 0x72, 
	0x74, 0x27, 0x2c, 0x20, 0x28, 0x65, 0x29, 0x20, 0x3d, 0x3e, 
	0x20, 0x65, 0x2e, 0x70, 0x72, 0x65, 0x76, 0x65, 0x6e, 0x74, 
	0x44, 0x65, 0x66, 0x61, 0x75, 0x6c, 0x74, 0x28, 0x29, 0x29, 
	0x3b, 0xa, 0x20, 0x20, 0x20, 0x20, 0x20, 0x20, 0x20, 0x20, 
	0x74, 0x72, 0x79, 0x20, 0x7b, 0x20, 0x6e, 0x61, 0x76, 0x69, 
	0x67, 0x61, 0x74, 0x6f, 0x72, 0x2e, 0x77, 0x61, 0x6b, 0x65, 
	0x4c, 0x6f, 0x63, 0x6b, 0x3f, 0x2e, 0x72, 0x65, 0x71, 0x75, 
	0x65, 0x73, 0x74, 0x28, 0x27, 0x73, 0x63, 0x72, 0x65, 0x65, 
	0x6e, 0x27, 0x29, 0x3b, 0x20, 0x7d, 0x20, 0x63, 0x61, 0x74, 
	0x63, 0x68, 0x20, 0x28, 0x5f, 0x29, 0x20, 0x7b, 0x7d, 0xa, 
	0x20, 0x20, 0x20, 0x20, 0x7d, 0xa, 0xa, 0x20, 0x20, 0x20, 
	0x20, 0x72, 0x65, 0x6e, 0x64, 0x65, 0x72, 0x53, 0x74, 0x61, 
	0x74, 0x65, 0x28, 0x73, 0x74, 0x61, 0x74, 0x65, 0x2c, 0x20, 
	0x6d, 0x63, 0x75, 0x29, 0x20, 0x7b, 0xa, 0x20, 0x20, 0x20, 
	0x20, 0x20, 0x20, 0x20, 0x20, 0x64, 0x6f, 0x63, 0x75, 0x6d, 
	0x65, 0x6e, 0x74, 0x2e, 0x62, 0x6f, 0x64, 0x79, 0x2e, 0x64, 
	0x61, 0x74, 0x61, 0x73, 0x65, 0x74, 0x2e, 0x73, 0x74, 0x61, 
	0x74, 0x65, 0x20, 0x3d, 0x20, 0x73, 0x74, 0x61, 0x74, 0x65, 
	0x3b, 0xa, 0x20, 0x20, 0x20, 0x20, 0x20, 0x20, 0x20, 0x20, 
	0x63, 0x6f, 0x6e, 0x73, 0x74, 0x20, 0x73, 0x74, 0x6f, 0x70, 
	0x52, 0x65, 0x61, 0x73, 0x6f, 0x6e, 0x20, 0x3d, 0x20, 0x6d, 
	0x63, 0x75, 0x3f, 0x2e, 0x73, 0x74, 0x6f, 0x70, 0x5f, 0x72, 
	0x65, 0x61, 0x73, 0x6f, 0x6e, 0x20, 0x7c, 0x7c, 0x20, 0x27, 
	0x4e, 0x4f, 0x4e, 0x45, 0x27, 0x3b, 0xa, 0x20, 0x20, 0x20, 
	0x20, 0x20, 0x20, 0x20, 0x20, 0x63, 0x6f, 0x6e, 0x73, 0x74, 
	0x20, 0x73, 0x68, 0x6f, 0x77, 0x53, 0x74, 0x6f, 0x70, 0x52, 
	0x65, 0x61, 0x73, 0x6f, 0x6e, 0x20, 0x3d, 0x20, 0x6d, 0x63, 
	0x75, 0x3f, 0x2e, 0x61, 0x72, 0x6d, 0x65, 0x64, 0x20, 0x3d, 
	0x3d, 0x3d, 0x20, 0x66, 0x61, 0x6c, 0x73, 0x65, 0x20, 0x26, 
	0x26, 0x20, 0x73, 0x74, 0x6f, 0x70, 0x52, 0x65, 0x61, 0x73, 
	0x6f, 0x6e, 0x20, 0x21, 0x3d, 0x3d, 0x20, 0x27, 0x4e, 0x4f, 
	0x4e, 0x45, 0x27, 0x3b, 0xa, 0x20, 0x20, 0x20, 0x20, 0x20, 
	0x20, 0x20, 0x20, 0x64, 0x6f, 0x63, 0x75, 0x6d, 0x65, 0x6e, 
	0x74, 0x2e, 0x62, 0x6f, 0x64, 0x79, 0x2e, 0x64, 0x61, 0x74, 
	0x61, 0x73, 0x65, 0x74, 0x2e, 0x73, 0x74, 0x6f, 0x70, 0x52, 
	0x65, 0x61, 0x73, 0x6f, 0x6e, 0x41, 0x63, 0x74, 0x69, 0x76, 
	0x65, 0x20, 0x3d, 0x20, 0x73, 0x68, 0x6f, 0x77, 0x53, 0x74, 
	0x6f, 0x70, 0x52, 0x65, 0x61, 0x73, 0x6f, 0x6e, 0x20, 0x3f, 
	0x20, 0x27, 0x74, 0x72, 0x75, 0x65, 0x27, 0x20, 0x3a, 0x20, 
	0x27, 0x66, 0x61, 0x6c, 0x73, 0x65, 0x27, 0x3b, 0xa, 0x20, 
	0x20, 0x20, 0x20, 0x20, 0x20, 0x20, 0x20, 0x63, 0x6f, 0x6e, 
	0x73, 0x74, 0x20, 0x69, 0x73, 0x54, 0x6f, 0x72, 0x20, 0x3d, 
	0x20, 0x73, 0x74, 0x61, 0x74, 0x65, 0x2e, 0x69, 0x6e, 0x63, 
	0x6c, 0x75, 0x64, 0x65, 0x73, 0x28, 0x27, 0x54, 0x4f, 0x52, 
	0x27, 0x29, 0x3b, 0xa, 0x20, 0x20, 0x20, 0x20, 0x20, 0x20, 
	0x20, 0x20, 0x69, 0x66, 0x20, 0x28, 0x74, 0x68, 0x69, 0x73, 
	0x2e, 0x65, 0x6c, 0x2e, 0x73, 0x74, 0x61, 0x74, 0x75, 0x73, 
	0x29, 0x20, 0x20, 0x74, 0x68, 0x69, 0x73, 0x2e, 0x65, 0x6c, 
	0x2e, 0x73, 0x74, 0x61, 0x74, 0x75, 0x73, 0x2e, 0x74, 0x65, 
	0x78, 0x74, 0x43, 0x6f, 0x6e, 0x74, 0x65, 0x6e, 0x74, 0x20, 
	0x20, 0x3d, 0x20, 0x73, 0x74, 0x61, 0x74, 0x65, 0x20, 0x3d, 
	0x3d, 0x3d, 0x20, 0x27, 0x44, 0x49, 0x53, 0x43, 0x4f, 0x4e, 
	0x4e, 0x45, 0x43, 0x54, 0x45, 0x44, 0x27, 0x20, 0x3f, 0x20, 
	0x27, 0xe6, 0x9c, 0xaa, 0xe6, 0x8e, 0xa5, 0xe7, 0xb6, 0x9a, 
	0x27, 0x20, 0x3a, 0x20, 0x27, 0xe6, 0x8e, 0xa5, 0xe7, 0xb6, 
	0x9a, 0xe4, 0xb8, 0xad, 0x27, 0x3b, 0xa, 0x20, 0x20, 0x20, 
	0x20, 0x20, 0x20, 0x20, 0x20, 0x69, 0x66, 0x20, 0x28, 0x74, 
	0x68, 0x69, 0x73, 0x2e, 0x65, 0x6c, 0x2e, 0x64, 0x69, 0x73, 
	0x74, 0x29, 0x20, 0x20, 0x20, 0x20, 0x74, 0x68, 0x69, 0x73, 
	0x2e, 0x65, 0x6c, 0x2e, 0x64, 0x69, 0x73, 0x74, 0x2e, 0x74, 
	0x65, 0x78, 0x74, 0x43, 0x6f, 0x6e, 0x74, 0x65, 0x6e, 0x74, 
	0x20, 0x20, 0x20, 0x20, 0x3d, 0x20, 0x28, 0x6d, 0x63, 0x75, 
	0x3f, 0x2e, 0x66, 0x72, 0x6f, 0x6e, 0x74, 0x5f, 0x64, 0x69, 
	0x73, 0x74, 0x61, 0x6e, 0x63, 0x65, 0x5f, 0x6d, 0x6d, 0x20, 
	0x3f, 0x3f, 0x20, 0x2d, 0x31, 0x29, 0x20, 0x3e, 0x3d, 0x20, 
	0x30, 0x20, 0x3f, 0x20, 0x6d, 0x63, 0x75, 0x2e, 0x66, 0x72, 
	0x6f, 0x6e, 0x74, 0x5f, 0x64, 0x69, 0x73, 0x74, 0x61, 0x6e, 
	0x63, 0x65, 0x5f, 0x6d, 0x6d, 0x20, 0x3a, 0x20, 0x27, 0x2d, 
	0x2d, 0x27, 0x3b, 0xa, 0x20, 0x20, 0x20, 0x20, 0x20, 0x20, 
	0x20, 0x20, 0x69, 0x66, 0x20, 0x28, 0x74, 0x68, 0x69, 0x73, 
	0x2e, 0x65, 0x6c, 0x2e, 0x62, 0x74, 0x6e, 0x4d, 0x6f, 0x64, 
	0x65, 0x29, 0x20, 0x74, 0x68, 0x69, 0x73, 0x2e, 0x65, 0x6c, 
	0x2e, 0x62, 0x74, 0x6e, 0x4d, 0x6f, 0x64, 0x65, 0x2e, 0x74, 
	0x65, 0x78, 0x74, 0x43, 0x6f, 0x6e, 0x74, 0x65, 0x6e, 0x74, 
	0x20, 0x3d, 0x20, 0x73, 0x74, 0x61, 0x74, 0x65, 0x2e, 0x73, 
	0x74, 0x61, 0x72, 0x74, 0x73, 0x57, 0x69, 0x74, 0x68, 0x28, 
	0x27, 0x41, 0x55, 0x54, 0x4f, 0x27, 0x29, 0x20, 0x3f, 0x20, 
	0x27, 0x41, 0x55, 0x54, 0x4f, 0x20, 0x4d, 0x4f, 0x44, 0x45, 
	0x27, 0x20, 0x3a, 0x20, 0x27, 0x4d, 0x41, 0x4e, 0x55, 0x41, 
	0x4c, 0x20, 0x4d, 0x4f, 0x44, 0x45, 0x27, 0x3b, 0xa, 0x20, 
	0x20, 0x20, 0x20, 0x20, 0x20, 0x20, 0x20, 0x69, 0x66, 0x20, 
	0x28, 0x69, 0x73, 0x54, 0x6f, 0x72, 0x20, 0x26, 0x26, 0x20, 
	0x6d, 0x63, 0x75, 0x3f, 0x2e, 0x74, 0x6f, 0x72, 0x5f, 0x72, 
	0x65, 0x6d, 0x61, 0x69, 0x6e, 0x69, 0x6e, 0x67, 0x5f, 0x6d, 
	0x73, 0x20, 0x21, 0x3d, 0x20, 0x6e, 0x75, 0x6c, 0x6c, 0x20, 
	0x26, 0x26, 0x20, 0x74, 0x68, 0x69, 0x73, 0x2e, 0x65, 0x6c, 
	0x2e, 0x74, 0x6f, 0x72, 0x29, 0x20, 0x74, 0x68, 0x69, 0x73, 
	0x2e, 0x65, 0x6c, 0x2e, 0x74, 0x6f, 0x72, 0x2e, 0x74, 0x65, 
	0x78, 0x74, 0x43, 0x6f, 0x6e, 0x74, 0x65, 0x6e, 0x74, 0x20, 
	0x3d, 0x20, 0x28, 0x6d, 0x63, 0x75, 0x2e, 0x74, 0x6f, 0x72, 
	0x5f, 0x72, 0x65, 0x6d, 0x61, 0x69, 0x6e, 0x69, 0x6e, 0x67, 
	0x5f, 0x6d, 0x73, 0x20, 0x2f, 0x20, 0x31, 0x30, 0x30, 0x30, 
	0x29, 0x2e, 0x74, 0x6f, 0x46, 0x69, 0x78, 0x65, 0x64, 0x28, 
	0x31, 0x29, 0x3b, 0xa, 0x20, 0x20, 0x20, 0x20, 0x20, 0x20, 
	0x20, 0x20, 0x69, 0x66, 0x20, 0x28, 0x69, 0x73, 0x54, 0x6f, 
	0x72, 0x20, 0x26, 0x26, 0x20, 0x74, 0x68, 0x69, 0x73, 0x2e, 
	0x65, 0x6c, 0x2e, 0x74, 0x6f, 0x72, 0x4d, 0x65, 0x73, 0x73, 
	0x61, 0x67, 0x65, 0x29, 0x20, 0x7b, 0xa, 0x20, 0x20, 0x20, 
	0x20, 0x20, 0x20, 0x20, 0x20, 0x20, 0x20, 0x20, 0x20, 0x74, 
	0x68, 0x69, 0x73, 0x2e, 0x65, 0x6c, 0x2e, 0x74, 0x6f, 0x72, 
	0x4d, 0x65, 0x73, 0x73, 0x61, 0x67, 0x65, 0x2e, 0x74, 0x65, 
	0x78, 0x74, 0x43, 0x6f, 0x6e, 0x74, 0x65, 0x6e, 0x74, 0x20, 
	0x3d, 0x20, 0x73, 0x74, 0x6f, 0x70, 0x52, 0x65, 0x61, 0x73, 
	0x6f, 0x6e, 0x20, 0x3d, 0x3d, 0x3d, 0x20, 0x27, 0x41, 0x49, 
	0x5f, 0x4f, 0x42, 0x53, 0x54, 0x41, 0x43, 0x4c, 0x45, 0x27, 
	0x20, 0x3f, 0xa, 0x20, 0x20, 0x20, 0x20, 0x20, 0x20, 0x20, 
	0x20, 0x20, 0x20, 0x20, 0x20, 0x20, 0x20, 0x20, 0x20, 0x27, 
	0xe5, 0x89, 0x8d, 0xe6, 0x96, 0xb9, 0xe3, 0x81, 0xab, 0xe4, 
	0xba, 0xba, 0xe7, 0x89, 0xa9, 0xe3, 0x83, 0xbb, 0xe8, 0xbb, 
	0x8a, 0xe3, 0x81, 0x8c, 0xe8, 0xbf, 0x91, 0xe3, 0x81, 0xa5, 
	0xe3, 0x81, 0x84, 0xe3, 0x81, 0xa6, 0xe3, 0x81, 0x84, 0xe3, 
	0x81, 0xbe, 0xe3, 0x81, 0x99, 0xe3, 0x80, 0x82, 0xe6, 0x89, 
	0x8b, 0xe5, 0x8b, 0x95, 0xe6, 0x93, 0x8d, 0xe4, 0xbd, 0x9c, 
	0xe3, 0x81, 0xb8, 0xe5, 0xbc, 0x95, 0xe3, 0x81, 0x8d, 0xe7, 
	0xb6, 0x99, 0xe3, 0x81, 0x84, 0xe3, 0x81, 0xa7, 0xe3, 0x81, 
	0x8f, 0xe3, 0x81, 0xa0, 0xe3, 0x81, 0x95, 0xe3, 0x81, 0x84, 
	0xe3, 0x80, 0x82, 0x27, 0x20, 0x3a, 0xa, 0x20, 0x20, 0x20, 
	0x20, 0x20, 0x20, 0x20, 0x20, 0x20, 0x20, 0x20, 0x20, 0x20, 
	0x20, 0x20, 0x20, 0x27, 0xe8, 0x87, 0xaa, 0xe5, 0x8b, 0x95, 
	0xe9, 0x81, 0x8b, 0xe8, 0xbb, 0xa2, 0xe3, 0x81, 0xae, 0xe7, 
	0xb6, 0x99, 0xe7, 0xb6, 0x9a, 0xe3, 0x81, 0x8c, 0xe5, 0x9b, 
	0xb0, 0xe9, 0x9b, 0xa3, 0xe3, 0x81, 0xa7, 0xe3, 0x81, 0x99, 
	0xe3, 0x80, 0x82, 0xe6, 0x89, 0x8b, 0xe5, 0x8b, 0x95, 0xe6, 
	0x93, 0x8d, 0xe4, 0xbd, 0x9c, 0xe3, 0x81, 0xb8, 0xe5, 0xbc, 
	0x95, 0xe3, 0x81, 0x8d, 0xe7, 0xb6, 0x99, 0xe3, 0x81, 0x84, 
	0xe3, 0x81, 0xa7, 0xe3, 0x81, 0x8f, 0xe3, 0x81, 0xa0, 0xe3, 
	0x81, 0x95, 0xe3, 0x81, 0x84, 0xe3, 0x80, 0x82, 0x27, 0x3b, 
	0xa, 0x20, 0x20, 0x20, 0x20, 0x20, 0x20, 0x20, 0x20, 0x7d, 
	0xa, 0x20, 0x20, 0x20, 0x20, 0x20, 0x20, 0x20, 0x20, 0x69, 
	0x66, 0x20, 0x28, 0x74, 0x68, 0x69, 0x73, 0x2e, 0x65, 0x6c, 
	0x2e, 0x73, 0x74, 0x6f, 0x70, 0x52, 0x65, 0x61, 0x73, 0x6f, 
	0x6e, 0x29, 0x20, 0x7b, 0xa, 0x20, 0x20, 0x20, 0x20, 0x20, 
	0x20, 0x20, 0x20, 0x20, 0x20, 0x20, 0x20, 0x74, 0x68, 0x69, 
	0x73, 0x2e, 0x65, 0x6c, 0x2e, 0x73, 0x74, 0x6f, 0x70, 0x52, 
	0x65, 0x61, 0x73, 0x6f, 0x6e, 0x2e, 0x74, 0x65, 0x78, 0x74, 
	0x43, 0x6f, 0x6e, 0x74, 0x65, 0x6e, 0x74, 0x20, 0x3d, 0x20, 
	0x73, 0x68, 0x6f, 0x77, 0x53, 0x74, 0x6f, 0x70, 0x52, 0x65, 
	0x61, 0x73, 0x6f, 0x6e, 0x20, 0x3f, 0xa, 0x20, 0x20, 0x20, 
	0x20, 0x20, 0x20, 0x20, 0x20, 0x20, 0x20, 0x20, 0x20, 0x20, 
	0x20, 0x20, 0x20, 0x28, 0x53, 0x74, 0x6f, 0x70, 0x52, 0x65, 
	0x61, 0x73, 0x6f, 0x6e, 0x54, 0x65, 0x78, 0x74, 0x5b, 0x73, 
	0x74, 0x6f, 0x70, 0x52, 0x65, 0x61, 0x73, 0x6f, 0x6e, 0x5d, 
	0x20, 0x7c, 0x7c, 0x20, 0x73, 0x74, 0x6f, 0x70, 0x52, 0x65, 
	0x61, 0x73, 0x6f, 0x6e, 0x29, 0x20, 0x3a, 0x20, 0x27, 0x4e, 
	0x4f, 0x4e, 0x45, 0x27, 0x3b, 0xa, 0x20, 0x20, 0x20, 0x20, 
	0x20, 0x20, 0x20, 0x20, 0x7d, 0xa, 0x20, 0x20, 0x20, 0x20, 
	0x20, 0x20, 0x20, 0x20, 0x74, 0x68, 0x69, 0x73, 0x2e, 0x72, 
	0x65, 0x6e, 0x64, 0x65, 0x72, 0x41, 0x6c, 0x61, 0x72, 0x6d, 
	0x28, 0x73, 0x74, 0x61, 0x74, 0x65, 0x20, 0x3d, 0x3d, 0x3d, 
	0x20, 0x27, 0x44, 0x49, 0x53, 0x43, 0x4f, 0x4e, 0x4e, 0x45, 
	0x43, 0x54, 0x45, 0x44, 0x27, 0x20, 0x3f, 0x20, 0x6e, 0x75, 
	0x6c, 0x6c, 0x20, 0x3a, 0x20, 0x6d, 0x63, 0x75, 0x29, 0x3b, 
	0xa, 0x20, 0x20, 0x20, 0x20, 0x7d, 0xa, 0xa, 0x20, 0x20, 
	0x20, 0x20, 0x2f, 0x2a, 0x20, 0x50, 0x65, 0x72, 0x73, 0x6f, 
	0x6e, 0x2f, 0x63, 0x61, 0x72, 0x20, 0x61, 0x6c, 0x61, 0x72, 
	0x6d, 0x20, 0x66, 0x72, 0x6f, 0x6d, 0x20, 0x74, 0x68, 0x65, 
	0x20, 0x4d, 0x38, 0x35, 0x20, 0x63, 0x61, 0x6d, 0x65, 0x72, 
	0x61, 0x3a, 0x20, 0x61, 0x20, 0x62, 0x61, 0x64, 0x67, 0x65, 
	0x20, 0x77, 0x68, 0x69, 0x6c, 0x65, 0x20, 0x69, 0x74, 0x20, 
	0x6c, 0x61, 0x73, 0x74, 0x73, 0x20, 0x61, 0x6e, 0x64, 0x20, 
	0x6f, 0x6e, 0x65, 0xa, 0x20, 0x20, 0x20, 0x20, 0x20, 0x2a, 
	0x20, 0x6c, 0x6f, 0x67, 0x20, 0x6c, 0x69, 0x6e, 0x65, 0x20, 
	0x70, 0x65, 0x72, 0x20, 0x6e, 0x65, 0x77, 0x20, 0x61, 0x6c, 
	0x61, 0x72, 0x6d, 0x20, 0x28, 0x61, 0x6c, 0x61, 0x72, 0x6d, 
	0x5f, 0x73, 0x65, 0x71, 0x29, 0x2e, 0x20, 0x20, 0x4e, 0x6f, 
	0x74, 0x20, 0x61, 0x20, 0x73, 0x74, 0x6f, 0x70, 0x20, 0x62, 
	0x79, 0x20, 0x69, 0x74, 0x73, 0x65, 0x6c, 0x66, 0x2e, 0x20, 
	0x2a, 0x2f, 0xa, 0x20, 0x20, 0x20, 0x20, 0x72, 0x65, 0x6e, 
	0x64, 0x65, 0x72, 0x41, 0x6c, 0x61, 0x72, 0x6d, 0x28, 0x6d, 
	0x63, 0x75, 0x29, 0x20, 0x7b, 0xa, 0x20, 0x20, 0x20, 0x20, 
	0x20, 0x20, 0x20, 0x20, 0x63, 0x6f, 0x6e, 0x73, 0x74, 0x20, 
	0x61, 0x63, 0x74, 0x69, 0x76, 0x65, 0x20, 0x3d, 0x20, 0x21, 
	0x21, 0x6d, 0x63, 0x75, 0x3f, 0x2e, 0x6f, 0x62, 0x73, 0x74, 
	0x61, 0x63, 0x6c, 0x65, 0x5f, 0x61, 0x6c, 0x61, 0x72, 0x6d, 
	0x3b, 0xa, 0x20, 0x20, 0x20, 0x20, 0x20, 0x20, 0x20, 0x20, 
	0x63, 0x6f, 0x6e, 0x73, 0x74, 0x20, 0x6b, 0x69, 0x6e, 0x64, 
	0x20, 0x3d, 0x20, 0x4f, 0x62, 0x73, 0x74, 0x61, 0x63, 0x6c, 
	0x65, 0x4b, 0x69, 0x6e, 0x64, 0x54, 0x65, 0x78, 0x74, 0x5b, 
	0x6d, 0x63, 0x75, 0x3f, 0x2e, 0x6f, 0x62, 0x73, 0x74, 0x61, 
	0x63, 0x6c, 0x65, 0x5f, 0x6b, 0x69, 0x6e, 0x64, 0x5d, 0x20, 
	0x7c, 0x7c, 0x20, 0x27, 0xe9, 0x9a, 0x9c, 0xe5, 0xae, 0xb3, 
	0xe7, 0x89, 0xa9, 0x27, 0x3b, 0xa, 0x20, 0x20, 0x20, 0x20, 
	0x20, 0x20, 0x20, 0x20, 0x64, 0x6f, 0x63, 0x75, 0x6d, 0x65, 
	0x6e, 0x74, 0x2e, 0x62, 0x6f, 0x64, 0x79, 0x2e, 0x64, 0x61, 
	0x74, 0x61, 0x73, 0x65, 0x74, 0x2e, 0x6f, 0x62, 0x73, 0x74, 
	0x61, 0x63, 0x6c, 0x65, 0x41, 0x6c, 0x61, 0x72, 0x6d, 0x20, 
	0x3d, 0x20, 0x61, 0x63, 0x74, 0x69, 0x76, 0x65, 0x20, 0x3f, 
	0x20, 0x27, 0x74, 0x72, 0x75, 0x65, 0x27, 0x20, 0x3a, 0x20, 
	0x27, 0x66, 0x61, 0x6c, 0x73, 0x65, 0x27, 0x3b, 0xa, 0x20, 
	0x20, 0x20, 0x20, 0x20, 0x20, 0x20, 0x20, 0x69, 0x66, 0x20, 
	0x28, 0x74, 0x68, 0x69, 0x73, 0x2e, 0x65, 0x6c, 0x2e, 0x61, 
	0x6c, 0x61, 0x72, 0x6d, 0x4b, 0x69, 0x6e, 0x64, 0x29, 0x20, 
	0x74, 0x68, 0x69, 0x73, 0x2e, 0x65, 0x6c, 0x2e, 0x61, 0x6c, 
	0x61, 0x72, 0x6d, 0x4b, 0x69, 0x6e, 0x64, 0x2e, 0x74, 0x65, 
	0x78, 0x74, 0x43, 0x6f, 0x6e, 0x74, 0x65, 0x6e, 0x74, 0x20, 
	0x3d, 0x20, 0x60, 0x24, 0x7b, 0x6b, 0x69, 0x6e, 0x64, 0x7d, 
	0xe3, 0x82, 0x92, 0xe6, 0xa4, 0x9c, 0xe7, 0x9f, 0xa5, 0x60, 
	0x3b, 0xa, 0x20, 0x20, 0x20, 0x20, 0x20, 0x20, 0x20, 0x20, 
	0x63, 0x6f, 0x6e, 0x73, 0x74, 0x20, 0x73, 0x65, 0x71, 0x20, 
	0x3d, 0x20, 0x6d, 0x63, 0x75, 0x3f, 0x2e, 0x61, 0x6c, 0x61, 
	0x72, 0x6d, 0x5f, 0x73, 0x65, 0x71, 0x3b, 0xa, 0x20, 0x20, 
	0x20, 0x20, 0x20, 0x20, 0x20, 0x20, 0x69, 0x66, 0x20, 0x28, 
	0x21, 0x4e, 0x75, 0x6d, 0x62, 0x65, 0x72, 0x2e, 0x69, 0x73, 
	0x49, 0x6e, 0x74, 0x65, 0x67, 0x65, 0x72, 0x28, 0x73, 0x65, 
	0x71, 0x29, 0x20, 0x7c, 0x7c, 0x20, 0x73, 0x65, 0x71, 0x20, 
	0x3d, 0x3d, 0x3d, 0x20, 0x74, 0x68, 0x69, 0x73, 0x2e, 0x6c, 
	0x61, 0x73, 0x74, 0x41, 0x6c, 0x61, 0x72, 0x6d, 0x53, 0x65, 
	0x71, 0x29, 0x20, 0x72, 0x65, 0x74, 0x75, 0x72, 0x6e, 0x3b, 
	0xa, 0x20, 0x20, 0x20, 0x20, 0x20, 0x20, 0x20, 0x20, 0x63, 
	0x6f, 0x6e, 0x73, 0x74, 0x20, 0x66, 0x69, 0x72, 0x73, 0x74, 
	0x20, 0x3d, 0x20, 0x74, 0x68, 0x69, 0x73, 0x2e, 0x6c, 0x61, 
	0x73, 0x74, 0x41, 0x6c, 0x61, 0x72, 0x6d, 0x53, 0x65, 0x71, 
	0x20, 0x3d, 0x3d, 0x3d, 0x20, 0x6e, 0x75, 0x6c, 0x6c, 0x3b, 
	0xa, 0x20, 0x20, 0x20, 0x20, 0x20, 0x20, 0x20, 0x20, 0x74, 
	0x68, 0x69, 0x73, 0x2e, 0x6c, 0x61, 0x73, 0x74, 0x41, 0x6c, 
	0x61, 0x72, 0x6d, 0x53, 0x65, 0x71, 0x20, 0x3d, 0x20, 0x73, 
	0x65, 0x71, 0x3b, 0xa, 0x20, 0x20, 0x20, 0x20, 0x20, 0x20, 
	0x20, 0x20, 0x69, 0x66, 0x20, 0x28, 0x66, 0x69, 0x72, 0x73, 
	0x74, 0x20, 0x26, 0x26, 0x20, 0x21, 0x61, 0x63, 0x74, 0x69, 
	0x76, 0x65, 0x29, 0x20, 0x72, 0x65, 0x74, 0x75, 0x72, 0x6e, 
	0x3b, 0x20, 0x20, 0x20, 0x20, 0x20, 0x20, 0x20, 0x20, 0x20, 
	0x20, 0x2f, 0x2a, 0x20, 0x70, 0x61, 0x67, 0x65, 0x20, 0x6f, 
	0x70, 0x65, 0x6e, 0x65, 0x64, 0x3a, 0x20, 0x6f, 0x6c, 0x64, 
	0x65, 0x72, 0x20, 0x61, 0x6c, 0x61, 0x72, 0x6d, 0x73, 0x20, 
	0x61, 0x72, 0x65, 0x20, 0x6e, 0x6f, 0x74, 0x20, 0x72, 0x65, 
	0x70, 0x6c, 0x61, 0x79, 0x65, 0x64, 0x20, 0x2a, 0x2f, 0xa, 
	0x20, 0x20, 0x20, 0x20, 0x20, 0x20, 0x20, 0x20, 0x74, 0x68, 
	0x69, 0x73, 0x2e, 0x61, 0x64, 0x64, 0x41, 0x6c, 0x61, 0x72, 
	0x6d, 0x4c, 0x6f, 0x67, 0x28, 0x60, 0x24, 0x7b, 0x6e, 0x65, 
	0x77, 0x20, 0x44, 0x61, 0x74, 0x65, 0x28, 0x29, 0x2e, 0x74, 
	0x6f, 0x4c, 0x6f, 0x63, 0x61, 0x6c, 0x65, 0x54, 0x69, 0x6d, 
	0x65, 0x53, 0x74, 0x72, 0x69, 0x6e, 0x67, 0x28, 0x27, 0x6a, 
	0x61, 0x2d, 0x4a, 0x50, 0x27, 0x2c, 0x20, 0x7b, 0x20, 0x68, 
	0x6f, 0x75, 0x72, 0x31, 0x32, 0x3a, 0x20, 0x66, 0x61, 0x6c, 
	0x73, 0x65, 0x20, 0x7d, 0x29, 0x7d, 0x20, 0x24, 0x7b, 0x6b, 
	0x69, 0x6e, 0x64, 0x7d, 0xe3, 0x82, 0x92, 0xe6, 0xa4, 0x9c, 
	0xe7, 0x9f, 0xa5, 0x60, 0x29, 0x3b, 0xa, 0x20, 0x20, 0x20, 
	0x20, 0x7d, 0xa, 0xa, 0x20, 0x20, 0x20, 0x20, 0x61, 0x64, 
	0x64, 0x41, 0x6c, 0x61, 0x72, 0x6d, 0x4c, 0x6f, 0x67, 0x28, 
	0x74, 0x65, 0x78, 0x74, 0x29, 0x20, 0x7b, 0xa, 0x20, 0x20, 
	0x20, 0x20, 0x20, 0x20, 0x20, 0x20, 0x63, 0x6f, 0x6e, 0x73, 
	0x74, 0x20, 0x6c, 0x6f, 0x67, 0x20, 0x3d, 0x20, 0x74, 0x68, 
	0x69, 0x73, 0x2e, 0x65, 0x6c, 0x2e, 0x61, 0x6c, 0x61, 0x72, 
	0x6d, 0x4c, 0x6f, 0x67, 0x3b, 0xa, 0x20, 0x20, 0x20, 0x20, 
	0x20, 0x20, 0x20, 0x20, 0x69, 0x66, 0x20, 0x28, 0x21, 0x6c, 
	0x6f, 0x67, 0x29, 0x20, 0x72, 0x65, 0x74, 0x75, 0x72, 0x6e, 
	0x3b, 0xa, 0x20, 0x20, 0x20, 0x20, 0x20, 0x20, 0x20, 0x20, 
	0x63, 0x6f, 0x6e, 0x73, 0x74, 0x20, 0x69, 0x74, 0x65, 0x6d, 
	0x20, 0x3d, 0x20, 0x64, 0x6f, 0x63, 0x75, 0x6d, 0x65, 0x6e, 
	0x74, 0x2e, 0x63, 0x72, 0x65, 0x61, 0x74, 0x65, 0x45, 0x6c, 
	0x65, 0x6d, 0x65, 0x6e, 0x74, 0x28, 0x27, 0x6c, 0x69, 0x27, 
	0x29, 0x3b, 0xa, 0x20, 0x20, 0x20, 0x20, 0x20, 0x20, 0x20, 
	0x20, 0x69, 0x74, 0x65, 0x6d, 0x2e, 0x74, 0x65, 0x78, 0x74, 
	0x43, 0x6f, 0x6e, 0x74, 0x65, 0x6e, 0x74, 0x20, 0x3d, 0x20, 
	0x74, 0x65, 0x78, 0x74, 0x3b, 0xa, 0x20, 0x20, 0x20, 0x20, 
	0x20, 0x20, 0x20, 0x20, 0x6c, 0x6f, 0x67, 0x2e, 0x70, 0x72, 
	0x65, 0x70, 0x65, 0x6e, 0x64, 0x28, 0x69, 0x74, 0x65, 0x6d, 
	0x29, 0x3b, 0xa, 0x20, 0x20, 0x20, 0x20, 0x20, 0x20, 0x20, 
	0x20, 0x77, 0x68, 0x69, 0x6c, 0x65, 0x20, 0x28, 0x6c, 0x6f, 
	0x67, 0x2e, 0x63, 0x68, 0x69, 0x6c, 0x64, 0x72, 0x65, 0x6e, 
	0x2e, 0x6c, 0x65, 0x6e, 0x67, 0x74, 0x68, 0x20, 0x3e, 0x20, 
	0x43, 0x6f, 0x6e, 0x66, 0x69, 0x67, 0x2e, 0x41, 0x4c, 0x41, 
	0x52, 0x4d, 0x5f, 0x4c, 0x4f, 0x47, 0x5f, 0x4d, 0x41, 0x58, 
	0x29, 0x20, 0x6c, 0x6f, 0x67, 0x2e, 0x6c, 0x61, 0x73, 0x74, 
	0x45, 0x6c, 0x65, 0x6d, 0x65, 0x6e, 0x74, 0x43, 0x68, 0x69, 
	0x6c, 0x64, 0x2e, 0x72, 0x65, 0x6d, 0x6f, 0x76, 0x65, 0x28, 
	0x29, 0x3b, 0xa, 0x20, 0x20, 0x20, 0x20, 0x7d, 0xa, 0xa, 
	0x20, 0x20, 0x20, 0x20, 0x73, 0x68, 0x6f, 0x77, 0x45, 0x72, 
	0x72, 0x6f, 0x72, 0x28, 0x6d, 0x73, 0x67, 0x29, 0x20, 0x7b, 
	0xa, 0x20, 0x20, 0x20, 0x20, 0x20, 0x20, 0x20, 0x20, 0x69, 
	0x66, 0x20, 0x28, 0x21, 0x74, 0x68, 0x69, 0x73, 0x2e, 0x65, 
	0x6c, 0x2e, 0x61, 0x6c, 0x65, 0x72, 0x74, 0x29, 0x20, 0x72, 
	0x65, 0x74, 0x75, 0x72, 0x6e, 0x3b, 0xa, 0x20, 0x20, 0x20, 
	0x20, 0x20, 0x20, 0x20, 0x20, 0x74, 0x68, 0x69, 0x73, 0x2e, 
	0x65, 0x6c, 0x2e, 0x61, 0x6c, 0x65, 0x72, 0x74, 0x2e, 0x74, 
	0x65, 0x78, 0x74, 0x43, 0x6f, 0x6e, 0x74, 0x65, 0x6e, 0x74, 
	0x20, 0x3d, 0x20, 0x6d, 0x73, 0x67, 0x3b, 0xa, 0x20, 0x20, 
	0x20, 0x20, 0x20, 0x20, 0x20, 0x20, 0x74, 0x72, 0x79, 0x20, 
	0x7b, 0x20, 0x74, 0x68, 0x69, 0x73, 0x2e, 0x65, 0x6c, 0x2e, 
	0x61, 0x6c, 0x65, 0x72, 0x74, 0x2e, 0x73, 0x68, 0x6f, 0x77, 
	0x50, 0x6f, 0x70, 0x6f, 0x76, 0x65, 0x72, 0x3f, 0x2e, 0x28, 
	0x29, 0x3b, 0x20, 0x7d, 0x20, 0x63, 0x61, 0x74, 0x63, 0x68, 
	0x20, 0x28, 0x5f, 0x29, 0x20, 0x7b, 0x7d, 0xa, 0x20, 0x20, 
	0x20, 0x20, 0x20, 0x20, 0x20, 0x20, 0x63, 0x6c, 0x65, 0x61, 
	0x72, 0x54, 0x69, 0x6d, 0x65, 0x6f, 0x75, 0x74, 0x28, 0x74, 
	0x68, 0x69, 0x73, 0x2e, 0x61, 0x6c, 0x65, 0x72, 0x74, 0x54, 
	0x69, 0x6d, 0x65, 0x72, 0x29, 0x3b, 0xa, 0x20, 0x20, 0x20, 
	0x20, 0x20, 0x20, 0x20, 0x20, 0x74, 0x68, 0x69, 0x73, 0x2e, 
	0x61, 0x6c, 0x65, 0x72, 0x74, 0x54, 0x69, 0x6d, 0x65, 0x72, 
	0x20, 0x3d, 0x20, 0x73, 0x65, 0x74, 0x54, 0x69, 0x6d, 0x65, 
	0x6f, 0x75, 0x74, 0x28, 0x28, 0x29, 0x20, 0x3d, 0x3e, 0x20, 
	0x7b, 0x20, 0x74, 0x72, 0x79, 0x20, 0x7b, 0x20, 0x74, 0x68, 
	0x69, 0x73, 0x2e, 0x65, 0x6c, 0x2e, 0x61, 0x6c, 0x65, 0x72, 
	0x74, 0x2e, 0x68, 0x69, 0x64, 0x65, 0x50, 0x6f, 0x70, 0x6f, 
	0x76, 0x65, 0x72, 0x3f, 0x2e, 0x28, 0x29, 0x3b, 0x20, 0x7d, 
	0x20, 0x63, 0x61, 0x74, 0x63, 0x68, 0x20, 0x28, 0x5f, 0x29, 
	0x20, 0x7b, 0x7d, 0x20, 0x7d, 0x2c, 0x20, 0x43, 0x6f, 0x6e, 
	0x66, 0x69, 0x67, 0x2e, 0x41, 0x4c, 0x45, 0x52, 0x54, 0x5f, 
	0x44, 0x49, 0x53, 0x50, 0x4c, 0x41, 0x59, 0x5f, 0x44, 0x55, 
	0x52, 0x41, 0x54, 0x49, 0x4f, 0x4e, 0x5f, 0x4d, 0x53, 0x29, 
	0x3b, 0xa, 0x20, 0x20, 0x20, 0x20, 0x7d, 0xa, 0x7d, 0xa, 
};

static const unsigned char data_js_video_js[] = {
	/* /js/video.js */
	0x2f, 0x6a, 0x73, 0x2f, 0x76, 0x69, 0x64, 0x65, 0x6f, 0x2e, 0x6a, 0x73, 0,
	0x48, 0x54, 0x54, 0x50, 0x2f, 0x31, 0x2e, 0x30, 0x20, 0x32, 
	0x30, 0x30, 0x20, 0x4f, 0x4b, 0xd, 0xa, 0x53, 0x65, 0x72, 
	0x76, 0x65, 0x72, 0x3a, 0x20, 0x6c, 0x77, 0x49, 0x50, 0x2f, 
	0x70, 0x72, 0x65, 0x2d, 0x30, 0x2e, 0x36, 0x20, 0x28, 0x68, 
	0x74, 0x74, 0x70, 0x3a, 0x2f, 0x2f, 0x77, 0x77, 0x77, 0x2e, 
	0x73, 0x69, 0x63, 0x73, 0x2e, 0x73, 0x65, 0x2f, 0x7e, 0x61, 
	0x64, 0x61, 0x6d, 0x2f, 0x6c, 0x77, 0x69, 0x70, 0x2f, 0x29, 
	0xd, 0xa, 0x43, 0x6f, 0x6e, 0x74, 0x65, 0x6e, 0x74, 0x2d, 
	0x74, 0x79, 0x70, 0x65, 0x3a, 0x20, 0x61, 0x70, 0x70, 0x6c, 
	0x69, 0x63, 0x61, 0x74, 0x69, 0x6f, 0x6e, 0x2f, 0x6a, 0x61, 
	0x76, 0x61, 0x73, 0x63, 0x72, 0x69, 0x70, 0x74, 0xd, 0xa, 
	0xd, 0xa, 0x63, 0x6f, 0x6e, 0x73, 0x74, 0x20, 0x63, 0x61, 
	0x6d, 0x65, 0x72, 0x61, 0x20, 0x3d, 0x20, 0x64, 0x6f, 0x63, 
	0x75, 0x6d, 0x65, 0x6e, 0x74, 0x2e, 0x67, 0x65, 0x74, 0x45, 
	0x6c, 0x65, 0x6d, 0x65, 0x6e, 0x74, 0x42, 0x79, 0x49, 0x64, 
	0x28, 0x27, 0x63, 0x61, 0x6d, 0x65, 0x72, 0x61, 0x27, 0x29, 
	0x3b, 0xa, 0x63, 0x6f, 0x6e, 0x73, 0x74, 0x20, 0x69, 0x6d, 
	0x61, 0x67, 0x65, 0x20, 0x3d, 0x20, 0x64, 0x6f, 0x63, 0x75, 
	0x6d, 0x65, 0x6e, 0x74, 0x2e, 0x67, 0x65, 0x74, 0x45, 0x6c, 
	0x65, 0x6d, 0x65, 0x6e, 0x74, 0x42, 0x79, 0x49, 0x64, 0x28, 
	0x27, 0x63, 0x61, 0x6d, 0x65, 0x72, 0x61, 0x2d, 0x69, 0x6d, 
	0x61, 0x67, 0x65, 0x27, 0x29, 0x3b, 0xa, 0x63, 0x6f, 0x6e, 
	0x73, 0x74, 0x20, 0x73, 0x74, 0x61, 0x74, 0x75, 0x73, 0x20, 
	0x3d, 0x20, 0x64, 0x6f, 0x63, 0x75, 0x6d, 0x65, 0x6e, 0x74, 
	0x2e, 0x67, 0x65, 0x74, 0x45, 0x6c, 0x65, 0x6d, 0x65, 0x6e, 
	0x74, 0x42, 0x79, 0x49, 0x64, 0x28, 0x27, 0x63, 0x61, 0x6d, 
	0x65, 0x72, 0x61, 0x2d, 0x73, 0x74, 0x61, 0x74, 0x75, 0x73, 
	0x27, 0x29, 0x3b, 0xa, 0xa, 0x69, 0x66, 0x20, 0x28, 0x63, 
	0x61, 0x6d, 0x65, 0x72, 0x61, 0x20, 0x26, 0x26, 0x20, 0x69, 
	0x6d, 0x61, 0x67, 0x65, 0x20, 0x26, 0x26, 0x20, 0x73, 0x74, 
	0x61, 0x74, 0x75, 0x73, 0x29, 0x20, 0x7b, 0xa, 0x20, 0x20, 
	0x20, 0x20, 0x2f, 0x2f, 0x20, 0x42, 0x65, 0x73, 0x74, 0x2d, 
	0x65, 0x66, 0x66, 0x6f, 0x72, 0x74, 0x20, 0x31, 0x30, 0x20, 
	0x48, 0x7a, 0x20, 0x70, 0x6f, 0x6c, 0x6c, 0x69, 0x6e, 0x67, 
	0x2e, 0x20, 0x52, 0x65, 0x71, 0x75, 0x65, 0x73, 0x74, 0x73, 
	0x20, 0x72, 0x65, 0x6d, 0x61, 0x69, 0x6e, 0x20, 0x73, 0x65, 
	0x72, 0x69, 0x61, 0x6c, 0x69, 0x7a, 0x65, 0x64, 0x20, 0x62, 
	0x65, 0x6c, 0x6f, 0x77, 0x2c, 0x20, 0x73, 0x6f, 0x20, 0x61, 
	0x20, 0x73, 0x6c, 0x6f, 0x77, 0xa, 0x20, 0x20, 0x20, 0x20, 
	0x2f, 0x2f, 0x20, 0x72, 0x65, 0x73, 0x70, 0x6f, 0x6e, 0x73, 
	0x65, 0x20, 0x6e, 0x65, 0x76, 0x65, 0x72, 0x20, 0x63, 0x72, 
	0x65, 0x61, 0x74, 0x65, 0x73, 0x20, 0x61, 0x20, 0x71, 0x75, 
	0x65, 0x75, 0x65, 0x20, 0x6f, 0x66, 0x20, 0x6f, 0x6c, 0x64, 
	0x20, 0x66, 0x72, 0x61, 0x6d, 0x65, 0x73, 0x3b, 0x20, 0x65, 
	0x61, 0x63, 0x68, 0x20, 0x72, 0x65, 0x71, 0x75, 0x65, 0x73, 
	0x74, 0x20, 0x61, 0x73, 0x6b, 0x73, 0x20, 0x66, 0x6f, 0x72, 
	0x20, 0x74, 0x68, 0x65, 0xa, 0x20, 0x20, 0x20, 0x20, 0x2f, 
	0x2f, 0x20, 0x6e, 0x65, 0x77, 0x65, 0x73, 0x74, 0x20, 0x73, 
	0x6e, 0x61, 0x70, 0x73, 0x68, 0x6f, 0x74, 0x20, 0x61, 0x76, 
	0x61, 0x69, 0x6c, 0x61, 0x62, 0x6c, 0x65, 0x20, 0x77, 0x68, 
	0x65, 0x6e, 0x20, 0x74, 0x68, 0x65, 0x20, 0x65, 0x6d, 0x62, 
	0x65, 0x64, 0x64, 0x65, 0x64, 0x20, 0x73, 0x65, 0x72, 0x76, 
	0x65, 0x72, 0x20, 0x6f, 0x70, 0x65, 0x6e, 0x73, 0x20, 0x74, 
	0x68, 0x65, 0x20, 0x55, 0x52, 0x4c, 0x2e, 0xa, 0x20, 0x20, 
	0x20, 0x20, 0x63, 0x6f, 0x6e, 0x73, 0x74, 0x20, 0x72, 0x65, 
	0x66, 0x72, 0x65, 0x73, 0x68, 0x4d, 0x73, 0x20, 0x3d, 0x20, 
	0x31, 0x30, 0x30, 0x3b, 0xa, 0x20, 0x20, 0x20, 0x20, 0x63, 
	0x6f, 0x6e, 0x73, 0x74, 0x20, 0x73, 0x74, 0x61, 0x6c, 0x65, 
	0x41, 0x66, 0x74, 0x65, 0x72, 0x4d, 0x73, 0x20, 0x3d, 0x20, 
	0x33, 0x30, 0x30, 0x30, 0x3b, 0xa, 0x20, 0x20, 0x20, 0x20, 
	0x63, 0x6f, 0x6e, 0x73, 0x74, 0x20, 0x72, 0x65, 0x73, 0x70, 
	0x6f, 0x6e, 0x73, 0x65, 0x54, 0x69, 0x6d, 0x65, 0x6f, 0x75, 
	0x74, 0x4d, 0x73, 0x20, 0x3d, 0x20, 0x33, 0x35, 0x30, 0x30, 
	0x3b, 0xa, 0x20, 0x20, 0x20, 0x20, 0x6c, 0x65, 0x74, 0x20, 
	0x73, 0x65, 0x71, 0x75, 0x65, 0x6e, 0x63, 0x65, 0x20, 0x3d, 
	0x20, 0x30, 0x3b, 0xa, 0x20, 0x20, 0x20, 0x20, 0x6c, 0x65, 
	0x74, 0x20, 0x6c, 0x61, 0x73, 0x74, 0x46, 0x72, 0x61, 0x6d, 
	0x65, 0x41, 0x74, 0x20, 0x3d, 0x20, 0x30, 0x3b, 0xa, 0x20, 
	0x20, 0x20, 0x20, 0x6c, 0x65, 0x74, 0x20, 0x6c, 0x61, 0x73, 
	0x74, 0x50, 0x72, 0x6f, 0x64, 0x75, 0x63, 0x65, 0x72, 0x53, 
	0x65, 0x71, 0x75, 0x65, 0x6e, 0x63, 0x65, 0x20, 0x3d, 0x20, 
	0x6e, 0x75, 0x6c, 0x6c, 0x3b, 0xa, 0x20, 0x20, 0x20, 0x20, 
	0x6c, 0x65, 0x74, 0x20, 0x70, 0x72, 0x6f, 0x64, 0x75, 0x63, 
	0x65, 0x72, 0x53, 0x65, 0x71, 0x75, 0x65, 0x6e, 0x63, 0x65, 
	0x43, 0x68, 0x61, 0x6e, 0x67, 0x65, 0x64, 0x41, 0x74, 0x20, 
	0x3d, 0x20, 0x30, 0x3b, 0xa, 0x20, 0x20, 0x20, 0x20, 0x6c, 
	0x65, 0x74, 0x20, 0x6e, 0x65, 0x78, 0x74, 0x52, 0x65, 0x71, 
	0x75, 0x65, 0x73, 0x74, 0x54, 0x69, 0x6d, 0x65, 0x72, 0x20, 
	0x3d, 0x20, 0x30, 0x3b, 0xa, 0x20, 0x20, 0x20, 0x20, 0x6c, 
	0x65, 0x74, 0x20, 0x61, 0x63, 0x74, 0x69, 0x76, 0x65, 0x52, 
	0x65, 0x71, 0x75, 0x65, 0x73, 0x74, 0x20, 0x3d, 0x20, 0x6e, 
	0x75, 0x6c, 0x6c, 0x3b, 0xa, 0x20, 0x20, 0x20, 0x20, 0x6c, 
	0x65, 0x74, 0x20, 0x64, 0x69, 0x73, 0x70, 0x6c, 0x61, 0x79, 
	0x65, 0x64, 0x4f, 0x62, 0x6a, 0x65, 0x63, 0x74, 0x55, 0x72, 
	0x6c, 0x20, 0x3d, 0x20, 0x6e, 0x75, 0x6c, 0x6c, 0x3b, 0xa, 
	0x20, 0x20, 0x20, 0x20, 0x6c, 0x65, 0x74, 0x20, 0x70, 0x61, 
	0x67, 0x65, 0x49, 0x73, 0x43, 0x6c, 0x6f, 0x73, 0x69, 0x6e, 
	0x67, 0x20, 0x3d, 0x20, 0x66, 0x61, 0x6c, 0x73, 0x65, 0x3b, 
	0xa, 0xa, 0x20, 0x20, 0x20, 0x20, 0x66, 0x75, 0x6e, 0x63, 
	0x74, 0x69, 0x6f, 0x6e, 0x20, 0x73, 0x65, 0x74, 0x55, 0x6e, 
	0x61, 0x76, 0x61, 0x69, 0x6c, 0x61, 0x62, 0x6c, 0x65, 0x28, 
	0x6d, 0x65, 0x73, 0x73, 0x61, 0x67, 0x65, 0x29, 0x20, 0x7b, 
	0xa, 0x20, 0x20, 0x20, 0x20, 0x20, 0x20, 0x20, 0x20, 0x63, 
	0x61, 0x6d, 0x65, 0x72, 0x61, 0x2e, 0x64, 0x61, 0x74, 0x61, 
	0x73, 0x65, 0x74, 0x2e, 0x76, 0x69, 0x64, 0x65, 0x6f, 0x53, 
	0x74, 0x61, 0x74, 0x65, 0x20, 0x3d, 0x20, 0x6c, 0x61, 0x73, 
	0x74, 0x46, 0x72, 0x61, 0x6d, 0x65, 0x41, 0x74, 0x20, 0x3f, 
	0x20, 0x27, 0x73, 0x74, 0x61, 0x6c, 0x65, 0x27, 0x20, 0x3a, 
	0x20, 0x27, 0x77, 0x61, 0x69, 0x74, 0x69, 0x6e, 0x67, 0x27, 
	0x3b, 0xa, 0x20, 0x20, 0x20, 0x20, 0x20, 0x20, 0x20, 0x20, 
	0x73, 0x74, 0x61, 0x74, 0x75, 0x73, 0x2e, 0x74, 0x65, 0x78, 
	0x74, 0x43, 0x6f, 0x6e, 0x74, 0x65, 0x6e, 0x74, 0x20, 0x3d, 
	0x20, 0x6d, 0x65, 0x73, 0x73, 0x61, 0x67, 0x65, 0x3b, 0xa, 
	0x20, 0x20, 0x20, 0x20, 0x7d, 0xa, 0xa, 0x20, 0x20, 0x20, 
	0x20, 0x66, 0x75, 0x6e, 0x63, 0x74, 0x69, 0x6f, 0x6e, 0x20, 
	0x73, 0x63, 0x68, 0x65, 0x64, 0x75, 0x6c, 0x65, 0x4e, 0x65, 
	0x78, 0x74, 0x46, 0x72, 0x61, 0x6d, 0x65, 0x28, 0x64, 0x65, 
	0x6c, 0x61, 0x79, 0x4d, 0x73, 0x20, 0x3d, 0x20, 0x72, 0x65, 
	0x66, 0x72, 0x65, 0x73, 0x68, 0x4d, 0x73, 0x29, 0x20, 0x7b, 
	0xa, 0x20, 0x20, 0x20, 0x20, 0x20, 0x20, 0x20, 0x20, 0x77, 
	0x69, 0x6e, 0x64, 0x6f, 0x77, 0x2e, 0x63, 0x6c, 0x65, 0x61, 
	0x72, 0x54, 0x69, 0x6d, 0x65, 0x6f, 0x75, 0x74, 0x28, 0x6e, 
	0x65, 0x78, 0x74, 0x52, 0x65, 0x71, 0x75, 0x65, 0x73, 0x74, 
	0x54, 0x69, 0x6d, 0x65, 0x72, 0x29, 0x3b, 0xa, 0x20, 0x20, 
	0x20, 0x20, 0x20, 0x20, 0x20, 0x20, 0x6e, 0x65, 0x78, 0x74, 
	0x52, 0x65, 0x71, 0x75, 0x65, 0x73, 0x74, 0x54, 0x69, 0x6d, 
	0x65, 0x72, 0x20, 0x3d, 0x20, 0x77, 0x69, 0x6e, 0x64, 0x6f, 
	0x77, 0x2e, 0x73, 0x65, 0x74, 0x54, 0x69, 0x6d, 0x65, 0x6f, 
	0x75, 0x74, 0x28, 0x28, 0x29, 0x20, 0x3d, 0x3e, 0x20, 0x7b, 
	0xa, 0x20, 0x20, 0x20, 0x20, 0x20, 0x20, 0x20, 0x20, 0x20, 
	0x20, 0x20, 0x20, 0x6e, 0x65, 0x78, 0x74, 0x52, 0x65, 0x71, 
	0x75, 0x65, 0x73, 0x74, 0x54, 0x69, 0x6d, 0x65, 0x72, 0x20, 
	0x3d, 0x20, 0x30, 0x3b, 0xa, 0x20, 0x20, 0x20, 0x20, 0x20, 
	0x20, 0x20, 0x20, 0x20, 0x20, 0x20, 0x20, 0x76, 0x6f, 0x69, 
	0x64, 0x20, 0x72, 0x65, 0x71, 0x75, 0x65, 0x73, 0x74, 0x46, 
	0x72, 0x61, 0x6d, 0x65, 0x28, 0x29, 0x3b, 0xa, 0x20, 0x20, 
	0x20, 0x20, 0x20, 0x20, 0x20, 0x20, 0x7d, 0x2c, 0x20, 0x64, 
	0x65, 0x6c, 0x61, 0x79, 0x4d, 0x73, 0x29, 0x3b, 0xa, 0x20, 
	0x20, 0x20, 0x20, 0x7d, 0xa, 0xa, 0x20, 0x20, 0x20, 0x20, 
	0x61, 0x73, 0x79, 0x6e, 0x63, 0x20, 0x66, 0x75, 0x6e, 0x63, 
	0x74, 0x69, 0x6f, 0x6e, 0x20, 0x72, 0x65, 0x71, 0x75, 0x65, 
	0x73, 0x74, 0x46, 0x72, 0x61, 0x6d, 0x65, 0x28, 0x29, 0x20, 
	0x7b, 0xa, 0x20, 0x20, 0x20, 0x20, 0x20, 0x20, 0x20, 0x20, 
	0x69, 0x66, 0x20, 0x28, 0x61, 0x63, 0x74, 0x69, 0x76, 0x65, 
	0x52, 0x65, 0x71, 0x75, 0x65, 0x73, 0x74, 0x29, 0x20, 0x72, 
	0x65, 0x74, 0x75, 0x72, 0x6e, 0x3b, 0xa, 0xa, 0x20, 0x20, 
	0x20, 0x20, 0x20, 0x20, 0x20, 0x20, 0x63, 0x6f, 0x6e, 0x73, 
	0x74, 0x20, 0x72, 0x65, 0x71, 0x75, 0x65, 0x73, 0x74, 0x49, 
	0x64, 0x20, 0x3d, 0x20, 0x2b, 0x2b, 0x73, 0x65, 0x71, 0x75, 
	0x65, 0x6e, 0x63, 0x65, 0x3b, 0xa, 0x20, 0x20, 0x20, 0x20, 
	0x20, 0x20, 0x20, 0x20, 0x63, 0x6f, 0x6e, 0x73, 0x74, 0x20, 
	0x63, 0x6f, 0x6e, 0x74, 0x72, 0x6f, 0x6c, 0x6c, 0x65, 0x72, 
	0x20, 0x3d, 0x20, 0x6e, 0x65, 0x77, 0x20, 0x41, 0x62, 0x6f, 
	0x72, 0x74, 0x43, 0x6f, 0x6e, 0x74, 0x72, 0x6f, 0x6c, 0x6c, 
	0x65, 0x72, 0x28, 0x29, 0x3b, 0xa, 0x20, 0x20, 0x20, 0x20, 
	0x20, 0x20, 0x20, 0x20, 0x63, 0x6f, 0x6e, 0x73, 0x74, 0x20, 
	0x73, 0x74, 0x61, 0x72, 0x74, 0x65, 0x64, 0x41, 0x74, 0x20, 
	0x3d, 0x20, 0x70, 0x65, 0x72, 0x66, 0x6f, 0x72, 0x6d, 0x61, 
	0x6e, 0x63, 0x65, 0x2e, 0x6e, 0x6f, 0x77, 0x28, 0x29, 0x3b, 
	0xa, 0x20, 0x20, 0x20, 0x20, 0x20, 0x20, 0x20, 0x20, 0x63, 
	0x6f, 0x6e, 0x73, 0x74, 0x20, 0x72, 0x65, 0x71, 0x75, 0x65, 
	0x73, 0x74, 0x20, 0x3d, 0x20, 0x7b, 0x20, 0x69, 0x64, 0x3a, 
	0x20, 0x72, 0x65, 0x71, 0x75, 0x65, 0x73, 0x74, 0x49, 0x64, 
	0x2c, 0x20, 0x63, 0x6f, 0x6e, 0x74, 0x72, 0x6f, 0x6c, 0x6c, 
	0x65, 0x72, 0x20, 0x7d, 0x3b, 0xa, 0x20, 0x20, 0x20, 0x20, 
	0x20, 0x20, 0x20, 0x20, 0x61, 0x63, 0x74, 0x69, 0x76, 0x65, 
	0x52, 0x65, 0x71, 0x75, 0x65, 0x73, 0x74, 0x20, 0x3d, 0x20, 
	0x72, 0x65, 0x71, 0x75, 0x65, 0x73, 0x74, 0x3b, 0xa, 0x20, 
	0x20, 0x20, 0x20, 0x20, 0x20, 0x20, 0x20, 0x63, 0x6f, 0x6e, 
	0x73, 0x74, 0x20, 0x74, 0x69, 0x6d, 0x65, 0x6f, 0x75, 0x74, 
	0x49, 0x64, 0x20, 0x3d, 0x20, 0x77, 0x69, 0x6e, 0x64, 0x6f, 
	0x77, 0x2e, 0x73, 0x65, 0x74, 0x54, 0x69, 0x6d, 0x65, 0x6f, 
	0x75, 0x74, 0x28, 0x28, 0x29, 0x20, 0x3d, 0x3e, 0x20, 0x63, 
	0x6f, 0x6e, 0x74, 0x72, 0x6f, 0x6c, 0x6c, 0x65, 0x72, 0x2e, 
	0x61, 0x62, 0x6f, 0x72, 0x74, 0x28, 0x29, 0x2c, 0x20, 0x72, 
	0x65, 0x73, 0x70, 0x6f, 0x6e, 0x73, 0x65, 0x54, 0x69, 0x6d, 
	0x65, 0x6f, 0x75, 0x74, 0x4d, 0x73, 0x29, 0x3b, 0xa, 0xa, 
	0x20, 0x20, 0x20, 0x20, 0x20, 0x20, 0x20, 0x20, 0x74, 0x72, 
	0x79, 0x20, 0x7b, 0xa, 0x20, 0x20, 0x20, 0x20, 0x20, 0x20, 
	0x20, 0x20, 0x20, 0x20, 0x20, 0x20, 0x63, 0x6f, 0x6e, 0x73, 
	0x74, 0x20, 0x72, 0x65, 0x73, 0x70, 0x6f, 0x6e, 0x73, 0x65, 
	0x20, 0x3d, 0x20, 0x61, 0x77, 0x61, 0x69, 0x74, 0x20, 0x66, 
	0x65, 0x74, 0x63, 0x68, 0x28, 0x60, 0x2f, 0x76, 0x69, 0x64, 
	0x65, 0x6f, 0x5f, 0x66, 0x65, 0x65, 0x64, 0x3f, 0x66, 0x72, 
	0x61, 0x6d, 0x65, 0x3d, 0x24, 0x7b, 0x72, 0x65, 0x71, 0x75, 
	0x65, 0x73, 0x74, 0x49, 0x64, 0x7d, 0x60, 0x2c, 0x20, 0x7b, 
	0xa, 0x20, 0x20, 0x20, 0x20, 0x20, 0x20, 0x20, 0x20, 0x20, 
	0x20, 0x20, 0x20, 0x20, 0x20, 0x20, 0x20, 0x6d, 0x65, 0x74, 
	0x68, 0x6f, 0x64, 0x3a, 0x20, 0x27, 0x47, 0x45, 0x54, 0x27, 
	0x2c, 0xa, 0x20, 0x20, 0x20, 0x20, 0x20, 0x20, 0x20, 0x20, 
	0x20, 0x20, 0x20, 0x20, 0x20, 0x20, 0x20, 0x20, 0x63, 0x61, 
	0x63, 0x68, 0x65, 0x3a, 0x20, 0x27, 0x6e, 0x6f, 0x2d, 0x73, 
	0x74, 0x6f, 0x72, 0x65, 0x27, 0x2c, 0xa, 0x20, 0x20, 0x20, 
	0x20, 0x20, 0x20, 0x20, 0x20, 0x20, 0x20, 0x20, 0x20, 0x20, 
	0x20, 0x20, 0x20, 0x73, 0x69, 0x67, 0x6e, 0x61, 0x6c, 0x3a, 
	0x20, 0x63, 0x6f, 0x6e, 0x74, 0x72, 0x6f, 0x6c, 0x6c, 0x65, 
	0x72, 0x2e, 0x73, 0x69, 0x67, 0x6e, 0x61, 0x6c, 0x2c, 0xa, 
	0x20, 0x20, 0x20, 0x20, 0x20, 0x20, 0x20, 0x20, 0x20, 0x20, 
	0x20, 0x20, 0x20, 0x20, 0x20, 0x20, 0x68, 0x65, 0x61, 0x64, 
	0x65, 0x72, 0x73, 0x3a, 0x20, 0x7b, 0x20, 0x27, 0x41, 0x63, 
	0x63, 0x65, 0x70, 0x74, 0x27, 0x3a, 0x20, 0x27, 0x69, 0x6d, 
	0x61, 0x67, 0x65, 0x2f, 0x62, 0x6d, 0x70, 0x27, 0x20, 0x7d, 
	0xa, 0x20, 0x20, 0x20, 0x20, 0x20, 0x20, 0x20, 0x20, 0x20, 
	0x20, 0x20, 0x20, 0x7d, 0x29, 0x3b, 0xa, 0x20, 0x20, 0x20, 
	0x20, 0x20, 0x20, 0x20, 0x20, 0x20, 0x20, 0x20, 0x20, 0x63, 
	0x6f, 0x6e, 0x73, 0x74, 0x20, 0x68, 0x65, 0x61, 0x64, 0x65, 
	0x72, 0x73, 0x41, 0x74, 0x20, 0x3d, 0x20, 0x70, 0x65, 0x72, 
	0x66, 0x6f, 0x72, 0x6d, 0x61, 0x6e, 0x63, 0x65, 0x2e, 0x6e, 
	0x6f, 0x77, 0x28, 0x29, 0x3b, 0xa, 0x20, 0x20, 0x20, 0x20, 
	0x20, 0x20, 0x20, 0x20, 0x20, 0x20, 0x20, 0x20, 0x69, 0x66, 
	0x20, 0x28, 0x72, 0x65, 0x71, 0x75, 0x65, 0x73, 0x74, 0x49, 
	0x64, 0x20, 0x21, 0x3d, 0x3d, 0x20, 0x73, 0x65, 0x71, 0x75, 
	0x65, 0x6e, 0x63, 0x65, 0x29, 0x20, 0x72, 0x65, 0x74, 0x75, 
	0x72, 0x6e, 0x3b, 0xa, 0x20, 0x20, 0x20, 0x20, 0x20, 0x20, 
	0x20, 0x20, 0x20, 0x20, 0x20, 0x20, 0x69, 0x66, 0x20, 0x28, 
	0x21, 0x72, 0x65, 0x73, 0x70, 0x6f, 0x6e, 0x73, 0x65, 0x2e, 
	0x6f, 0x6b, 0x29, 0x20, 0x7b, 0xa, 0x20, 0x20, 0x20, 0x20, 
	0x20, 0x20, 0x20, 0x20, 0x20, 0x20, 0x20, 0x20, 0x20, 0x20, 
	0x20, 0x20, 0x69, 0x66, 0x20, 0x28, 0x72, 0x65, 0x73, 0x70, 
	0x6f, 0x6e, 0x73, 0x65, 0x2e, 0x62, 0x6f, 0x64, 0x79, 0x29, 
	0x20, 0x61, 0x77, 0x61, 0x69, 0x74, 0x20, 0x72, 0x65, 0x73, 
	0x70, 0x6f, 0x6e, 0x73, 0x65, 0x2e, 0x62, 0x6f, 0x64, 0x79, 
	0x2e, 0x63, 0x61, 0x6e, 0x63, 0x65, 0x6c, 0x28, 0x29, 0x3b, 
	0xa, 0x20, 0x20, 0x20, 0x20, 0x20, 0x20, 0x20, 0x20, 0x20, 
	0x20, 0x20, 0x20, 0x20, 0x20, 0x20, 0x20, 0x69, 0x66, 0x20, 
	0x28, 0x72, 0x65, 0x73, 0x70, 0x6f, 0x6e, 0x73, 0x65, 0x2e, 
	0x73, 0x74, 0x61, 0x74, 0x75, 0x73, 0x20, 0x3d, 0x3d, 0x3d, 
	0x20, 0x35, 0x30, 0x33, 0x29, 0x20, 0x7b, 0xa, 0x20, 0x20, 
	0x20, 0x20, 0x20, 0x20, 0x20, 0x20, 0x20, 0x20, 0x20, 0x20, 
	0x20, 0x20, 0x20, 0x20, 0x20, 0x20, 0x20, 0x20, 0x73, 0x65, 
	0x74, 0x55, 0x6e, 0x61, 0x76, 0x61, 0x69, 0x6c, 0x61, 0x62, 
	0x6c, 0x65, 0x28, 0x27, 0xe6, 0x98, 0xa0, 0xe5, 0x83, 0x8f, 
	0xe3, 0x83, 0x87, 0xe3, 0x83, 0xbc, 0xe3, 0x82, 0xbf, 0xe3, 
	0x81, 0xaa, 0xe3, 0x81, 0x97, 0x20, 0x28, 0x48, 0x54, 0x54, 
	0x50, 0x20, 0x35, 0x30, 0x33, 0x29, 0x27, 0x29, 0x3b, 0xa, 
	0x20, 0x20, 0x20, 0x20, 0x20, 0x20, 0x20, 0x20, 0x20, 0x20, 
	0x20, 0x20, 0x20, 0x20, 0x20, 0x20, 0x7d, 0x20, 0x65, 0x6c, 
	0x73, 0x65, 0x20, 0x7b, 0xa, 0x20, 0x20, 0x20, 0x20, 0x20, 
	0x20, 0x20, 0x20, 0x20, 0x20, 0x20, 0x20, 0x20, 0x20, 0x20, 
	0x20, 0x20, 0x20, 0x20, 0x20, 0x73, 0x65, 0x74, 0x55, 0x6e, 
	0x61, 0x76, 0x61, 0x69, 0x6c, 0x61, 0x62, 0x6c, 0x65, 0x28, 
	0x60, 0xe6, 0x98, 0xa0, 0xe5, 0x83, 0x8f, 0xe5, 0x8f, 0x96, 
	0xe5, 0xbe, 0x97, 0xe3, 0x82, 0xa8, 0xe3, 0x83, 0xa9, 0xe3, 
	0x83, 0xbc, 0x20, 0x28, 0x48, 0x54, 0x54, 0x50, 0x20, 0x24, 
	0x7b, 0x72, 0x65, 0x73, 0x70, 0x6f, 0x6e, 0x73, 0x65, 0x2e, 
	0x73, 0x74, 0x61, 0x74, 0x75, 0x73, 0x7d, 0x29, 0x60, 0x29, 
	0x3b, 0xa, 0x20, 0x20, 0x20, 0x20, 0x20, 0x20, 0x20, 0x20, 
	0x20, 0x20, 0x20, 0x20, 0x20, 0x20, 0x20, 0x20, 0x7d, 0xa, 
	0x20, 0x20, 0x20, 0x20, 0x20, 0x20, 0x20, 0x20, 0x20, 0x20, 
	0x20, 0x20, 0x20, 0x20, 0x20, 0x20, 0x72, 0x65, 0x74, 0x75, 
	0x72, 0x6e, 0x3b, 0xa, 0x20, 0x20, 0x20, 0x20, 0x20, 0x20, 
	0x20, 0x20, 0x20, 0x20, 0x20, 0x20, 0x7d, 0xa, 0xa, 0x20, 
	0x20, 0x20, 0x20, 0x20, 0x20, 0x20, 0x20, 0x20, 0x20, 0x20, 
	0x20, 0x63, 0x6f, 0x6e, 0x73, 0x74, 0x20, 0x62, 0x6c, 0x6f, 
	0x62, 0x20, 0x3d, 0x20, 0x61, 0x77, 0x61, 0x69, 0x74, 0x20, 
	0x72, 0x65, 0x73, 0x70, 0x6f, 0x6e, 0x73, 0x65, 0x2e, 0x62, 
	0x6c, 0x6f, 0x62, 0x28, 0x29, 0x3b, 0xa, 0x20, 0x20, 0x20, 
	0x20, 0x20, 0x20, 0x20, 0x20, 0x20, 0x20, 0x20, 0x20, 0x69, 
	0x66, 0x20, 0x28, 0x72, 0x65, 0x71, 0x75, 0x65, 0x73, 0x74, 
	0x49, 0x64, 0x20, 0x21, 0x3d, 0x3d, 0x20, 0x73, 0x65, 0x71, 
	0x75, 0x65, 0x6e, 0x63, 0x65, 0x20, 0x7c, 0x7c, 0x20, 0x61, 
	0x63, 0x74, 0x69, 0x76, 0x65, 0x52, 0x65, 0x71, 0x75, 0x65, 
	0x73, 0x74, 0x20, 0x21, 0x3d, 0x3d, 0x20, 0x72, 0x65, 0x71, 
	0x75, 0x65, 0x73, 0x74, 0x29, 0x20, 0x72, 0x65, 0x74, 0x75, 
	0x72, 0x6e, 0x3b, 0xa, 0x20, 0x20, 0x20, 0x20, 0x20, 0x20, 
	0x20, 0x20, 0x20, 0x20, 0x20, 0x20, 0x63, 0x6f, 0x6e, 0x73, 
	0x74, 0x20, 0x62, 0x6f, 0x64, 0x79, 0x52, 0x65, 0x61, 0x64, 
	0x79, 0x41, 0x74, 0x20, 0x3d, 0x20, 0x70, 0x65, 0x72, 0x66, 
	0x6f, 0x72, 0x6d, 0x61, 0x6e, 0x63, 0x65, 0x2e, 0x6e, 0x6f, 
	0x77, 0x28, 0x29, 0x3b, 0xa, 0x20, 0x20, 0x20, 0x20, 0x20, 
	0x20, 0x20, 0x20, 0x20, 0x20, 0x20, 0x20, 0x63, 0x6f, 0x6e, 
	0x73, 0x74, 0x20, 0x68, 0x65, 0x61, 0x64, 0x65, 0x72, 0x4d, 
	0x73, 0x20, 0x3d, 0x20, 0x4d, 0x61, 0x74, 0x68, 0x2e, 0x6d, 
	0x61, 0x78, 0x28, 0x30, 0x2c, 0x20, 0x4d, 0x61, 0x74, 0x68, 
	0x2e, 0x72, 0x6f, 0x75, 0x6e, 0x64, 0x28, 0x68, 0x65, 0x61, 
	0x64, 0x65, 0x72, 0x73, 0x41, 0x74, 0x20, 0x2d, 0x20, 0x73, 
	0x74, 0x61, 0x72, 0x74, 0x65, 0x64, 0x41, 0x74, 0x29, 0x29, 
	0x3b, 0xa, 0x20, 0x20, 0x20, 0x20, 0x20, 0x20, 0x20, 0x20, 
	0x20, 0x20, 0x20, 0x20, 0x63, 0x6f, 0x6e, 0x73, 0x74, 0x20, 
	0x62, 0x6f, 0x64, 0x79, 0x4d, 0x73, 0x20, 0x3d, 0x20, 0x4d, 
	0x61, 0x74, 0x68, 0x2e, 0x6d, 0x61, 0x78, 0x28, 0x30, 0x2c, 
	0x20, 0x4d, 0x61, 0x74, 0x68, 0x2e, 0x72, 0x6f, 0x75, 0x6e, 
	0x64, 0x28, 0x62, 0x6f, 0x64, 0x79, 0x52, 0x65, 0x61, 0x64, 
	0x79, 0x41, 0x74, 0x20, 0x2d, 0x20, 0x68, 0x65, 0x61, 0x64, 
	0x65, 0x72, 0x73, 0x41, 0x74, 0x29, 0x29, 0x3b, 0xa, 0x20, 
	0x20, 0x20, 0x20, 0x20, 0x20, 0x20, 0x20, 0x20, 0x20, 0x20, 
	0x20, 0x63, 0x6f, 0x6e, 0x73, 0x74, 0x20, 0x65, 0x6c, 0x61, 
	0x70, 0x73, 0x65, 0x64, 0x4d, 0x73, 0x20, 0x3d, 0x20, 0x4d, 
	0x61, 0x74, 0x68, 0x2e, 0x6d, 0x61, 0x78, 0x28, 0x30, 0x2c, 
	0x20, 0x4d, 0x61, 0x74, 0x68, 0x2e, 0x72, 0x6f, 0x75, 0x6e, 
	0x64, 0x28, 0x62, 0x6f, 0x64, 0x79, 0x52, 0x65, 0x61, 0x64, 
	0x79, 0x41, 0x74, 0x20, 0x2d, 0x20, 0x73, 0x74, 0x61, 0x72, 
	0x74, 0x65, 0x64, 0x41, 0x74, 0x29, 0x29, 0x3b, 0xa, 0xa, 
	0x20, 0x20, 0x20, 0x20, 0x20, 0x20, 0x20, 0x20, 0x20, 0x20, 
	0x20, 0x20, 0x63, 0x6f, 0x6e, 0x73, 0x74, 0x20, 0x6f, 0x62, 
	0x6a, 0x65, 0x63, 0x74, 0x55, 0x72, 0x6c, 0x20, 0x3d, 0x20, 
	0x55, 0x52, 0x4c, 0x2e, 0x63, 0x72, 0x65, 0x61, 0x74, 0x65, 
	0x4f, 0x62, 0x6a, 0x65, 0x63, 0x74, 0x55, 0x52, 0x4c, 0x28, 
	0x62, 0x6c, 0x6f, 0x62, 0x29, 0x3b, 0xa, 0x20, 0x20, 0x20, 
	0x20, 0x20, 0x20, 0x20, 0x20, 0x20, 0x20, 0x20, 0x20, 0x63, 
	0x6f, 0x6e, 0x73, 0x74, 0x20, 0x73, 0x74, 0x61, 0x67, 0x65, 
	0x64, 0x49, 0x6d, 0x61, 0x67, 0x65, 0x20, 0x3d, 0x20, 0x6e, 
	0x65, 0x77, 0x20, 0x49, 0x6d, 0x61, 0x67, 0x65, 0x28, 0x29, 
	0x3b, 0xa, 0x20, 0x20, 0x20, 0x20, 0x20, 0x20, 0x20, 0x20, 
	0x20, 0x20, 0x20, 0x20, 0x73, 0x74, 0x61, 0x67, 0x65, 0x64, 
	0x49, 0x6d, 0x61, 0x67, 0x65, 0x2e, 0x73, 0x72, 0x63, 0x20, 
	0x3d, 0x20, 0x6f, 0x62, 0x6a, 0x65, 0x63, 0x74, 0x55, 0x72, 
	0x6c, 0x3b, 0xa, 0x20, 0x20, 0x20, 0x20, 0x20, 0x20, 0x20, 
	0x20, 0x20, 0x20, 0x20, 0x20, 0x74, 0x72, 0x79, 0x20, 0x7b, 
	0xa, 0x20, 0x20, 0x20, 0x20, 0x20, 0x20, 0x20, 0x20, 0x20, 
	0x20, 0x20, 0x20, 0x20, 0x20, 0x20, 0x20, 0x61, 0x77, 0x61, 
	0x69, 0x74, 0x20, 0x73, 0x74, 0x61, 0x67, 0x65, 0x64, 0x49, 
	0x6d, 0x61, 0x67, 0x65, 0x2e, 0x64, 0x65, 0x63, 0x6f, 0x64, 
	0x65, 0x28, 0x29, 0x3b, 0xa, 0x20, 0x20, 0x20, 0x20, 0x20, 
	0x20, 0x20, 0x20, 0x20, 0x20, 0x20, 0x20, 0x7d, 0x20, 0x63, 
	0x61, 0x74, 0x63, 0x68, 0x20, 0x28, 0x65, 0x72, 0x72, 0x6f, 
	0x72, 0x29, 0x20, 0x7b, 0xa, 0x20, 0x20, 0x20, 0x20, 0x20, 
	0x20, 0x20, 0x20, 0x20, 0x20, 0x20, 0x20, 0x20, 0x20, 0x20, 
	0x20, 0x55, 0x52, 0x4c, 0x2e, 0x72, 0x65, 0x76, 0x6f, 0x6b, 
	0x65, 0x4f, 0x62, 0x6a, 0x65, 0x63, 0x74, 0x55, 0x52, 0x4c, 
	0x28, 0x6f, 0x62, 0x6a, 0x65, 0x63, 0x74, 0x55, 0x72, 0x6c, 
	0x29, 0x3b, 0xa, 0x20, 0x20, 0x20, 0x20, 0x20, 0x20, 0x20, 
	0x20, 0x20, 0x20, 0x20, 0x20, 0x20, 0x20, 0x20, 0x20, 0x74, 
	0x68, 0x72, 0x6f, 0x77, 0x20, 0x65, 0x72, 0x72, 0x6f, 0x72, 
	0x3b, 0xa, 0x20, 0x20, 0x20, 0x20, 0x20, 0x20, 0x20, 0x20, 
	0x20, 0x20, 0x20, 0x20, 0x7d, 0xa, 0x20, 0x20, 0x20, 0x20, 
	0x20, 0x20, 0x20, 0x20, 0x20, 0x20, 0x20, 0x20, 0x69, 0x66, 
	0x20, 0x28, 0x72, 0x65, 0x71, 0x75, 0x65, 0x73, 0x74, 0x49, 
	0x64, 0x20, 0x21, 0x3d, 0x3d, 0x20, 0x73, 0x65, 0x71, 0x75, 
	0x65, 0x6e, 0x63, 0x65, 0x20, 0x7c, 0x7c, 0x20, 0x61, 0x63, 
	0x74, 0x69, 0x76, 0x65, 0x52, 0x65, 0x71, 0x75, 0x65, 0x73, 
	0x74, 0x20, 0x21, 0x3d, 0x3d, 0x20, 0x72, 0x65, 0x71, 0x75, 
	0x65, 0x73, 0x74, 0x29, 0x20, 0x7b, 0xa, 0x20, 0x20, 0x20, 
	0x20, 0x20, 0x20, 0x20, 0x20, 0x20, 0x20, 0x20, 0x20, 0x20, 
	0x20, 0x20, 0x20, 0x55, 0x52, 0x4c, 0x2e, 0x72, 0x65, 0x76, 
	0x6f, 0x6b, 0x65, 0x4f, 0x62, 0x6a, 0x65, 0x63, 0x74, 0x55, 
	0x52, 0x4c, 0x28, 0x6f, 0x62, 0x6a, 0x65, 0x63, 0x74, 0x55, 
	0x72, 0x6c, 0x29, 0x3b, 0xa, 0x20, 0x20, 0x20, 0x20, 0x20, 
	0x20, 0x20, 0x20, 0x20, 0x20, 0x20, 0x20, 0x20, 0x20, 0x20, 
	0x20, 0x72, 0x65, 0x74, 0x75, 0x72, 0x6e, 0x3b, 0xa, 0x20, 
	0x20, 0x20, 0x20, 0x20, 0x20, 0x20, 0x20, 0x20, 0x20, 0x20, 
	0x20, 0x7d, 0xa, 0xa, 0x20, 0x20, 0x20, 0x20, 0x20, 0x20, 
	0x20, 0x20, 0x20, 0x20, 0x20, 0x20, 0x63, 0x6f, 0x6e, 0x73, 
	0x74, 0x20, 0x70, 0x72, 0x65, 0x76, 0x69, 0x6f, 0x75, 0x73, 
	0x4f, 0x62, 0x6a, 0x65, 0x63, 0x74, 0x55, 0x72, 0x6c, 0x20, 
	0x3d, 0x20, 0x64, 0x69, 0x73, 0x70, 0x6c, 0x61, 0x79, 0x65, 
	0x64, 0x4f, 0x62, 0x6a, 0x65, 0x63, 0x74, 0x55, 0x72, 0x6c, 
	0x3b, 0xa, 0x20, 0x20, 0x20, 0x20, 0x20, 0x20, 0x20, 0x20, 
	0x20, 0x20, 0x20, 0x20, 0x64, 0x69, 0x73, 0x70, 0x6c, 0x61, 
	0x79, 0x65, 0x64, 0x4f, 0x62, 0x6a, 0x65, 0x63, 0x74, 0x55, 
	0x72, 0x6c, 0x20, 0x3d, 0x20, 0x6f, 0x62, 0x6a, 0x65, 0x63, 
	0x74, 0x55, 0x72, 0x6c, 0x3b, 0xa, 0x20, 0x20, 0x20, 0x20, 
	0x20, 0x20, 0x20, 0x20, 0x20, 0x20, 0x20, 0x20, 0x69, 0x6d, 
	0x61, 0x67, 0x65, 0x2e, 0x73, 0x72, 0x63, 0x20, 0x3d, 0x20, 
	0x6f, 0x62, 0x6a, 0x65, 0x63, 0x74, 0x55, 0x72, 0x6c, 0x3b, 
	0xa, 0x20, 0x20, 0x20, 0x20, 0x20, 0x20, 0x20, 0x20, 0x20, 
	0x20, 0x20, 0x20, 0x69, 0x66, 0x20, 0x28, 0x70, 0x72, 0x65, 
	0x76, 0x69, 0x6f, 0x75, 0x73, 0x4f, 0x62, 0x6a, 0x65, 0x63, 
	0x74, 0x55, 0x72, 0x6c, 0x29, 0x20, 0x55, 0x52, 0x4c, 0x2e, 
	0x72, 0x65, 0x76, 0x6f, 0x6b, 0x65, 0x4f, 0x62, 0x6a, 0x65, 
	0x63, 0x74, 0x55, 0x52, 0x4c, 0x28, 0x70, 0x72, 0x65, 0x76, 
	0x69, 0x6f, 0x75, 0x73, 0x4f, 0x62, 0x6a, 0x65, 0x63, 0x74, 
	0x55, 0x72, 0x6c, 0x29, 0x3b, 0xa, 0xa, 0x20, 0x20, 0x20, 
	0x20, 0x20, 0x20, 0x20, 0x20, 0x20, 0x20, 0x20, 0x20, 0x63, 
	0x6f, 0x6e, 0x73, 0x74, 0x20, 0x64, 0x69, 0x73, 0x70, 0x6c, 
	0x61, 0x79, 0x65, 0x64, 0x41, 0x74, 0x20, 0x3d, 0x20, 0x70, 
	0x65, 0x72, 0x66, 0x6f, 0x72, 0x6d, 0x61, 0x6e, 0x63, 0x65, 
	0x2e, 0x6e, 0x6f, 0x77, 0x28, 0x29, 0x3b, 0xa, 0x20, 0x20, 
	0x20, 0x20, 0x20, 0x20, 0x20, 0x20, 0x20, 0x20, 0x20, 0x20, 
	0x63, 0x6f, 0x6e, 0x73, 0x74, 0x20, 0x70, 0x72, 0x65, 0x76, 
	0x69, 0x6f, 0x75, 0x73, 0x44, 0x69, 0x73, 0x70, 0x6c, 0x61, 
	0x79, 0x41, 0x74, 0x20, 0x3d, 0x20, 0x6c, 0x61, 0x73, 0x74, 
	0x46, 0x72, 0x61, 0x6d, 0x65, 0x41, 0x74, 0x3b, 0xa, 0x20, 
	0x20, 0x20, 0x20, 0x20, 0x20, 0x20, 0x20, 0x20, 0x20, 0x20, 
	0x20, 0x6c, 0x61, 0x73, 0x74, 0x46, 0x72, 0x61, 0x6d, 0x65, 
	0x41, 0x74, 0x20, 0x3d, 0x20, 0x64, 0x69, 0x73, 0x70, 0x6c, 
	0x61, 0x79, 0x65, 0x64, 0x41, 0x74, 0x3b, 0xa, 0x20, 0x20, 
	0x20, 0x20, 0x20, 0x20, 0x20, 0x20, 0x20, 0x20, 0x20, 0x20, 
	0x63, 0x6f, 0x6e, 0x73, 0x74, 0x20, 0x66, 0x72, 0x61, 0x6d, 
	0x65, 0x53, 0x65, 0x71, 0x75, 0x65, 0x6e, 0x63, 0x65, 0x20, 
	0x3d, 0x20, 0x72, 0x65, 0x73, 0x70, 0x6f, 0x6e, 0x73, 0x65, 
	0x2e, 0x68, 0x65, 0x61, 0x64, 0x65, 0x72, 0x73, 0x3f, 0x2e, 
	0x67, 0x65, 0x74, 0x28, 0x27, 0x58, 0x2d, 0x46, 0x72, 0x61, 
	0x6d, 0x65, 0x2d, 0x53, 0x65, 0x71, 0x27, 0x29, 0x3b, 0xa, 
	0x20, 0x20, 0x20, 0x20, 0x20, 0x20, 0x20, 0x20, 0x20, 0x20, 
	0x20, 0x20, 0x6c, 0x65, 0x74, 0x20, 0x70, 0x72, 0x6f, 0x64, 
	0x75, 0x63, 0x65, 0x72, 0x46, 0x72, 0x61, 0x6d, 0x65, 0x49, 
	0x73, 0x4e, 0x65, 0x77, 0x20, 0x3d, 0x20, 0x66, 0x61, 0x6c, 
	0x73, 0x65, 0x3b, 0xa, 0x20, 0x20, 0x20, 0x20, 0x20, 0x20, 
	0x20, 0x20, 0x20, 0x20, 0x20, 0x20, 0x6c, 0x65, 0x74, 0x20, 
	0x70, 0x72, 0x6f, 0x64, 0x75, 0x63, 0x65, 0x72, 0x46, 0x70, 
	0x73, 0x20, 0x3d, 0x20, 0x27, 0x2d, 0x2d, 0x27, 0x3b, 0xa, 
	0x20, 0x20, 0x20, 0x20, 0x20, 0x20, 0x20, 0x20, 0x20, 0x20, 
	0x20, 0x20, 0x69, 0x66, 0x20, 0x28, 0x66, 0x72, 0x61, 0x6d, 
	0x65, 0x53, 0x65, 0x71, 0x75, 0x65, 0x6e, 0x63, 0x65, 0x20, 
	0x21, 0x3d, 0x3d, 0x20, 0x6e, 0x75, 0x6c, 0x6c, 0x20, 0x26, 
	0x26, 0x20, 0x66, 0x72, 0x61, 0x6d, 0x65, 0x53, 0x65, 0x71, 
	0x75, 0x65, 0x6e, 0x63, 0x65, 0x20, 0x21, 0x3d, 0x3d, 0x20, 
	0x75, 0x6e, 0x64, 0x65, 0x66, 0x69, 0x6e, 0x65, 0x64, 0x29, 
	0x20, 0x7b, 0xa, 0x20, 0x20, 0x20, 0x20, 0x20, 0x20, 0x20, 
	0x20, 0x20, 0x20, 0x20, 0x20, 0x20, 0x20, 0x20, 0x20, 0x69, 
	0x66, 0x20, 0x28, 0x66, 0x72, 0x61, 0x6d, 0x65, 0x53, 0x65, 
	0x71, 0x75, 0x65, 0x6e, 0x63, 0x65, 0x20, 0x21, 0x3d, 0x3d, 
	0x20, 0x6c, 0x61, 0x73, 0x74, 0x50, 0x72, 0x6f, 0x64, 0x75, 
	0x63, 0x65, 0x72, 0x53, 0x65, 0x71, 0x75, 0x65, 0x6e, 0x63, 
	0x65, 0x29, 0x20, 0x7b, 0xa, 0x20, 0x20, 0x20, 0x20, 0x20, 
	0x20, 0x20, 0x20, 0x20, 0x20, 0x20, 0x20, 0x20, 0x20, 0x20, 
	0x20, 0x20, 0x20, 0x20, 0x20, 0x69, 0x66, 0x20, 0x28, 0x70, 
	0x72, 0x6f, 0x64, 0x75, 0x63, 0x65, 0x72, 0x53, 0x65, 0x71, 
	0x75, 0x65, 0x6e, 0x63, 0x65, 0x43, 0x68, 0x61, 0x6e, 0x67, 
	0x65, 0x64, 0x41, 0x74, 0x20, 0x3e, 0x20, 0x30, 0x29, 0x20, 
	0x7b, 0xa, 0x20, 0x20, 0x20, 0x20, 0x20, 0x20, 0x20, 0x20, 
	0x20, 0x20, 0x20, 0x20, 0x20, 0x20, 0x20, 0x20, 0x20, 0x20, 
	0x20, 0x20, 0x20, 0x20, 0x20, 0x20, 0x70, 0x72, 0x6f, 0x64, 
	0x75, 0x63, 0x65, 0x72, 0x46, 0x70, 0x73, 0x20, 0x3d, 0x20, 
	0x28, 0x31, 0x30, 0x30, 0x30, 0x20, 0x2f, 0x20, 0x28, 0x64, 
	0x69, 0x73, 0x70, 0x6c, 0x61, 0x79, 0x65, 0x64, 0x41, 0x74, 
	0x20, 0x2d, 0x20, 0x70, 0x72, 0x6f, 0x64, 0x75, 0x63, 0x65, 
	0x72, 0x53, 0x65, 0x71, 0x75, 0x65, 0x6e, 0x63, 0x65, 0x43, 
	0x68, 0x61, 0x6e, 0x67, 0x65, 0x64, 0x41, 0x74, 0x29, 0x29, 
	0x2e, 0x74, 0x6f, 0x46, 0x69, 0x78, 0x65, 0x64, 0x28, 0x31, 
	0x29, 0x3b, 0xa, 0x20, 0x20, 0x20, 0x20, 0x20, 0x20, 0x20, 
	0x20, 0x20, 0x20, 0x20, 0x20, 0x20, 0x20, 0x20, 0x20, 0x20, 
	0x20, 0x20, 0x20, 0x7d, 0xa, 0x20, 0x20, 0x20, 0x20, 0x20, 
	0x20, 0x20, 0x20, 0x20, 0x20, 0x20, 0x20, 0x20, 0x20, 0x20, 
	0x20, 0x20, 0x20, 0x20, 0x20, 0x6c, 0x61, 0x73, 0x74, 0x50, 
	0x72, 0x6f, 0x64, 0x75, 0x63, 0x65, 0x72, 0x53, 0x65, 0x71, 
	0x75, 0x65, 0x6e, 0x63, 0x65, 0x20, 0x3d, 0x20, 0x66, 0x72, 
	0x61, 0x6d, 0x65, 0x53, 0x65, 0x71, 0x75, 0x65, 0x6e, 0x63, 
	0x65, 0x3b, 0xa, 0x20, 0x20, 0x20, 0x20, 0x20, 0x20, 0x20, 
	0x20, 0x20, 0x20, 0x20, 0x20, 0x20, 0x20, 0x20, 0x20, 0x20, 
	0x20, 0x20, 0x20, 0x70, 0x72, 0x6f, 0x64, 0x75, 0x63, 0x65, 
	0x72, 0x53, 0x65, 0x71, 0x75, 0x65, 0x6e, 0x63, 0x65, 0x43, 
	0x68, 0x61, 0x6e, 0x67, 0x65, 0x64, 0x41, 0x74, 0x20, 0x3d, 
	0x20, 0x64, 0x69, 0x73, 0x70, 0x6c, 0x61, 0x79, 0x65, 0x64, 
	0x41, 0x74, 0x3b, 0xa, 0x20, 0x20, 0x20, 0x20, 0x20, 0x20, 
	0x20, 0x20, 0x20, 0x20, 0x20, 0x20, 0x20, 0x20, 0x20, 0x20, 
	0x20, 0x20, 0x20, 0x20, 0x70, 0x72, 0x6f, 0x64, 0x75, 0x63, 
	0x65, 0x72, 0x46, 0x72, 0x61, 0x6d, 0x65, 0x49, 0x73, 0x4e, 
	0x65, 0x77, 0x20, 0x3d, 0x20, 0x74, 0x72, 0x75, 0x65, 0x3b, 
	0xa, 0x20, 0x20, 0x20, 0x20, 0x20, 0x20, 0x20, 0x20, 0x20, 
	0x20, 0x20, 0x20, 0x20, 0x20, 0x20, 0x20, 0x7d, 0x20, 0x65, 
	0x6c, 0x73, 0x65, 0x20, 0x7b, 0xa, 0x20, 0x20, 0x20, 0x20, 
	0x20, 0x20, 0x20, 0x20, 0x20, 0x20, 0x20, 0x20, 0x20, 0x20, 
	0x20, 0x20, 0x20, 0x20, 0x20, 0x20, 0x70, 0x72, 0x6f, 0x64, 
	0x75, 0x63, 0x65, 0x72, 0x46, 0x70, 0x73, 0x20, 0x3d, 0x20, 
	0x27, 0x30, 0x2e, 0x30, 0x27, 0x3b, 0xa, 0x20, 0x20, 0x20, 
	0x20, 0x20, 0x20, 0x20, 0x20, 0x20, 0x20, 0x20, 0x20, 0x20, 
	0x20, 0x20, 0x20, 0x7d, 0xa, 0x20, 0x20, 0x20, 0x20, 0x20, 
	0x20, 0x20, 0x20, 0x20, 0x20, 0x20, 0x20, 0x7d, 0xa, 0x20, 
	0x20, 0x20, 0x20, 0x20, 0x20, 0x20, 0x20, 0x20, 0x20, 0x20, 
	0x20, 0x63, 0x6f, 0x6e, 0x73, 0x74, 0x20, 0x70, 0x6f, 0x6c, 
	0x6c, 0x46, 0x70, 0x73, 0x20, 0x3d, 0x20, 0x70, 0x72, 0x65, 
	0x76, 0x69, 0x6f, 0x75, 0x73, 0x44, 0x69, 0x73, 0x70, 0x6c, 
	0x61, 0x79, 0x41, 0x74, 0x20, 0x3e, 0x20, 0x30, 0x20, 0x3f, 
	0xa, 0x20, 0x20, 0x20, 0x20, 0x20, 0x20, 0x20, 0x20, 0x20, 
	0x20, 0x20, 0x20, 0x20, 0x20, 0x20, 0x20, 0x28, 0x31, 0x30, 
	0x30, 0x30, 0x20, 0x2f, 0x20, 0x28, 0x64, 0x69, 0x73, 0x70, 
	0x6c, 0x61, 0x79, 0x65, 0x64, 0x41, 0x74, 0x20, 0x2d, 0x20, 
	0x70, 0x72, 0x65, 0x76, 0x69, 0x6f, 0x75, 0x73, 0x44, 0x69, 
	0x73, 0x70, 0x6c, 0x61, 0x79, 0x41, 0x74, 0x29, 0x29, 0x2e, 
	0x74, 0x6f, 0x46, 0x69, 0x78, 0x65, 0x64, 0x28, 0x31, 0x29, 
	0x20, 0x3a, 0x20, 0x27, 0x2d, 0x2d, 0x27, 0x3b, 0xa, 0x20, 
	0x20, 0x20, 0x20, 0x20, 0x20, 0x20, 0x20, 0x20, 0x20, 0x20, 
	0x20, 0x63, 0x6f, 0x6e, 0x73, 0x74, 0x20, 0x73, 0x65, 0x71, 
	0x75, 0x65, 0x6e, 0x63, 0x65, 0x4c, 0x61, 0x62, 0x65, 0x6c, 
	0x20, 0x3d, 0x20, 0x66, 0x72, 0x61, 0x6d, 0x65, 0x53, 0x65, 
	0x71, 0x75, 0x65, 0x6e, 0x63, 0x65, 0x20, 0x3d, 0x3d, 0x3d, 
	0x20, 0x6e, 0x75, 0x6c, 0x6c, 0x20, 0x7c, 0x7c, 0x20, 0x66, 
	0x72, 0x61, 0x6d, 0x65, 0x53, 0x65, 0x71, 0x75, 0x65, 0x6e, 
	0x63, 0x65, 0x20, 0x3d, 0x3d, 0x3d, 0x20, 0x75, 0x6e, 0x64, 
	0x65, 0x66, 0x69, 0x6e, 0x65, 0x64, 0x20, 0x3f, 0xa, 0x20, 
	0x20, 0x20, 0x20, 0x20, 0x20, 0x20, 0x20, 0x20, 0x20, 0x20, 
	0x20, 0x20, 0x20, 0x20, 0x20, 0x27, 0x27, 0x20, 0x3a, 0x20, 
	0x60, 0x20, 0xc2, 0xb7, 0x20, 0x66, 0x72, 0x61, 0x6d, 0x65, 
	0x20, 0x23, 0x24, 0x7b, 0x66, 0x72, 0x61, 0x6d, 0x65, 0x53, 
	0x65, 0x71, 0x75, 0x65, 0x6e, 0x63, 0x65, 0x7d, 0x20, 0x24, 
	0x7b, 0x70, 0x72, 0x6f, 0x64, 0x75, 0x63, 0x65, 0x72, 0x46, 
	0x72, 0x61, 0x6d, 0x65, 0x49, 0x73, 0x4e, 0x65, 0x77, 0x20, 
	0x3f, 0x20, 0x27, 0x28, 0x6e, 0x65, 0x77, 0x29, 0x27, 0x20, 
	0x3a, 0xa, 0x20, 0x20, 0x20, 0x20, 0x20, 0x20, 0x20, 0x20, 
	0x20, 0x20, 0x20, 0x20, 0x20, 0x20, 0x20, 0x20, 0x20, 0x20, 
	0x20, 0x20, 0x60, 0x28, 0x73, 0x61, 0x6d, 0x65, 0x20, 0x24, 
	0x7b, 0x4d, 0x61, 0x74, 0x68, 0x2e, 0x72, 0x6f, 0x75, 0x6e, 
	0x64, 0x28, 0x64, 0x69, 0x73, 0x70, 0x6c, 0x61, 0x79, 0x65, 
	0x64, 0x41, 0x74, 0x20, 0x2d, 0x20, 0x70, 0x72, 0x6f, 0x64, 
	0x75, 0x63, 0x65, 0x72, 0x53, 0x65, 0x71, 0x75, 0x65, 0x6e, 
	0x63, 0x65, 0x43, 0x68, 0x61, 0x6e, 0x67, 0x65, 0x64, 0x41, 
	0x74, 0x29, 0x7d, 0x6d, 0x73, 0x29, 0x60, 0x7d, 0x60, 0x3b, 
	0xa, 0x20, 0x20, 0x20, 0x20, 0x20, 0x20, 0x20, 0x20, 0x20, 
	0x20, 0x20, 0x20, 0x63, 0x61, 0x6d, 0x65, 0x72, 0x61, 0x2e, 
	0x64, 0x61, 0x74, 0x61, 0x73, 0x65, 0x74, 0x2e, 0x76, 0x69, 
	0x64, 0x65, 0x6f, 0x53, 0x74, 0x61, 0x74, 0x65, 0x20, 0x3d, 
	0x20, 0x27, 0x6c, 0x69, 0x76, 0x65, 0x27, 0x3b, 0xa, 0x20, 
	0x20, 0x20, 0x20, 0x20, 0x20, 0x20, 0x20, 0x20, 0x20, 0x20, 
	0x20, 0x73, 0x74, 0x61, 0x74, 0x75, 0x73, 0x2e, 0x74, 0x65, 
	0x78, 0x74, 0x43, 0x6f, 0x6e, 0x74, 0x65, 0x6e, 0x74, 0x20, 
	0x3d, 0x20, 0x60, 0x4c, 0x49, 0x56, 0x45, 0x20, 0xc2, 0xb7, 
	0x20, 0x24, 0x7b, 0x73, 0x74, 0x61, 0x67, 0x65, 0x64, 0x49, 
	0x6d, 0x61, 0x67, 0x65, 0x2e, 0x6e, 0x61, 0x74, 0x75, 0x72, 
	0x61, 0x6c, 0x57, 0x69, 0x64, 0x74, 0x68, 0x7d, 0xc3, 0x97, 
	0x24, 0x7b, 0x73, 0x74, 0x61, 0x67, 0x65, 0x64, 0x49, 0x6d, 
	0x61, 0x67, 0x65, 0x2e, 0x6e, 0x61, 0x74, 0x75, 0x72, 0x61, 
	0x6c, 0x48, 0x65, 0x69, 0x67, 0x68, 0x74, 0x7d, 0x20, 0xc2, 
	0xb7, 0x20, 0x47, 0x45, 0x54, 0x20, 0x24, 0x7b, 0x65, 0x6c, 
	0x61, 0x70, 0x73, 0x65, 0x64, 0x4d, 0x73, 0x7d, 0x6d, 0x73, 
	0x20, 0x28, 0x68, 0x65, 0x61, 0x64, 0x65, 0x72, 0x20, 0x24, 
	0x7b, 0x68, 0x65, 0x61, 0x64, 0x65, 0x72, 0x4d, 0x73, 0x7d, 
	0x2f, 0x62, 0x6f, 0x64, 0x79, 0x20, 0x24, 0x7b, 0x62, 0x6f, 
	0x64, 0x79, 0x4d, 0x73, 0x7d, 0x29, 0x20, 0xc2, 0xb7, 0x20, 
	0x70, 0x6f, 0x6c, 0x6c, 0x20, 0x24, 0x7b, 0x70, 0x6f, 0x6c, 
	0x6c, 0x46, 0x70, 0x73, 0x7d, 0x66, 0x70, 0x73, 0x20, 0xc2, 
	0xb7, 0x20, 0x70, 0x72, 0x6f, 0x64, 0x75, 0x63, 0x65, 0x72, 
	0x20, 0x24, 0x7b, 0x70, 0x72, 0x6f, 0x64, 0x75, 0x63, 0x65, 
	0x72, 0x46, 0x70, 0x73, 0x7d, 0x66, 0x70, 0x73, 0x24, 0x7b, 
	0x73, 0x65, 0x71, 0x75, 0x65, 0x6e, 0x63, 0x65, 0x4c, 0x61, 
	0x62, 0x65, 0x6c, 0x7d, 0x60, 0x3b, 0xa, 0x20, 0x20, 0x20, 
	0x20, 0x20, 0x20, 0x20, 0x20, 0x7d, 0x20, 0x63, 0x61, 0x74, 
	0x63, 0x68, 0x20, 0x28, 0x65, 0x72, 0x72, 0x6f, 0x72, 0x29, 
	0x20, 0x7b, 0xa, 0x20, 0x20, 0x20, 0x20, 0x20, 0x20, 0x20, 
	0x20, 0x20, 0x20, 0x20, 0x20, 0x69, 0x66, 0x20, 0x28, 0x72, 
	0x65, 0x71, 0x75, 0x65, 0x73, 0x74, 0x49, 0x64, 0x20, 0x21, 
	0x3d, 0x3d, 0x20, 0x73, 0x65, 0x71, 0x75, 0x65, 0x6e, 0x63, 
	0x65, 0x20, 0x7c, 0x7c, 0x20, 0x61, 0x63, 0x74, 0x69, 0x76, 
	0x65, 0x52, 0x65, 0x71, 0x75, 0x65, 0x73, 0x74, 0x20, 0x21, 
	0x3d, 0x3d, 0x20, 0x72, 0x65, 0x71, 0x75, 0x65, 0x73, 0x74, 
	0x29, 0x20, 0x72, 0x65, 0x74, 0x75, 0x72, 0x6e, 0x3b, 0xa, 
	0x20, 0x20, 0x20, 0x20, 0x20, 0x20, 0x20, 0x20, 0x20, 0x20, 
	0x20, 0x20, 0x69, 0x66, 0x20, 0x28, 0x65, 0x72, 0x72, 0x6f, 
	0x72, 0x3f, 0x2e, 0x6e, 0x61, 0x6d, 0x65, 0x20, 0x3d, 0x3d, 
	0x3d, 0x20, 0x27, 0x41, 0x62, 0x6f, 0x72, 0x74, 0x45, 0x72, 
	0x72, 0x6f, 0x72, 0x27, 0x29, 0x20, 0x7b, 0xa, 0x20, 0x20, 
	0x20, 0x20, 0x20, 0x20, 0x20, 0x20, 0x20, 0x20, 0x20, 0x20, 
	0x20, 0x20, 0x20, 0x20, 0x73, 0x65, 0x74, 0x55, 0x6e, 0x61, 
	0x76, 0x61, 0x69, 0x6c, 0x61, 0x62, 0x6c, 0x65, 0x28, 0x27, 
	0xe6, 0x98, 0xa0, 0xe5, 0x83, 0x8f, 0xe5, 0xbf, 0x9c, 0xe7, 
	0xad, 0x94, 0xe3, 0x82, 0xbf, 0xe3, 0x82, 0xa4, 0xe3, 0x83, 
	0xa0, 0xe3, 0x82, 0xa2, 0xe3, 0x82, 0xa6, 0xe3, 0x83, 0x88, 
	0x27, 0x29, 0x3b, 0xa, 0x20, 0x20, 0x20, 0x20, 0x20, 0x20, 
	0x20, 0x20, 0x20, 0x20, 0x20, 0x20, 0x7d, 0x20, 0x65, 0x6c, 
	0x73, 0x65, 0x20, 0x7b, 0xa, 0x20, 0x20, 0x20, 0x20, 0x20, 
	0x20, 0x20, 0x20, 0x20, 0x20, 0x20, 0x20, 0x20, 0x20, 0x20, 
	0x20, 0x73, 0x65, 0x74, 0x55, 0x6e, 0x61, 0x76, 0x61, 0x69, 
	0x6c, 0x61, 0x62, 0x6c, 0x65, 0x28, 0x27, 0xe6, 0x98, 0xa0, 
	0xe5, 0x83, 0x8f, 0xe5, 0x8f, 0x96, 0xe5, 0xbe, 0x97, 0xe3, 
	0x82, 0xa8, 0xe3, 0x83, 0xa9, 0xe3, 0x83, 0xbc, 0x27, 0x29, 
	0x3b, 0xa, 0x20, 0x20, 0x20, 0x20, 0x20, 0x20, 0x20, 0x20, 
	0x20, 0x20, 0x20, 0x20, 0x7d, 0xa, 0x20, 0x20, 0x20, 0x20, 
	0x20, 0x20, 0x20, 0x20, 0x7d, 0x20, 0x66, 0x69, 0x6e, 0x61, 
	0x6c, 0x6c, 0x79, 0x20, 0x7b, 0xa, 0x20, 0x20, 0x20, 0x20, 
	0x20, 0x20, 0x20, 0x20, 0x20, 0x20, 0x20, 0x20, 0x77, 0x69, 
	0x6e, 0x64, 0x6f, 0x77, 0x2e, 0x63, 0x6c, 0x65, 0x61, 0x72, 
	0x54, 0x69, 0x6d, 0x65, 0x6f, 0x75, 0x74, 0x28, 0x74, 0x69, 
	0x6d, 0x65, 0x6f, 0x75, 0x74, 0x49, 0x64, 0x29, 0x3b, 0xa, 
	0x20, 0x20, 0x20, 0x20, 0x20, 0x20, 0x20, 0x20, 0x20, 0x20, 
	0x20, 0x20, 0x69, 0x66, 0x20, 0x28, 0x61, 0x63, 0x74, 0x69, 
	0x76, 0x65, 0x52, 0x65, 0x71, 0x75, 0x65, 0x73, 0x74, 0x20, 
	0x3d, 0x3d, 0x3d, 0x20, 0x72, 0x65, 0x71, 0x75, 0x65, 0x73, 
	0x74, 0x29, 0x20, 0x7b, 0xa, 0x20, 0x20, 0x20, 0x20, 0x20, 
	0x20, 0x20, 0x20, 0x20, 0x20, 0x20, 0x20, 0x20, 0x20, 0x20, 
	0x20, 0x61, 0x63, 0x74, 0x69, 0x76, 0x65, 0x52, 0x65, 0x71, 
	0x75, 0x65, 0x73, 0x74, 0x20, 0x3d, 0x20, 0x6e, 0x75, 0x6c, 
	0x6c, 0x3b, 0xa, 0x20, 0x20, 0x20, 0x20, 0x20, 0x20, 0x20, 
	0x20, 0x20, 0x20, 0x20, 0x20, 0x20, 0x20, 0x20, 0x20, 0x69, 
	0x66, 0x20, 0x28, 0x21, 0x70, 0x61, 0x67, 0x65, 0x49, 0x73, 
	0x43, 0x6c, 0x6f, 0x73, 0x69, 0x6e, 0x67, 0x29, 0x20, 0x7b, 
	0xa, 0x20, 0x20, 0x20, 0x20, 0x20, 0x20, 0x20, 0x20, 0x20, 
	0x20, 0x20, 0x20, 0x20, 0x20, 0x20, 0x20, 0x20, 0x20, 0x20, 
	0x20, 0x63, 0x6f, 0x6e, 0x73, 0x74, 0x20, 0x65, 0x6c, 0x61, 
	0x70, 0x73, 0x65, 0x64, 0x4d, 0x73, 0x20, 0x3d, 0x20, 0x70, 
	0x65, 0x72, 0x66, 0x6f, 0x72, 0x6d, 0x61, 0x6e, 0x63, 0x65, 
	0x2e, 0x6e, 0x6f, 0x77, 0x28, 0x29, 0x20, 0x2d, 0x20, 0x73, 
	0x74, 0x61, 0x72, 0x74, 0x65, 0x64, 0x41, 0x74, 0x3b, 0xa, 
	0x20, 0x20, 0x20, 0x20, 0x20, 0x20, 0x20, 0x20, 0x20, 0x20, 
	0x20, 0x20, 0x20, 0x20, 0x20, 0x20, 0x20, 0x20, 0x20, 0x20, 
	0x73, 0x63, 0x68, 0x65, 0x64, 0x75, 0x6c, 0x65, 0x4e, 0x65, 
	0x78, 0x74, 0x46, 0x72, 0x61, 0x6d, 0x65, 0x28, 0x4d, 0x61, 
	0x74, 0x68, 0x2e, 0x6d, 0x61, 0x78, 0x28, 0x30, 0x2c, 0x20, 
	0x72, 0x65, 0x66, 0x72, 0x65, 0x73, 0x68, 0x4d, 0x73, 0x20, 
	0x2d, 0x20, 0x65, 0x6c, 0x61, 0x70, 0x73, 0x65, 0x64, 0x4d, 
	0x73, 0x29, 0x29, 0x3b, 0xa, 0x20, 0x20, 0x20, 0x20, 0x20, 
	0x20, 0x20, 0x20, 0x20, 0x20, 0x20, 0x20, 0x20, 0x20, 0x20, 
	0x20, 0x7d, 0xa, 0x20, 0x20, 0x20, 0x20, 0x20, 0x20, 0x20, 
	0x20, 0x20, 0x20, 0x20, 0x20, 0x7d, 0xa, 0x20, 0x20, 0x20, 
	0x20, 0x20, 0x20, 0x20, 0x20, 0x7d, 0xa, 0x20, 0x20, 0x20, 
	0x20, 0x7d, 0xa, 0xa, 0x20, 0x20, 0x20, 0x20, 0x77, 0x69, 
	0x6e, 0x64, 0x6f, 0x77, 0x2e, 0x73, 0x65, 0x74, 0x49, 0x6e, 
	0x74, 0x65, 0x72, 0x76, 0x61, 0x6c, 0x28, 0x28, 0x29, 0x20, 
	0x3d, 0x3e, 0x20, 0x7b, 0xa, 0x20, 0x20, 0x20, 0x20, 0x20, 
	0x20, 0x20, 0x20, 0x63, 0x6f, 0x6e, 0x73, 0x74, 0x20, 0x6e, 
	0x6f, 0x77, 0x20, 0x3d, 0x20, 0x70, 0x65, 0x72, 0x66, 0x6f, 
	0x72, 0x6d, 0x61, 0x6e, 0x63, 0x65, 0x2e, 0x6e, 0x6f, 0x77, 
	0x28, 0x29, 0x3b, 0xa, 0x20, 0x20, 0x20, 0x20, 0x20, 0x20, 
	0x20, 0x20, 0x69, 0x66, 0x20, 0x28, 0x6c, 0x61, 0x73, 0x74, 
	0x50, 0x72, 0x6f, 0x64, 0x75, 0x63, 0x65, 0x72, 0x53, 0x65, 
	0x71, 0x75, 0x65, 0x6e, 0x63, 0x65, 0x20, 0x21, 0x3d, 0x3d, 
	0x20, 0x6e, 0x75, 0x6c, 0x6c, 0x20, 0x26, 0x26, 0xa, 0x20, 
	0x20, 0x20, 0x20, 0x20, 0x20, 0x20, 0x20, 0x20, 0x20, 0x20, 
	0x20, 0x6e, 0x6f, 0x77, 0x20, 0x2d, 0x20, 0x70, 0x72, 0x6f, 
	0x64, 0x75, 0x63, 0x65, 0x72, 0x53, 0x65, 0x71, 0x75, 0x65, 
	0x6e, 0x63, 0x65, 0x43, 0x68, 0x61, 0x6e, 0x67, 0x65, 0x64, 
	0x41, 0x74, 0x20, 0x3e, 0x3d, 0x20, 0x73, 0x74, 0x61, 0x6c, 
	0x65, 0x41, 0x66, 0x74, 0x65, 0x72, 0x4d, 0x73, 0x29, 0x20, 
	0x7b, 0xa, 0x20, 0x20, 0x20, 0x20, 0x20, 0x20, 0x20, 0x20, 
	0x20, 0x20, 0x20, 0x20, 0x63, 0x61, 0x6d, 0x65, 0x72, 0x61, 
	0x2e, 0x64, 0x61, 0x74, 0x61, 0x73, 0x65, 0x74, 0x2e, 0x76, 
	0x69, 0x64, 0x65, 0x6f, 0x53, 0x74, 0x61, 0x74, 0x65, 0x20, 
	0x3d, 0x20, 0x27, 0x73, 0x74, 0x61, 0x6c, 0x65, 0x27, 0x3b, 
	0xa, 0x20, 0x20, 0x20, 0x20, 0x20, 0x20, 0x20, 0x20, 0x20, 
	0x20, 0x20, 0x20, 0x73, 0x74, 0x61, 0x74, 0x75, 0x73, 0x2e, 
	0x74, 0x65, 0x78, 0x74, 0x43, 0x6f, 0x6e, 0x74, 0x65, 0x6e, 
	0x74, 0x20, 0x3d, 0x20, 0x60, 0x70, 0x72, 0x6f, 0x64, 0x75, 
	0x63, 0x65, 0x72, 0x20, 0x66, 0x72, 0x61, 0x6d, 0x65, 0x20, 
	0x23, 0x24, 0x7b, 0x6c, 0x61, 0x73, 0x74, 0x50, 0x72, 0x6f, 
	0x64, 0x75, 0x63, 0x65, 0x72, 0x53, 0x65, 0x71, 0x75, 0x65, 
	0x6e, 0x63, 0x65, 0x7d, 0x20, 0xe3, 0x81, 0xae, 0xe6, 0x9b, 
	0xb4, 0xe6, 0x96, 0xb0, 0xe5, 0x81, 0x9c, 0xe6, 0xad, 0xa2, 
	0x20, 0x28, 0x24, 0x7b, 0x4d, 0x61, 0x74, 0x68, 0x2e, 0x72, 
	0x6f, 0x75, 0x6e, 0x64, 0x28, 0x28, 0x6e, 0x6f, 0x77, 0x20, 
	0x2d, 0x20, 0x70, 0x72, 0x6f, 0x64, 0x75, 0x63, 0x65, 0x72, 
	0x53, 0x65, 0x71, 0x75, 0x65, 0x6e, 0x63, 0x65, 0x43, 0x68, 
	0x61, 0x6e, 0x67, 0x65, 0x64, 0x41, 0x74, 0x29, 0x20, 0x2f, 
	0x20, 0x31, 0x30, 0x30, 0x30, 0x29, 0x7d, 0x73, 0x29, 0x60, 
	0x3b, 0xa, 0x20, 0x20, 0x20, 0x20, 0x20, 0x20, 0x20, 0x20, 
	0x7d, 0x20, 0x65, 0x6c, 0x73, 0x65, 0x20, 0x69, 0x66, 0x20, 
	0x28, 0x6c, 0x61, 0x73, 0x74, 0x46, 0x72, 0x61, 0x6d, 0x65, 
	0x41, 0x74, 0x20, 0x26, 0x26, 0x20, 0x6e, 0x6f, 0x77, 0x20, 
	0x2d, 0x20, 0x6c, 0x61, 0x73, 0x74, 0x46, 0x72, 0x61, 0x6d, 
	0x65, 0x41, 0x74, 0x20, 0x3e, 0x3d, 0x20, 0x73, 0x74, 0x61, 
	0x6c, 0x65, 0x41, 0x66, 0x74, 0x65, 0x72, 0x4d, 0x73, 0x29, 
	0x20, 0x7b, 0xa, 0x20, 0x20, 0x20, 0x20, 0x20, 0x20, 0x20, 
	0x20, 0x20, 0x20, 0x20, 0x20, 0x63, 0x61, 0x6d, 0x65, 0x72, 
	0x61, 0x2e, 0x64, 0x61, 0x74, 0x61, 0x73, 0x65, 0x74, 0x2e, 
	0x76, 0x69, 0x64, 0x65, 0x6f, 0x53, 0x74, 0x61, 0x74, 0x65, 
	0x20, 0x3d, 0x20, 0x27, 0x73, 0x74, 0x61, 0x6c, 0x65, 0x27, 
	0x3b, 0xa, 0x20, 0x20, 0x20, 0x20, 0x20, 0x20, 0x20, 0x20, 
	0x20, 0x20, 0x20, 0x20, 0x73, 0x74, 0x61, 0x74, 0x75, 0x73, 
	0x2e, 0x74, 0x65, 0x78, 0x74, 0x43, 0x6f, 0x6e, 0x74, 0x65, 
	0x6e, 0x74, 0x20, 0x3d, 0x20, 0x27, 0xe6, 0x98, 0xa0, 0xe5, 
	0x83, 0x8f, 0xe5, 0x8f, 0x96, 0xe5, 0xbe, 0x97, 0xe3, 0x81, 
	0x8c, 0xe6, 0xad, 0xa2, 0xe3, 0x81, 0xbe, 0xe3, 0x81, 0xa3, 
	0xe3, 0x81, 0xa6, 0xe3, 0x81, 0x84, 0xe3, 0x81, 0xbe, 0xe3, 
	0x81, 0x99, 0x27, 0x3b, 0xa, 0x20, 0x20, 0x20, 0x20, 0x20, 
	0x20, 0x20, 0x20, 0x7d, 0xa, 0x20, 0x20, 0x20, 0x20, 0x7d, 
	0x2c, 0x20, 0x32, 0x35, 0x30, 0x29, 0x3b, 0xa, 0xa, 0x20, 
	0x20, 0x20, 0x20, 0x77, 0x69, 0x6e, 0x64, 0x6f, 0x77, 0x2e, 
	0x61, 0x64, 0x64, 0x45, 0x76, 0x65, 0x6e, 0x74, 0x4c, 0x69, 
	0x73, 0x74, 0x65, 0x6e, 0x65, 0x72, 0x28, 0x27, 0x70, 0x61, 
	0x67, 0x65, 0x68, 0x69, 0x64, 0x65, 0x27, 0x2c, 0x20, 0x28, 
	0x29, 0x20, 0x3d, 0x3e, 0x20, 0x7b, 0xa, 0x20, 0x20, 0x20, 
	0x20, 0x20, 0x20, 0x20, 0x20, 0x70, 0x61, 0x67, 0x65, 0x49, 
	0x73, 0x43, 0x6c, 0x6f, 0x73, 0x69, 0x6e, 0x67, 0x20, 0x3d, 
	0x20, 0x74, 0x72, 0x75, 0x65, 0x3b, 0xa, 0x20, 0x20, 0x20, 
	0x20, 0x20, 0x20, 0x20, 0x20, 0x77, 0x69, 0x6e, 0x64, 0x6f, 
	0x77, 0x2e, 0x63, 0x6c, 0x65, 0x61, 0x72, 0x54, 0x69, 0x6d, 
	0x65, 0x6f, 0x75, 0x74, 0x28, 0x6e, 0x65, 0x78, 0x74, 0x52, 
	0x65, 0x71, 0x75, 0x65, 0x73, 0x74, 0x54, 0x69, 0x6d, 0x65, 
	0x72, 0x29, 0x3b, 0xa, 0x20, 0x20, 0x20, 0x20, 0x20, 0x20, 
	0x20, 0x20, 0x6e, 0x65, 0x78, 0x74, 0x52, 0x65, 0x71, 0x75, 
	0x65, 0x73, 0x74, 0x54, 0x69, 0x6d, 0x65, 0x72, 0x20, 0x3d, 
	0x20, 0x30, 0x3b, 0xa, 0x20, 0x20, 0x20, 0x20, 0x20, 0x20, 
	0x20, 0x20, 0x61, 0x63, 0x74, 0x69, 0x76, 0x65, 0x52, 0x65, 
	0x71, 0x75, 0x65, 0x73, 0x74, 0x3f, 0x2e, 0x63, 0x6f, 0x6e, 
	0x74, 0x72, 0x6f, 0x6c, 0x6c, 0x65, 0x72, 0x2e, 0x61, 0x62, 
	0x6f, 0x72, 0x74, 0x28, 0x29, 0x3b, 0xa, 0x20, 0x20, 0x20, 
	0x20, 0x20, 0x20, 0x20, 0x20, 0x69, 0x66, 0x20, 0x28, 0x64, 
	0x69, 0x73, 0x70, 0x6c, 0x61, 0x79, 0x65, 0x64, 0x4f, 0x62, 
	0x6a, 0x65, 0x63, 0x74, 0x55, 0x72, 0x6c, 0x29, 0x20, 0x7b, 
	0xa, 0x20, 0x20, 0x20, 0x20, 0x20, 0x20, 0x20, 0x20, 0x20, 
	0x20, 0x20, 0x20, 0x55, 0x52, 0x4c, 0x2e, 0x72, 0x65, 0x76, 
	0x6f, 0x6b, 0x65, 0x4f, 0x62, 0x6a, 0x65, 0x63, 0x74, 0x55, 
	0x52, 0x4c, 0x28, 0x64, 0x69, 0x73, 0x70, 0x6c, 0x61, 0x79, 
	0x65, 0x64, 0x4f, 0x62, 0x6a, 0x65, 0x63, 0x74, 0x55, 0x72, 
	0x6c, 0x29, 0x3b, 0xa, 0x20, 0x20, 0x20, 0x20, 0x20, 0x20, 
	0x20, 0x20, 0x20, 0x20, 0x20, 0x20, 0x64, 0x69, 0x73, 0x70, 
	0x6c, 0x61, 0x79, 0x65, 0x64, 0x4f, 0x62, 0x6a, 0x65, 0x63, 
	0x74, 0x55, 0x72, 0x6c, 0x20, 0x3d, 0x20, 0x6e, 0x75, 0x6c, 
	0x6c, 0x3b, 0xa, 0x20, 0x20, 0x20, 0x20, 0x20, 0x20, 0x20, 
	0x20, 0x7d, 0xa, 0x20, 0x20, 0x20, 0x20, 0x7d, 0x29, 0x3b, 
	0xa, 0x20, 0x20, 0x20, 0x20, 0x77, 0x69, 0x6e, 0x64, 0x6f, 
	0x77, 0x2e, 0x61, 0x64, 0x64, 0x45, 0x76, 0x65, 0x6e, 0x74, 
	0x4c, 0x69, 0x73, 0x74, 0x65, 0x6e, 0x65, 0x72, 0x28, 0x27, 
	0x70, 0x61, 0x67, 0x65, 0x73, 0x68, 0x6f, 0x77, 0x27, 0x2c, 
	0x20, 0x28, 0x29, 0x20, 0x3d, 0x3e, 0x20, 0x7b, 0xa, 0x20, 
	0x20, 0x20, 0x20, 0x20, 0x20, 0x20, 0x20, 0x70, 0x61, 0x67, 
	0x65, 0x49, 0x73, 0x43, 0x6c, 0x6f, 0x73, 0x69, 0x6e, 0x67, 
	0x20, 0x3d, 0x20, 0x66, 0x61, 0x6c, 0x73, 0x65, 0x3b, 0xa, 
	0x20, 0x20, 0x20, 0x20, 0x20, 0x20, 0x20, 0x20, 0x69, 0x66, 
	0x20, 0x28, 0x21, 0x61, 0x63, 0x74, 0x69, 0x76, 0x65, 0x52, 
	0x65, 0x71, 0x75, 0x65, 0x73, 0x74, 0x20, 0x26, 0x26, 0x20, 
	0x21, 0x6e, 0x65, 0x78, 0x74, 0x52, 0x65, 0x71, 0x75, 0x65, 
	0x73, 0x74, 0x54, 0x69, 0x6d, 0x65, 0x72, 0x29, 0x20, 0x76, 
	0x6f, 0x69, 0x64, 0x20, 0x72, 0x65, 0x71, 0x75, 0x65, 0x73, 
	0x74, 0x46, 0x72, 0x61, 0x6d, 0x65, 0x28, 0x29, 0x3b, 0xa, 
	0x20, 0x20, 0x20, 0x20, 0x7d, 0x29, 0x3b, 0xa, 0xa, 0x20, 
	0x20, 0x20, 0x20, 0x76, 0x6f, 0x69, 0x64, 0x20, 0x72, 0x65, 
	0x71, 0x75, 0x65, 0x73, 0x74, 0x46, 0x72, 0x61, 0x6d, 0x65, 
	0x28, 0x29, 0x3b, 0xa, 0x7d, 0xa, };

static const unsigned char data_style_css[] = {
	/* /style.css */
	0x2f, 0x73, 0x74, 0x79, 0x6c, 0x65, 0x2e, 0x63, 0x73, 0x73, 0,
	0x48, 0x54, 0x54, 0x50, 0x2f, 0x31, 0x2e, 0x30, 0x20, 0x32, 
	0x30, 0x30, 0x20, 0x4f, 0x4b, 0xd, 0xa, 0x53, 0x65, 0x72, 
	0x76, 0x65, 0x72, 0x3a, 0x20, 0x6c, 0x77, 0x49, 0x50, 0x2f, 
	0x70, 0x72, 0x65, 0x2d, 0x30, 0x2e, 0x36, 0x20, 0x28, 0x68, 
	0x74, 0x74, 0x70, 0x3a, 0x2f, 0x2f, 0x77, 0x77, 0x77, 0x2e, 
	0x73, 0x69, 0x63, 0x73, 0x2e, 0x73, 0x65, 0x2f, 0x7e, 0x61, 
	0x64, 0x61, 0x6d, 0x2f, 0x6c, 0x77, 0x69, 0x70, 0x2f, 0x29, 
	0xd, 0xa, 0x43, 0x6f, 0x6e, 0x74, 0x65, 0x6e, 0x74, 0x2d, 
	0x74, 0x79, 0x70, 0x65, 0x3a, 0x20, 0x74, 0x65, 0x78, 0x74, 
	0x2f, 0x63, 0x73, 0x73, 0xd, 0xa, 0xd, 0xa, 0x2a, 0x20, 
	0x7b, 0xa, 0x20, 0x20, 0x62, 0x6f, 0x78, 0x2d, 0x73, 0x69, 
	0x7a, 0x69, 0x6e, 0x67, 0x3a, 0x20, 0x62, 0x6f, 0x72, 0x64, 
	0x65, 0x72, 0x2d, 0x62, 0x6f, 0x78, 0x3b, 0x20, 0x6d, 0x61, 
	0x72, 0x67, 0x69, 0x6e, 0x3a, 0x20, 0x30, 0x3b, 0x20, 0x70, 
	0x61, 0x64, 0x64, 0x69, 0x6e, 0x67, 0x3a, 0x20, 0x30, 0x3b, 
	0x20, 0x2d, 0x77, 0x65, 0x62, 0x6b, 0x69, 0x74, 0x2d, 0x74, 
	0x61, 0x70, 0x2d, 0x68, 0x69, 0x67, 0x68, 0x6c, 0x69, 0x67, 
	0x68, 0x74, 0x2d, 0x63, 0x6f, 0x6c, 0x6f, 0x72, 0x3a, 0x20, 
	0x74, 0x72, 0x61, 0x6e, 0x73, 0x70, 0x61, 0x72, 0x65, 0x6e, 
	0x74, 0x3b, 0xa, 0x20, 0x20, 0x2f, 0x2a, 0x20, 0xe9, 0x95, 
	0xb7, 0xe6, 0x8a, 0xbc, 0xe3, 0x81, 0x97, 0xe3, 0x81, 0xa7, 
	0xe3, 0x83, 0x9c, 0xe3, 0x82, 0xbf, 0xe3, 0x83, 0xb3, 0xe6, 
	0x96, 0x87, 0xe5, 0xad, 0x97, 0xe3, 0x81, 0x8c, 0xe7, 0xaf, 
	0x84, 0xe5, 0x9b, 0xb2, 0xe9, 0x81, 0xb8, 0xe6, 0x8a, 0x9e, 
	0xe3, 0x81, 0x95, 0xe3, 0x82, 0x8c, 0xe3, 0x82, 0x8b, 0xef, 
	0xbc, 0x8f, 0x69, 0x4f, 0x53, 0xe3, 0x81, 0xae, 0xe3, 0x82, 
	0xb3, 0xe3, 0x83, 0xbc, 0xe3, 0x83, 0xab, 0xe3, 0x82, 0xa2, 
	0xe3, 0x82, 0xa6, 0xe3, 0x83, 0x88, 0xe3, 0x81, 0x8c, 0xe5, 
	0x87, 0xba, 0xe3, 0x82, 0x8b, 0xe3, 0x81, 0xae, 0xe3, 0x82, 
	0x92, 0xe9, 0x98, 0xb2, 0xe3, 0x81, 0x90, 0x20, 0x2a, 0x2f, 
	0xa, 0x20, 0x20, 0x2d, 0x77, 0x65, 0x62, 0x6b, 0x69, 0x74, 
	0x2d, 0x75, 0x73, 0x65, 0x72, 0x2d, 0x73, 0x65, 0x6c, 0x65, 
	0x63, 0x74, 0x3a, 0x20, 0x6e, 0x6f, 0x6e, 0x65, 0x3b, 0x20, 
	0x75, 0x73, 0x65, 0x72, 0x2d, 0x73, 0x65, 0x6c, 0x65, 0x63, 
	0x74, 0x3a, 0x20, 0x6e, 0x6f, 0x6e, 0x65, 0x3b, 0x20, 0x2d, 
	0x77, 0x65, 0x62, 0x6b, 0x69, 0x74, 0x2d, 0x74, 0x6f, 0x75, 
	0x63, 0x68, 0x2d, 0x63, 0x61, 0x6c, 0x6c, 0x6f, 0x75, 0x74, 
	0x3a, 0x20, 0x6e, 0x6f, 0x6e, 0x65, 0x3b, 0xa, 0x7d, 0xa, 
	0x69, 0x6e, 0x70, 0x75, 0x74, 0x2c, 0x20, 0x74, 0x65, 0x78, 
	0x74, 0x61, 0x72, 0x65, 0x61, 0x2c, 0x20, 0x73, 0x65, 0x6c, 
	0x65, 0x63, 0x74, 0x20, 0x7b, 0x20, 0x2d, 0x77, 0x65, 0x62, 
	0x6b, 0x69, 0x74, 0x2d, 0x75, 0x73, 0x65, 0x72, 0x2d, 0x73, 
	0x65, 0x6c, 0x65, 0x63, 0x74, 0x3a, 0x20, 0x74, 0x65, 0x78, 
	0x74, 0x3b, 0x20, 0x75, 0x73, 0x65, 0x72, 0x2d, 0x73, 0x65, 
	0x6c, 0x65, 0x63, 0x74, 0x3a, 0x20, 0x74, 0x65, 0x78, 0x74, 
	0x3b, 0x20, 0x2d, 0x77, 0x65, 0x62, 0x6b, 0x69, 0x74, 0x2d, 
	0x74, 0x6f, 0x75, 0x63, 0x68, 0x2d, 0x63, 0x61, 0x6c, 0x6c, 
	0x6f, 0x75, 0x74, 0x3a, 0x20, 0x64, 0x65, 0x66, 0x61, 0x75, 
	0x6c, 0x74, 0x3b, 0x20, 0x7d, 0xa, 0x62, 0x75, 0x74, 0x74, 
	0x6f, 0x6e, 0x2c, 0x20, 0x73, 0x76, 0x67, 0x20, 0x7b, 0x20, 
	0x2d, 0x77, 0x65, 0x62, 0x6b, 0x69, 0x74, 0x2d, 0x75, 0x73, 
	0x65, 0x72, 0x2d, 0x64, 0x72, 0x61, 0x67, 0x3a, 0x20, 0x6e, 
	0x6f, 0x6e, 0x65, 0x3b, 0x20, 0x7d, 0xa, 0xa, 0x68, 0x74, 
	0x6d, 0x6c, 0x2c, 0x20, 0x62, 0x6f, 0x64, 0x79, 0x20, 0x7b, 
	0xa, 0x20, 0x20, 0x77, 0x69, 0x64, 0x74, 0x68, 0x3a, 0x20, 
	0x20, 0x20, 0x20, 0x20, 0x20, 0x20, 0x20, 0x31, 0x30, 0x30, 
	0x25, 0x3b, 0x20, 0x68, 0x65, 0x69, 0x67, 0x68, 0x74, 0x3a, 
	0x20, 0x31, 0x30, 0x30, 0x25, 0x3b, 0x20, 0x6d, 0x69, 0x6e, 
	0x2d, 0x68, 0x65, 0x69, 0x67, 0x68, 0x74, 0x3a, 0x20, 0x31, 
	0x30, 0x30, 0x64, 0x76, 0x68, 0x3b, 0x20, 0x70, 0x6f, 0x73, 
	0x69, 0x74, 0x69, 0x6f, 0x6e, 0x3a, 0x20, 0x72, 0x65, 0x6c, 
	0x61, 0x74, 0x69, 0x76, 0x65, 0x3b, 0x20, 0x6f, 0x76, 0x65, 
	0x72, 0x66, 0x6c, 0x6f, 0x77, 0x3a, 0x20, 0x68, 0x69, 0x64, 
	0x64, 0x65, 0x6e, 0x3b, 0xa, 0x20, 0x20, 0x66, 0x6f, 0x6e, 
	0x74, 0x2d, 0x66, 0x61, 0x6d, 0x69, 0x6c, 0x79, 0x3a, 0x20, 
	0x20, 0x2d, 0x61, 0x70, 0x70, 0x6c, 0x65, 0x2d, 0x73, 0x79, 
	0x73, 0x74, 0x65, 0x6d, 0x2c, 0x20, 0x42, 0x6c, 0x69, 0x6e, 
	0x6b, 0x4d, 0x61, 0x63, 0x53, 0x79, 0x73, 0x74, 0x65, 0x6d, 
	0x46, 0x6f, 0x6e, 0x74, 0x2c, 0x20, 0x22, 0x53, 0x65, 0x67, 
	0x6f, 0x65, 0x20, 0x55, 0x49, 0x22, 0x2c, 0x20, 0x52, 0x6f, 
	0x62, 0x6f, 0x74, 0x6f, 0x2c, 0x20, 0x73, 0x61, 0x6e, 0x73, 
	0x2d, 0x73, 0x65, 0x72, 0x69, 0x66, 0x3b, 0xa, 0x20, 0x20, 
	0x62, 0x61, 0x63, 0x6b, 0x67, 0x72, 0x6f, 0x75, 0x6e, 0x64, 
	0x3a, 0x20, 0x23, 0x30, 0x30, 0x30, 0x3b, 0x20, 0x63, 0x6f, 
	0x6c, 0x6f, 0x72, 0x3a, 0x20, 0x23, 0x30, 0x30, 0x30, 0x3b, 
	0x20, 0x75, 0x73, 0x65, 0x72, 0x2d, 0x73, 0x65, 0x6c, 0x65, 
	0x63, 0x74, 0x3a, 0x20, 0x6e, 0x6f, 0x6e, 0x65, 0x3b, 0x20, 
	0x74, 0x6f, 0x75, 0x63, 0x68, 0x2d, 0x61, 0x63, 0x74, 0x69, 
	0x6f, 0x6e, 0x3a, 0x20, 0x6e, 0x6f, 0x6e, 0x65, 0x3b, 0xa, 
	0x7d, 0xa, 0xa, 0x2f, 0x2a, 0x20, 0x31, 0x2e, 0x20, 0xe8, 
	0xbb, 0x8a, 0xe8, 0xbc, 0x89, 0xe3, 0x82, 0xab, 0xe3, 0x83, 
	0xa1, 0xe3, 0x83, 0xa9, 0xe6, 0x98, 0xa0, 0xe5, 0x83, 0x8f, 
	0x20, 0x2a, 0x2f, 0xa, 0x23, 0x63, 0x61, 0x6d, 0x65, 0x72, 
	0x61, 0x20, 0x7b, 0xa, 0x20, 0x20, 0x70, 0x6f, 0x73, 0x69, 
	0x74, 0x69, 0x6f, 0x6e, 0x3a, 0x20, 0x61, 0x62, 0x73, 0x6f, 
	0x6c, 0x75, 0x74, 0x65, 0x3b, 0xa, 0x20, 0x20, 0x69, 0x6e, 
	0x73, 0x65, 0x74, 0x3a, 0x20, 0x30, 0x3b, 0xa, 0x20, 0x20, 
	0x77, 0x69, 0x64, 0x74, 0x68, 0x3a, 0x20, 0x31, 0x30, 0x30, 
	0x25, 0x3b, 0xa, 0x20, 0x20, 0x68, 0x65, 0x69, 0x67, 0x68, 
	0x74, 0x3a, 0x20, 0x31, 0x30, 0x30, 0x25, 0x3b, 0xa, 0x20, 
	0x20, 0x6f, 0x76, 0x65, 0x72, 0x66, 0x6c, 0x6f, 0x77, 0x3a, 
	0x20, 0x68, 0x69, 0x64, 0x64, 0x65, 0x6e, 0x3b, 0xa, 0x20, 
	0x20, 0x62, 0x61, 0x63, 0x6b, 0x67, 0x72, 0x6f, 0x75, 0x6e, 
	0x64, 0x3a, 0x20, 0x23, 0x31, 0x37, 0x31, 0x39, 0x31, 0x63, 
	0x3b, 0xa, 0x20, 0x20, 0x7a, 0x2d, 0x69, 0x6e, 0x64, 0x65, 
	0x78, 0x3a, 0x20, 0x31, 0x3b, 0xa, 0x20, 0x20, 0x70, 0x6f, 
	0x69, 0x6e, 0x74, 0x65, 0x72, 0x2d, 0x65, 0x76, 0x65, 0x6e, 
	0x74, 0x73, 0x3a, 0x20, 0x6e, 0x6f, 0x6e, 0x65, 0x3b, 0xa, 
	0x20, 0x20, 0x75, 0x73, 0x65, 0x72, 0x2d, 0x73, 0x65, 0x6c, 
	0x65, 0x63, 0x74, 0x3a, 0x20, 0x6e, 0x6f, 0x6e, 0x65, 0x3b, 
	0xa, 0x20, 0x20, 0x2d, 0x77, 0x65, 0x62, 0x6b, 0x69, 0x74, 
	0x2d, 0x75, 0x73, 0x65, 0x72, 0x2d, 0x73, 0x65, 0x6c, 0x65, 
	0x63, 0x74, 0x3a, 0x20, 0x6e, 0x6f, 0x6e, 0x65, 0x3b, 0xa, 
	0x20, 0x20, 0x2d, 0x77, 0x65, 0x62, 0x6b, 0x69, 0x74, 0x2d, 
	0x75, 0x73, 0x65, 0x72, 0x2d, 0x64, 0x72, 0x61, 0x67, 0x3a, 
	0x20, 0x6e, 0x6f, 0x6e, 0x65, 0x3b, 0xa, 0x7d, 0xa, 0xa, 
	0x23, 0x63, 0x61, 0x6d, 0x65, 0x72, 0x61, 0x2d, 0x69, 0x6d, 
	0x61, 0x67, 0x65, 0x20, 0x7b, 0xa, 0x20, 0x20, 0x77, 0x69, 
	0x64, 0x74, 0x68, 0x3a, 0x20, 0x31, 0x30, 0x30, 0x25, 0x3b, 
	0x20, 0x68, 0x65, 0x69, 0x67, 0x68, 0x74, 0x3a, 0x20, 0x31, 
	0x30, 0x30, 0x25, 0x3b, 0x20, 0x6f, 0x62, 0x6a, 0x65, 0x63, 
	0x74, 0x2d, 0x66, 0x69, 0x74, 0x3a, 0x20, 0x63, 0x6f, 0x6e, 
	0x74, 0x61, 0x69, 0x6e, 0x3b, 0xa, 0x20, 0x20, 0x6f, 0x70, 
	0x61, 0x63, 0x69, 0x74, 0x79, 0x3a, 0x20, 0x30, 0x3b, 0x20, 
	0x74, 0x72, 0x61, 0x6e, 0x73, 0x69, 0x74, 0x69, 0x6f, 0x6e, 
	0x3a, 0x20, 0x6f, 0x70, 0x61, 0x63, 0x69, 0x74, 0x79, 0x20, 
	0x30, 0x2e, 0x31, 0x38, 0x73, 0x3b, 0xa, 0x20, 0x20, 0x2d, 
	0x77, 0x65, 0x62, 0x6b, 0x69, 0x74, 0x2d, 0x75, 0x73, 0x65, 
	0x72, 0x2d, 0x64, 0x72, 0x61, 0x67, 0x3a, 0x20, 0x6e, 0x6f, 
	0x6e, 0x65, 0x3b, 0xa, 0x7d, 0xa, 0x23, 0x63, 0x61, 0x6d, 
	0x65, 0x72, 0x61, 0x5b, 0x64, 0x61, 0x74, 0x61, 0x2d, 0x76, 
	0x69, 0x64, 0x65, 0x6f, 0x2d, 0x73, 0x74, 0x61, 0x74, 0x65, 
	0x3d, 0x22, 0x6c, 0x69, 0x76, 0x65, 0x22, 0x5d, 0x20, 0x23, 
	0x63, 0x61, 0x6d, 0x65, 0x72, 0x61, 0x2d, 0x69, 0x6d, 0x61, 
	0x67, 0x65, 0x2c, 0xa, 0x23, 0x63, 0x61, 0x6d, 0x65, 0x72, 
	0x61, 0x5b, 0x64, 0x61, 0x74, 0x61, 0x2d, 0x76, 0x69, 0x64, 
	0x65, 0x6f, 0x2d, 0x73, 0x74, 0x61, 0x74, 0x65, 0x3d, 0x22, 
	0x73, 0x74, 0x61, 0x6c, 0x65, 0x22, 0x5d, 0x20, 0x23, 0x63, 
	0x61, 0x6d, 0x65, 0x72, 0x61, 0x2d, 0x69, 0x6d, 0x61, 0x67, 
	0x65, 0x20, 0x7b, 0x20, 0x6f, 0x70, 0x61, 0x63, 0x69, 0x74, 
	0x79, 0x3a, 0x20, 0x31, 0x3b, 0x20, 0x7d, 0xa, 0x23, 0x63, 
	0x61, 0x6d, 0x65, 0x72, 0x61, 0x5b, 0x64, 0x61, 0x74, 0x61, 
	0x2d, 0x76, 0x69, 0x64, 0x65, 0x6f, 0x2d, 0x73, 0x74, 0x61, 
	0x74, 0x65, 0x3d, 0x22, 0x73, 0x74, 0x61, 0x6c, 0x65, 0x22, 
	0x5d, 0x20, 0x23, 0x63, 0x61, 0x6d, 0x65, 0x72, 0x61, 0x2d, 
	0x69, 0x6d, 0x61, 0x67, 0x65, 0x20, 0x7b, 0x20, 0x66, 0x69, 
	0x6c, 0x74, 0x65, 0x72, 0x3a, 0x20, 0x67, 0x72, 0x61, 0x79, 
	0x73, 0x63, 0x61, 0x6c, 0x65, 0x28, 0x30, 0x2e, 0x34, 0x35, 
	0x29, 0x20, 0x62, 0x72, 0x69, 0x67, 0x68, 0x74, 0x6e, 0x65, 
	0x73, 0x73, 0x28, 0x30, 0x2e, 0x37, 0x29, 0x3b, 0x20, 0x7d, 
	0xa, 0xa, 0x2f, 0x2a, 0x20, 0x32, 0x2e, 0x20, 0xe3, 0x83, 
	0xa9, 0xe3, 0x82, 0xb8, 0xe3, 0x82, 0xb3, 0xe3, 0x83, 0xb3, 
	0xe5, 0xbc, 0x8f, 0xe6, 0x93, 0x8d, 0xe4, 0xbd, 0x9c, 0xe3, 
	0x83, 0x91, 0xe3, 0x83, 0x83, 0xe3, 0x83, 0x89, 0xef, 0xbc, 
	0x9a, 0xe5, 0xb7, 0xa6, 0xe6, 0x89, 0x8b, 0xef, 0xbc, 0x9d, 
	0xe5, 0x89, 0x8d, 0xe9, 0x80, 0xb2, 0xef, 0xbc, 0x88, 0xe5, 
	0xb7, 0xa6, 0xe4, 0xb8, 0x8b, 0xef, 0xbc, 0x89, 0xe3, 0x80, 
	0x81, 0xe5, 0x8f, 0xb3, 0xe6, 0x89, 0x8b, 0xef, 0xbc, 0x9d, 
	0xe5, 0xb7, 0xa6, 0xe5, 0x8f, 0xb3, 0xef, 0xbc, 0x88, 0xe5, 
	0x8f, 0xb3, 0xe4, 0xb8, 0x8b, 0xe3, 0x80, 0x81, 0xe6, 0x93, 
	0x8d, 0xe4, 0xbd, 0x9c, 0xe3, 0x83, 0x95, 0xe3, 0x83, 0x83, 
	0xe3, 0x82, 0xbf, 0xe3, 0x83, 0xbc, 0xe5, 0x86, 0x85, 0xe3, 
	0x81, 0xae, 0xe4, 0xb8, 0x8a, 0xe6, 0xae, 0xb5, 0xef, 0xbc, 
	0x89, 0xe3, 0x80, 0x82, 0xa, 0x20, 0x20, 0x20, 0x20, 0x20, 
	0x20, 0xe7, 0xb8, 0xa6, 0xe6, 0xa8, 0xaa, 0xe3, 0x81, 0xa9, 
	0xe3, 0x81, 0xa1, 0xe3, 0x82, 0x89, 0xe3, 0x81, 0xae, 0xe5, 
	0x90, 0x91, 0xe3, 0x81, 0x8d, 0xe3, 0x81, 0xa7, 0xe3, 0x82, 
	0x82, 0xe5, 0x90, 0x8c, 0xe3, 0x81, 0x98, 0xe9, 0x85, 0x8d, 
	0xe7, 0xbd, 0xae, 0xef, 0xbc, 0x88, 0xe7, 0x94, 0xbb, 0xe9, 
	0x9d, 0xa2, 0xe3, 0x81, 0xae, 0xe5, 0xbc, 0xb7, 0xe5, 0x88, 
	0xb6, 0xe5, 0x9b, 0x9e, 0xe8, 0xbb, 0xa2, 0xe3, 0x81, 0xaf, 
	0xe3, 0x81, 0x97, 0xe3, 0x81, 0xaa, 0xe3, 0x81, 0x84, 0xef, 
	0xbc, 0x89, 0xe3, 0x80, 0x82, 0x20, 0x2a, 0x2f, 0xa, 0x2e, 
	0x70, 0x61, 0x64, 0x20, 0x7b, 0xa, 0x20, 0x20, 0x70, 0x6f, 
	0x73, 0x69, 0x74, 0x69, 0x6f, 0x6e, 0x3a, 0x20, 0x61, 0x62, 
	0x73, 0x6f, 0x6c, 0x75, 0x74, 0x65, 0x3b, 0xa, 0x20, 0x20, 
	0x64, 0x69, 0x73, 0x70, 0x6c, 0x61, 0x79, 0x3a, 0x20, 0x66, 
	0x6c, 0x65, 0x78, 0x3b, 0xa, 0x20, 0x20, 0x67, 0x61, 0x70, 
	0x3a, 0x20, 0x31, 0x30, 0x70, 0x78, 0x3b, 0xa, 0x20, 0x20, 
	0x7a, 0x2d, 0x69, 0x6e, 0x64, 0x65, 0x78, 0x3a, 0x20, 0x32, 
	0x35, 0x3b, 0xa, 0x20, 0x20, 0x75, 0x73, 0x65, 0x72, 0x2d, 
	0x73, 0x65, 0x6c, 0x65, 0x63, 0x74, 0x3a, 0x20, 0x6e, 0x6f, 
	0x6e, 0x65, 0x3b, 0xa, 0x20, 0x20, 0x74, 0x6f, 0x75, 0x63, 
	0x68, 0x2d, 0x61, 0x63, 0x74, 0x69, 0x6f, 0x6e, 0x3a, 0x20, 
	0x6e, 0x6f, 0x6e, 0x65, 0x3b, 0xa, 0x7d, 0xa, 0xa, 0x2e, 
	0x70, 0x61, 0x64, 0x2d, 0x62, 0x74, 0x6e, 0x20, 0x7b, 0xa, 
	0x20, 0x20, 0x64, 0x69, 0x73, 0x70, 0x6c, 0x61, 0x79, 0x3a, 
	0x20, 0x69, 0x6e, 0x6c, 0x69, 0x6e, 0x65, 0x2d, 0x66, 0x6c, 
	0x65, 0x78, 0x3b, 0xa, 0x20, 0x20, 0x61, 0x6c, 0x69, 0x67, 
	0x6e, 0x2d, 0x69, 0x74, 0x65, 0x6d, 0x73, 0x3a, 0x20, 0x63, 
	0x65, 0x6e, 0x74, 0x65, 0x72, 0x3b, 0xa, 0x20, 0x20, 0x6a, 
	0x75, 0x73, 0x74, 0x69, 0x66, 0x79, 0x2d, 0x63, 0x6f, 0x6e, 
	0x74, 0x65, 0x6e, 0x74, 0x3a, 0x20, 0x63, 0x65, 0x6e, 0x74, 
	0x65, 0x72, 0x3b, 0xa, 0x20, 0x20, 0x62, 0x61, 0x63, 0x6b, 
	0x67, 0x72, 0x6f, 0x75, 0x6e, 0x64, 0x3a, 0x20, 0x72, 0x67, 
	0x62, 0x61, 0x28, 0x32, 0x35, 0x35, 0x2c, 0x20, 0x32, 0x35, 
	0x35, 0x2c, 0x20, 0x32, 0x35, 0x35, 0x2c, 0x20, 0x30, 0x2e, 
	0x39, 0x35, 0x29, 0x3b, 0xa, 0x20, 0x20, 0x62, 0x6f, 0x72, 
	0x64, 0x65, 0x72, 0x3a, 0x20, 0x32, 0x70, 0x78, 0x20, 0x73, 
	0x6f, 0x6c, 0x69, 0x64, 0x20, 0x23, 0x30, 0x30, 0x30, 0x3b, 
	0xa, 0x20, 0x20, 0x62, 0x6f, 0x72, 0x64, 0x65, 0x72, 0x2d, 
	0x72, 0x61, 0x64, 0x69, 0x75, 0x73, 0x3a, 0x20, 0x38, 0x70, 
	0x78, 0x3b, 0xa, 0x20, 0x20, 0x63, 0x6f, 0x6c, 0x6f, 0x72, 
	0x3a, 0x20, 0x23, 0x30, 0x30, 0x30, 0x3b, 0xa, 0x20, 0x20, 
	0x63, 0x75, 0x72, 0x73, 0x6f, 0x72, 0x3a, 0x20, 0x70, 0x6f, 
	0x69, 0x6e, 0x74, 0x65, 0x72, 0x3b, 0xa, 0x20, 0x20, 0x62, 
	0x6f, 0x78, 0x2d, 0x73, 0x68, 0x61, 0x64, 0x6f, 0x77, 0x3a, 
	0x20, 0x30, 0x20, 0x33, 0x70, 0x78, 0x20, 0x38, 0x70, 0x78, 
	0x20, 0x72, 0x67, 0x62, 0x61, 0x28, 0x30, 0x2c, 0x20, 0x30, 
	0x2c, 0x20, 0x30, 0x2c, 0x20, 0x30, 0x2e, 0x31, 0x35, 0x29, 
	0x3b, 0xa, 0x20, 0x20, 0x74, 0x72, 0x61, 0x6e, 0x73, 0x69, 
	0x74, 0x69, 0x6f, 0x6e, 0x3a, 0x20, 0x62, 0x61, 0x63, 0x6b, 
	0x67, 0x72, 0x6f, 0x75, 0x6e, 0x64, 0x20, 0x30, 0x2e, 0x30, 
	0x38, 0x73, 0x2c, 0x20, 0x63, 0x6f, 0x6c, 0x6f, 0x72, 0x20, 
	0x30, 0x2e, 0x30, 0x38, 0x73, 0x2c, 0x20, 0x74, 0x72, 0x61, 
	0x6e, 0x73, 0x66, 0x6f, 0x72, 0x6d, 0x20, 0x30, 0x2e, 0x30, 
	0x36, 0x73, 0x3b, 0xa, 0x20, 0x20, 0x74, 0x6f, 0x75, 0x63, 
	0x68, 0x2d, 0x61, 0x63, 0x74, 0x69, 0x6f, 0x6e, 0x3a, 0x20, 
	0x6e, 0x6f, 0x6e, 0x65, 0x3b, 0xa, 0x20, 0x20, 0x75, 0x73, 
	0x65, 0x72, 0x2d, 0x73, 0x65, 0x6c, 0x65, 0x63, 0x74, 0x3a, 
	0x20, 0x6e, 0x6f, 0x6e, 0x65, 0x3b, 0xa, 0xa, 0x20, 0x20, 
	0x73, 0x76, 0x67, 0x20, 0x7b, 0xa, 0x20, 0x20, 0x20, 0x20, 
	0x70, 0x6f, 0x69, 0x6e, 0x74, 0x65, 0x72, 0x2d, 0x65, 0x76, 
	0x65, 0x6e, 0x74, 0x73, 0x3a, 0x20, 0x6e, 0x6f, 0x6e, 0x65, 
	0x3b, 0xa, 0x20, 0x20, 0x20, 0x20, 0x74, 0x72, 0x61, 0x6e, 
	0x73, 0x69, 0x74, 0x69, 0x6f, 0x6e, 0x3a, 0x20, 0x74, 0x72, 
	0x61, 0x6e, 0x73, 0x66, 0x6f, 0x72, 0x6d, 0x20, 0x30, 0x2e, 
	0x30, 0x38, 0x73, 0x3b, 0xa, 0x20, 0x20, 0x7d, 0xa, 0xa, 
	0x20, 0x20, 0x26, 0x3a, 0x61, 0x63, 0x74, 0x69, 0x76, 0x65, 
	0x2c, 0x20, 0x26, 0x2e, 0x61, 0x63, 0x74, 0x69, 0x76, 0x65, 
	0x20, 0x7b, 0xa, 0x20, 0x20, 0x20, 0x20, 0x62, 0x61, 0x63, 
	0x6b, 0x67, 0x72, 0x6f, 0x75, 0x6e, 0x64, 0x3a, 0x20, 0x23, 
	0x30, 0x30, 0x30, 0x3b, 0xa, 0x20, 0x20, 0x20, 0x20, 0x63, 
	0x6f, 0x6c, 0x6f, 0x72, 0x3a, 0x20, 0x23, 0x66, 0x66, 0x66, 
	0x3b, 0xa, 0x20, 0x20, 0x20, 0x20, 0x74, 0x72, 0x61, 0x6e, 
	0x73, 0x66, 0x6f, 0x72, 0x6d, 0x3a, 0x20, 0x73, 0x63, 0x61, 
	0x6c, 0x65, 0x28, 0x30, 0x2e, 0x39, 0x32, 0x29, 0x3b, 0xa, 
	0x20, 0x20, 0x20, 0x20, 0x62, 0x6f, 0x78, 0x2d, 0x73, 0x68, 
	0x61, 0x64, 0x6f, 0x77, 0x3a, 0x20, 0x30, 0x20, 0x31, 0x70, 
	0x78, 0x20, 0x33, 0x70, 0x78, 0x20, 0x72, 0x67, 0x62, 0x61, 
	0x28, 0x30, 0x2c, 0x20, 0x30, 0x2c, 0x20, 0x30, 0x2c, 0x20, 
	0x30, 0x2e, 0x33, 0x29, 0x3b, 0xa, 0x20, 0x20, 0x7d, 0xa, 
	0x7d, 0xa, 0xa, 0x2e, 0x70, 0x61, 0x64, 0x2d, 0x74, 0x68, 
	0x72, 0x6f, 0x74, 0x74, 0x6c, 0x65, 0x20, 0x7b, 0xa, 0x20, 
	0x20, 0x6c, 0x65, 0x66, 0x74, 0x3a, 0x20, 0x6d, 0x61, 0x78, 
	0x28, 0x31, 0x32, 0x70, 0x78, 0x2c, 0x20, 0x65, 0x6e, 0x76, 
	0x28, 0x73, 0x61, 0x66, 0x65, 0x2d, 0x61, 0x72, 0x65, 0x61, 
	0x2d, 0x69, 0x6e, 0x73, 0x65, 0x74, 0x2d, 0x6c, 0x65, 0x66, 
	0x74, 0x2c, 0x20, 0x30, 0x70, 0x78, 0x29, 0x29, 0x3b, 0xa, 
	0x20, 0x20, 0x62, 0x6f, 0x74, 0x74, 0x6f, 0x6d, 0x3a, 0x20, 
	0x6d, 0x61, 0x78, 0x28, 0x31, 0x32, 0x70, 0x78, 0x2c, 0x20, 
	0x65, 0x6e, 0x76, 0x28, 0x73, 0x61, 0x66, 0x65, 0x2d, 0x61, 
	0x72, 0x65, 0x61, 0x2d, 0x69, 0x6e, 0x73, 0x65, 0x74, 0x2d, 
	0x62, 0x6f, 0x74, 0x74, 0x6f, 0x6d, 0x2c, 0x20, 0x30, 0x70, 
	0x78, 0x29, 0x29, 0x3b, 0xa, 0x7d, 0xa, 0x2f, 0x2a, 0x20, 
	0xe5, 0xb7, 0xa6, 0xe5, 0x8f, 0xb3, 0xe3, 0x83, 0x91, 0xe3, 
	0x83, 0x83, 0xe3, 0x83, 0x89, 0xe3, 0x81, 0xaf, 0xe6, 0x93, 
	0x8d, 0xe4, 0xbd, 0x9c, 0xe3, 0x83, 0x95, 0xe3, 0x83, 0x83, 
	0xe3, 0x82, 0xbf, 0xe3, 0x83, 0xbc, 0xef, 0xbc, 0x88, 0x2e, 
	0x62, 0x6f, 0x74, 0x74, 0x6f, 0x6d, 0x2d, 0x62, 0x61, 0x72, 
	0xef, 0xbc, 0x89, 0xe3, 0x81, 0xae, 0xe5, 0x85, 0x88, 0xe9, 
	0xa0, 0xad, 0xe3, 0x81, 0xab, 0xe7, 0xbd, 0xae, 0xe3, 0x81, 
	0x8d, 0xe3, 0x80, 0x81, 0xe3, 0x83, 0x9c, 0xe3, 0x82, 0xbf, 
	0xe3, 0x83, 0xb3, 0xe5, 0x88, 0x97, 0xe3, 0x81, 0xa8, 0xe9, 
	0x87, 0x8d, 0xe3, 0x81, 0xaa, 0xe3, 0x82, 0x89, 0xe3, 0x81, 
	0xaa, 0xe3, 0x81, 0x84, 0x20, 0x2a, 0x2f, 0xa, 0x2e, 0x62, 
	0x6f, 0x74, 0x74, 0x6f, 0x6d, 0x2d, 0x62, 0x61, 0x72, 0x20, 
	0x2e, 0x70, 0x61, 0x64, 0x2d, 0x73, 0x74, 0x65, 0x65, 0x72, 
	0x20, 0x7b, 0x20, 0x70, 0x6f, 0x73, 0x69, 0x74, 0x69, 0x6f, 
	0x6e, 0x3a, 0x20, 0x73, 0x74, 0x61, 0x74, 0x69, 0x63, 0x3b, 
	0x20, 0x7d, 0xa, 0x2e, 0x70, 0x61, 0x64, 0x2d, 0x66, 0x6f, 
	0x72, 0x77, 0x61, 0x72, 0x64, 0x20, 0x7b, 0x20, 0x77, 0x69, 
	0x64, 0x74, 0x68, 0x3a, 0x20, 0x39, 0x36, 0x70, 0x78, 0x3b, 
	0x20, 0x68, 0x65, 0x69, 0x67, 0x68, 0x74, 0x3a, 0x20, 0x31, 
	0x34, 0x30, 0x70, 0x78, 0x3b, 0x20, 0x62, 0x6f, 0x72, 0x64, 
	0x65, 0x72, 0x2d, 0x72, 0x61, 0x64, 0x69, 0x75, 0x73, 0x3a, 
	0x20, 0x31, 0x36, 0x70, 0x78, 0x3b, 0x20, 0x7d, 0xa, 0x2e, 
	0x70, 0x61, 0x64, 0x2d, 0x6c, 0x65, 0x66, 0x74, 0x2c, 0x20, 
	0x2e, 0x70, 0x61, 0x64, 0x2d, 0x72, 0x69, 0x67, 0x68, 0x74, 
	0x20, 0x7b, 0x20, 0x77, 0x69, 0x64, 0x74, 0x68, 0x3a, 0x20, 
	0x31, 0x30, 0x34, 0x70, 0x78, 0x3b, 0x20, 0x68, 0x65, 0x69, 
	0x67, 0x68, 0x74, 0x3a, 0x20, 0x39, 0x36, 0x70, 0x78, 0x3b, 
	0x20, 0x7d, 0xa, 0x2e, 0x70, 0x61, 0x64, 0x2d, 0x6c, 0x65, 
	0x66, 0x74, 0x20, 0x20, 0x7b, 0x20, 0x62, 0x6f, 0x72, 0x64, 
	0x65, 0x72, 0x2d, 0x72, 0x61, 0x64, 0x69, 0x75, 0x73, 0x3a, 
	0x20, 0x31, 0x36, 0x70, 0x78, 0x20, 0x36, 0x70, 0x78, 0x20, 
	0x36, 0x70, 0x78, 0x20, 0x31, 0x36, 0x70, 0x78, 0x3b, 0x20, 
	0x7d, 0xa, 0x2e, 0x70, 0x61, 0x64, 0x2d, 0x72, 0x69, 0x67, 
	0x68, 0x74, 0x20, 0x7b, 0x20, 0x62, 0x6f, 0x72, 0x64, 0x65, 
	0x72, 0x2d, 0x72, 0x61, 0x64, 0x69, 0x75, 0x73, 0x3a, 0x20, 
	0x36, 0x70, 0x78, 0x20, 0x31, 0x36, 0x70, 0x78, 0x20, 0x31, 
	0x36, 0x70, 0x78, 0x20, 0x36, 0x70, 0x78, 0x3b, 0x20, 0x7d, 
	0xa, 0xa, 0x2f, 0x2a, 0x20, 0x33, 0x2e, 0x20, 0xe5, 0x85, 
	0xb1, 0xe9, 0x80, 0x9a, 0x55, 0x49, 0xe3, 0x83, 0x91, 0xe3, 
	0x83, 0xbc, 0xe3, 0x83, 0x84, 0x20, 0x28, 0xe3, 0x83, 0x90, 
	0xe3, 0x83, 0x83, 0xe3, 0x82, 0xb8, 0x20, 0x26, 0x20, 0xe3, 
	0x83, 0x9c, 0xe3, 0x82, 0xbf, 0xe3, 0x83, 0xb3, 0x29, 0x20, 
	0x2a, 0x2f, 0xa, 0x2e, 0x62, 0x61, 0x64, 0x67, 0x65, 0x2c, 
	0x20, 0x2e, 0x62, 0x74, 0x6e, 0x2c, 0x20, 0x2e, 0x61, 0x63, 
	0x74, 0x69, 0x6f, 0x6e, 0x2d, 0x62, 0x74, 0x6e, 0x20, 0x7b, 
	0xa, 0x20, 0x20, 0x64, 0x69, 0x73, 0x70, 0x6c, 0x61, 0x79, 
	0x3a, 0x20, 0x20, 0x20, 0x20, 0x20, 0x20, 0x69, 0x6e, 0x6c, 
	0x69, 0x6e, 0x65, 0x2d, 0x66, 0x6c, 0x65, 0x78, 0x3b, 0x20, 
	0x61, 0x6c, 0x69, 0x67, 0x6e, 0x2d, 0x69, 0x74, 0x65, 0x6d, 
	0x73, 0x3a, 0x20, 0x63, 0x65, 0x6e, 0x74, 0x65, 0x72, 0x3b, 
	0x20, 0x6a, 0x75, 0x73, 0x74, 0x69, 0x66, 0x79, 0x2d, 0x63, 
	0x6f, 0x6e, 0x74, 0x65, 0x6e, 0x74, 0x3a, 0x20, 0x63, 0x65, 
	0x6e, 0x74, 0x65, 0x72, 0x3b, 0xa, 0x20, 0x20, 0x62, 0x61, 
	0x63, 0x6b, 0x67, 0x72, 0x6f, 0x75, 0x6e, 0x64, 0x3a, 0x20, 
	0x72, 0x67, 0x62, 0x61, 0x28, 0x32, 0x35, 0x35, 0x2c, 0x20, 
	0x32, 0x35, 0x35, 0x2c, 0x20, 0x32, 0x35, 0x35, 0x2c, 0x20, 
	0x30, 0x2e, 0x39, 0x35, 0x29, 0x3b, 0x20, 0x62, 0x6f, 0x72, 
	0x64, 0x65, 0x72, 0x3a, 0x20, 0x31, 0x2e, 0x35, 0x70, 0x78, 
	0x20, 0x73, 0x6f, 0x6c, 0x69, 0x64, 0x20, 0x23, 0x30, 0x30, 
	0x30, 0x3b, 0x20, 0x62, 0x6f, 0x72, 0x64, 0x65, 0x72, 0x2d, 
	0x72, 0x61, 0x64, 0x69, 0x75, 0x73, 0x3a, 0x20, 0x36, 0x70, 
	0x78, 0x3b, 0xa, 0x20, 0x20, 0x66, 0x6f, 0x6e, 0x74, 0x2d, 
	0x77, 0x65, 0x69, 0x67, 0x68, 0x74, 0x3a, 0x20, 0x20, 0x37, 
	0x30, 0x30, 0x3b, 0x20, 0x62, 0x6f, 0x78, 0x2d, 0x73, 0x68, 
	0x61, 0x64, 0x6f, 0x77, 0x3a, 0x20, 0x30, 0x20, 0x32, 0x70, 
	0x78, 0x20, 0x36, 0x70, 0x78, 0x20, 0x72, 0x67, 0x62, 0x61, 
	0x28, 0x30, 0x2c, 0x20, 0x30, 0x2c, 0x20, 0x30, 0x2c, 0x20, 
	0x30, 0x2e, 0x30, 0x38, 0x29, 0x3b, 0xa, 0x7d, 0xa, 0x2e, 
	0x62, 0x74, 0x6e, 0x2c, 0x20, 0x2e, 0x61, 0x63, 0x74, 0x69, 
	0x6f, 0x6e, 0x2d, 0x62, 0x74, 0x6e, 0x20, 0x7b, 0xa, 0x20, 
	0x20, 0x63, 0x75, 0x72, 0x73, 0x6f, 0x72, 0x3a, 0x20, 0x20, 
	0x20, 0x20, 0x70, 0x6f, 0x69, 0x6e, 0x74, 0x65, 0x72, 0x3b, 
	0xa, 0x20, 0x20, 0x26, 0x3a, 0x61, 0x63, 0x74, 0x69, 0x76, 
	0x65, 0x20, 0x20, 0x20, 0x7b, 0x20, 0x62, 0x61, 0x63, 0x6b, 
	0x67, 0x72, 0x6f, 0x75, 0x6e, 0x64, 0x3a, 0x20, 0x23, 0x30, 
	0x30, 0x30, 0x3b, 0x20, 0x63, 0x6f, 0x6c, 0x6f, 0x72, 0x3a, 
	0x20, 0x23, 0x66, 0x66, 0x66, 0x3b, 0x20, 0x7d, 0xa, 0x20, 
	0x20, 0x26, 0x3a, 0x64, 0x69, 0x73, 0x61, 0x62, 0x6c, 0x65, 
	0x64, 0x20, 0x7b, 0x20, 0x6f, 0x70, 0x61, 0x63, 0x69, 0x74, 
	0x79, 0x3a, 0x20, 0x30, 0x2e, 0x33, 0x35, 0x3b, 0x20, 0x63, 
	0x75, 0x72, 0x73, 0x6f, 0x72, 0x3a, 0x20, 0x6e, 0x6f, 0x74, 
	0x2d, 0x61, 0x6c, 0x6c, 0x6f, 0x77, 0x65, 0x64, 0x3b, 0x20, 
	0x70, 0x6f, 0x69, 0x6e, 0x74, 0x65, 0x72, 0x2d, 0x65, 0x76, 
	0x65, 0x6e, 0x74, 0x73, 0x3a, 0x20, 0x6e, 0x6f, 0x6e, 0x65, 
	0x3b, 0x20, 0x7d, 0xa, 0x7d, 0xa, 0xa, 0x2f, 0x2a, 0x20, 
	0x34, 0x2e, 0x20, 0x48, 0x55, 0x44, 0x20, 0xe3, 0x83, 0x98, 
	0xe3, 0x83, 0x83, 0xe3, 0x83, 0x80, 0xe3, 0x83, 0xbc, 0x20, 
	0x2a, 0x2f, 0xa, 0x2e, 0x74, 0x6f, 0x70, 0x2d, 0x62, 0x61, 
	0x72, 0x20, 0x7b, 0xa, 0x20, 0x20, 0x70, 0x6f, 0x73, 0x69, 
	0x74, 0x69, 0x6f, 0x6e, 0x3a, 0x20, 0x20, 0x20, 0x20, 0x20, 
	0x61, 0x62, 0x73, 0x6f, 0x6c, 0x75, 0x74, 0x65, 0x3b, 0x20, 
	0x74, 0x6f, 0x70, 0x3a, 0x20, 0x6d, 0x61, 0x78, 0x28, 0x38, 
	0x70, 0x78, 0x2c, 0x20, 0x65, 0x6e, 0x76, 0x28, 0x73, 0x61, 
	0x66, 0x65, 0x2d, 0x61, 0x72, 0x65, 0x61, 0x2d, 0x69, 0x6e, 
	0x73, 0x65, 0x74, 0x2d, 0x74, 0x6f, 0x70, 0x2c, 0x20, 0x30, 
	0x70, 0x78, 0x29, 0x29, 0x3b, 0xa, 0x20, 0x20, 0x69, 0x6e, 
	0x73, 0x65, 0x74, 0x2d, 0x69, 0x6e, 0x6c, 0x69, 0x6e, 0x65, 
	0x3a, 0x20, 0x6d, 0x61, 0x78, 0x28, 0x31, 0x30, 0x70, 0x78, 
	0x2c, 0x20, 0x65, 0x6e, 0x76, 0x28, 0x73, 0x61, 0x66, 0x65, 
	0x2d, 0x61, 0x72, 0x65, 0x61, 0x2d, 0x69, 0x6e, 0x73, 0x65, 
	0x74, 0x2d, 0x6c, 0x65, 0x66, 0x74, 0x2c, 0x20, 0x30, 0x70, 
	0x78, 0x29, 0x29, 0x20, 0x6d, 0x61, 0x78, 0x28, 0x31, 0x30, 
	0x70, 0x78, 0x2c, 0x20, 0x65, 0x6e, 0x76, 0x28, 0x73, 0x61, 
	0x66, 0x65, 0x2d, 0x61, 0x72, 0x65, 0x61, 0x2d, 0x69, 0x6e, 
	0x73, 0x65, 0x74, 0x2d, 0x72, 0x69, 0x67, 0x68, 0x74, 0x2c, 
	0x20, 0x30, 0x70, 0x78, 0x29, 0x29, 0x3b, 0xa, 0x20, 0x20, 
	0x64, 0x69, 0x73, 0x70, 0x6c, 0x61, 0x79, 0x3a, 0x20, 0x20, 
	0x20, 0x20, 0x20, 0x20, 0x66, 0x6c, 0x65, 0x78, 0x3b, 0x20, 
	0x6a, 0x75, 0x73, 0x74, 0x69, 0x66, 0x79, 0x2d, 0x63, 0x6f, 
	0x6e, 0x74, 0x65, 0x6e, 0x74, 0x3a, 0x20, 0x73, 0x70, 0x61, 
	0x63, 0x65, 0x2d, 0x62, 0x65, 0x74, 0x77, 0x65, 0x65, 0x6e, 
	0x3b, 0x20, 0x61, 0x6c, 0x69, 0x67, 0x6e, 0x2d, 0x69, 0x74, 
	0x65, 0x6d, 0x73, 0x3a, 0x20, 0x63, 0x65, 0x6e, 0x74, 0x65, 
	0x72, 0x3b, 0x20, 0x67, 0x61, 0x70, 0x3a, 0x20, 0x38, 0x70, 
	0x78, 0x3b, 0x20, 0x7a, 0x2d, 0x69, 0x6e, 0x64, 0x65, 0x78, 
	0x3a, 0x20, 0x32, 0x30, 0x3b, 0xa, 0xa, 0x20, 0x20, 0x23, 
	0x73, 0x74, 0x61, 0x74, 0x75, 0x73, 0x2d, 0x62, 0x61, 0x64, 
	0x67, 0x65, 0x20, 0x7b, 0xa, 0x20, 0x20, 0x20, 0x20, 0x70, 
	0x61, 0x64, 0x64, 0x69, 0x6e, 0x67, 0x3a, 0x20, 0x20, 0x20, 
	0x20, 0x36, 0x70, 0x78, 0x20, 0x31, 0x32, 0x70, 0x78, 0x3b, 
	0x20, 0x66, 0x6f, 0x6e, 0x74, 0x2d, 0x73, 0x69, 0x7a, 0x65, 
	0x3a, 0x20, 0x30, 0x2e, 0x39, 0x35, 0x72, 0x65, 0x6d, 0x3b, 
	0x20, 0x67, 0x61, 0x70, 0x3a, 0x20, 0x36, 0x70, 0x78, 0x3b, 
	0x20, 0x63, 0x75, 0x72, 0x73, 0x6f, 0x72, 0x3a, 0x20, 0x70, 
	0x6f, 0x69, 0x6e, 0x74, 0x65, 0x72, 0x3b, 0xa, 0x20, 0x20, 
	0x20, 0x20, 0x2e, 0x73, 0x74, 0x61, 0x74, 0x75, 0x73, 0x2d, 
	0x64, 0x6f, 0x74, 0x20, 0x7b, 0x20, 0x77, 0x69, 0x64, 0x74, 
	0x68, 0x3a, 0x20, 0x38, 0x70, 0x78, 0x3b, 0x20, 0x68, 0x65, 
	0x69, 0x67, 0x68, 0x74, 0x3a, 0x20, 0x38, 0x70, 0x78, 0x3b, 
	0x20, 0x62, 0x6f, 0x72, 0x64, 0x65, 0x72, 0x2d, 0x72, 0x61, 
	0x64, 0x69, 0x75, 0x73, 0x3a, 0x20, 0x35, 0x30, 0x25, 0x3b, 
	0x20, 0x62, 0x61, 0x63, 0x6b, 0x67, 0x72, 0x6f, 0x75, 0x6e, 
	0x64, 0x3a, 0x20, 0x23, 0x30, 0x30, 0x30, 0x3b, 0x20, 0x7d, 
	0xa, 0x20, 0x20, 0x7d, 0xa, 0xa, 0x20, 0x20, 0x23, 0x64, 
	0x69, 0x73, 0x74, 0x61, 0x6e, 0x63, 0x65, 0x2d, 0x63, 0x61, 
	0x72, 0x64, 0x20, 0x7b, 0xa, 0x20, 0x20, 0x20, 0x20, 0x70, 
	0x61, 0x64, 0x64, 0x69, 0x6e, 0x67, 0x3a, 0x20, 0x20, 0x20, 
	0x20, 0x20, 0x20, 0x34, 0x70, 0x78, 0x20, 0x31, 0x32, 0x70, 
	0x78, 0x3b, 0x20, 0x67, 0x61, 0x70, 0x3a, 0x20, 0x34, 0x70, 
	0x78, 0x3b, 0x20, 0x61, 0x6c, 0x69, 0x67, 0x6e, 0x2d, 0x69, 
	0x74, 0x65, 0x6d, 0x73, 0x3a, 0x20, 0x62, 0x61, 0x73, 0x65, 
	0x6c, 0x69, 0x6e, 0x65, 0x3b, 0xa, 0x20, 0x20, 0x20, 0x20, 
	0x2e, 0x6c, 0x61, 0x62, 0x65, 0x6c, 0x2c, 0x20, 0x2e, 0x75, 
	0x6e, 0x69, 0x74, 0x20, 0x7b, 0x20, 0x66, 0x6f, 0x6e, 0x74, 
	0x2d, 0x73, 0x69, 0x7a, 0x65, 0x3a, 0x20, 0x30, 0x2e, 0x38, 
	0x72, 0x65, 0x6d, 0x3b, 0x20, 0x63, 0x6f, 0x6c, 0x6f, 0x72, 
	0x3a, 0x20, 0x23, 0x35, 0x35, 0x35, 0x3b, 0x20, 0x7d, 0xa, 
	0x20, 0x20, 0x20, 0x20, 0x2e, 0x76, 0x61, 0x6c, 0x20, 0x20, 
	0x20, 0x20, 0x20, 0x20, 0x20, 0x20, 0x20, 0x20, 0x7b, 0x20, 
	0x66, 0x6f, 0x6e, 0x74, 0x2d, 0x66, 0x61, 0x6d, 0x69, 0x6c, 
	0x79, 0x3a, 0x20, 0x6d, 0x6f, 0x6e, 0x6f, 0x73, 0x70, 0x61, 
	0x63, 0x65, 0x3b, 0x20, 0x66, 0x6f, 0x6e, 0x74, 0x2d, 0x73, 
	0x69, 0x7a, 0x65, 0x3a, 0x20, 0x31, 0x2e, 0x37, 0x72, 0x65, 
	0x6d, 0x3b, 0x20, 0x66, 0x6f, 0x6e, 0x74, 0x2d, 0x77, 0x65, 
	0x69, 0x67, 0x68, 0x74, 0x3a, 0x20, 0x38, 0x30, 0x30, 0x3b, 
	0x20, 0x6d, 0x69, 0x6e, 0x2d, 0x77, 0x69, 0x64, 0x74, 0x68, 
	0x3a, 0x20, 0x35, 0x30, 0x70, 0x78, 0x3b, 0x20, 0x74, 0x65, 
	0x78, 0x74, 0x2d, 0x61, 0x6c, 0x69, 0x67, 0x6e, 0x3a, 0x20, 
	0x72, 0x69, 0x67, 0x68, 0x74, 0x3b, 0x20, 0x7d, 0xa, 0x20, 
	0x20, 0x7d, 0xa, 0xa, 0x20, 0x20, 0x2e, 0x62, 0x74, 0x6e, 
	0x2d, 0x73, 0x6d, 0x20, 0x7b, 0x20, 0x70, 0x61, 0x64, 0x64, 
	0x69, 0x6e, 0x67, 0x3a, 0x20, 0x36, 0x70, 0x78, 0x20, 0x31, 
	0x32, 0x70, 0x78, 0x3b, 0x20, 0x6d, 0x69, 0x6e, 0x2d, 0x68, 
	0x65, 0x69, 0x67, 0x68, 0x74, 0x3a, 0x20, 0x34, 0x30, 0x70, 
	0x78, 0x3b, 0x20, 0x66, 0x6f, 0x6e, 0x74, 0x2d, 0x73, 0x69, 
	0x7a, 0x65, 0x3a, 0x20, 0x30, 0x2e, 0x39, 0x72, 0x65, 0x6d, 
	0x3b, 0x20, 0x7d, 0xa, 0x7d, 0xa, 0xa, 0x2f, 0x2a, 0x20, 
	0x34, 0x62, 0x2e, 0x20, 0xe9, 0x9a, 0x9c, 0xe5, 0xae, 0xb3, 
	0xe7, 0x89, 0xa9, 0xe3, 0x82, 0xa2, 0xe3, 0x83, 0xa9, 0xe3, 
	0x83, 0xbc, 0xe3, 0x83, 0xa0, 0xef, 0xbc, 0x88, 0xe4, 0xba, 
	0xba, 0xe7, 0x89, 0xa9, 0xe3, 0x83, 0xbb, 0xe8, 0xbb, 0x8a, 
	0xef, 0xbc, 0x89, 0xef, 0xbc, 0x9a, 0xe6, 0xa4, 0x9c, 0xe7, 
	0x9f, 0xa5, 0xe4, 0xb8, 0xad, 0xe3, 0x81, 0xae, 0xe3, 0x83, 
	0x90, 0xe3, 0x83, 0x83, 0xe3, 0x82, 0xb8, 0xe3, 0x81, 0xa8, 
	0xe7, 0x9b, 0xb4, 0xe8, 0xbf, 0x91, 0xe3, 0x81, 0xae, 0xe3, 
	0x83, 0xad, 0xe3, 0x82, 0xb0, 0x20, 0x2a, 0x2f, 0xa, 0x23, 
	0x61, 0x6c, 0x61, 0x72, 0x6d, 0x2d, 0x62, 0x61, 0x64, 0x67, 
	0x65, 0x20, 0x7b, 0xa, 0x20, 0x20, 0x64, 0x69, 0x73, 0x70, 
	0x6c, 0x61, 0x79, 0x3a, 0x20, 0x6e, 0x6f, 0x6e, 0x65, 0x3b, 
	0x20, 0x70, 0x61, 0x64, 0x64, 0x69, 0x6e, 0x67, 0x3a, 0x20, 
	0x36, 0x70, 0x78, 0x20, 0x31, 0x32, 0x70, 0x78, 0x3b, 0x20, 
	0x67, 0x61, 0x70, 0x3a, 0x20, 0x34, 0x70, 0x78, 0x3b, 0x20, 
	0x66, 0x6f, 0x6e, 0x74, 0x2d, 0x73, 0x69, 0x7a, 0x65, 0x3a, 
	0x20, 0x30, 0x2e, 0x39, 0x35, 0x72, 0x65, 0x6d, 0x3b, 0xa, 
	0x20, 0x20, 0x62, 0x61, 0x63, 0x6b, 0x67, 0x72, 0x6f, 0x75, 
	0x6e, 0x64, 0x3a, 0x20, 0x23, 0x66, 0x66, 0x64, 0x34, 0x30, 
	0x30, 0x3b, 0x20, 0x62, 0x6f, 0x72, 0x64, 0x65, 0x72, 0x2d, 
	0x63, 0x6f, 0x6c, 0x6f, 0x72, 0x3a, 0x20, 0x23, 0x30, 0x30, 
	0x30, 0x3b, 0xa, 0x7d, 0xa, 0x62, 0x6f, 0x64, 0x79, 0x5b, 
	0x64, 0x61, 0x74, 0x61, 0x2d, 0x6f, 0x62, 0x73, 0x74, 0x61, 
	0x63, 0x6c, 0x65, 0x2d, 0x61, 0x6c, 0x61, 0x72, 0x6d, 0x3d, 
	0x22, 0x74, 0x72, 0x75, 0x65, 0x22, 0x5d, 0x20, 0x23, 0x61, 
	0x6c, 0x61, 0x72, 0x6d, 0x2d, 0x62, 0x61, 0x64, 0x67, 0x65, 
	0x20, 0x7b, 0x20, 0x64, 0x69, 0x73, 0x70, 0x6c, 0x61, 0x79, 
	0x3a, 0x20, 0x69, 0x6e, 0x6c, 0x69, 0x6e, 0x65, 0x2d, 0x66, 
	0x6c, 0x65, 0x78, 0x3b, 0x20, 0x7d, 0xa, 0x23, 0x61, 0x6c, 
	0x61, 0x72, 0x6d, 0x2d, 0x6c, 0x6f, 0x67, 0x20, 0x7b, 0xa, 
	0x20, 0x20, 0x70, 0x6f, 0x73, 0x69, 0x74, 0x69, 0x6f, 0x6e, 
	0x3a, 0x20, 0x61, 0x62, 0x73, 0x6f, 0x6c, 0x75, 0x74, 0x65, 
	0x3b, 0x20, 0x7a, 0x2d, 0x69, 0x6e, 0x64, 0x65, 0x78, 0x3a, 
	0x20, 0x31, 0x39, 0x3b, 0x20, 0x6d, 0x61, 0x72, 0x67, 0x69, 
	0x6e, 0x3a, 0x20, 0x30, 0x3b, 0x20, 0x70, 0x61, 0x64, 0x64, 
	0x69, 0x6e, 0x67, 0x3a, 0x20, 0x30, 0x3b, 0x20, 0x6c, 0x69, 
	0x73, 0x74, 0x2d, 0x73, 0x74, 0x79, 0x6c, 0x65, 0x3a, 0x20, 
	0x6e, 0x6f, 0x6e, 0x65, 0x3b, 0xa, 0x20, 0x20, 0x74, 0x6f, 
	0x70, 0x3a, 0x20, 0x63, 0x61, 0x6c, 0x63, 0x28, 0x36, 0x34, 
	0x70, 0x78, 0x20, 0x2b, 0x20, 0x65, 0x6e, 0x76, 0x28, 0x73, 
	0x61, 0x66, 0x65, 0x2d, 0x61, 0x72, 0x65, 0x61, 0x2d, 0x69, 
	0x6e, 0x73, 0x65, 0x74, 0x2d, 0x74, 0x6f, 0x70, 0x2c, 0x20, 
	0x30, 0x70, 0x78, 0x29, 0x29, 0x3b, 0x20, 0x6c, 0x65, 0x66, 
	0x74, 0x3a, 0x20, 0x6d, 0x61, 0x78, 0x28, 0x31, 0x30, 0x70, 
	0x78, 0x2c, 0x20, 0x65, 0x6e, 0x76, 0x28, 0x73, 0x61, 0x66, 
	0x65, 0x2d, 0x61, 0x72, 0x65, 0x61, 0x2d, 0x69, 0x6e, 0x73, 
	0x65, 0x74, 0x2d, 0x6c, 0x65, 0x66, 0x74, 0x2c, 0x20, 0x30, 
	0x70, 0x78, 0x29, 0x29, 0x3b, 0xa, 0x20, 0x20, 0x64, 0x69, 
	0x73, 0x70, 0x6c, 0x61, 0x79, 0x3a, 0x20, 0x66, 0x6c, 0x65, 
	0x78, 0x3b, 0x20, 0x66, 0x6c, 0x65, 0x78, 0x2d, 0x64, 0x69, 
	0x72, 0x65, 0x63, 0x74, 0x69, 0x6f, 0x6e, 0x3a, 0x20, 0x63, 
	0x6f, 0x6c, 0x75, 0x6d, 0x6e, 0x3b, 0x20, 0x67, 0x61, 0x70, 
	0x3a, 0x20, 0x33, 0x70, 0x78, 0x3b, 0x20, 0x70, 0x6f, 0x69, 
	0x6e, 0x74, 0x65, 0x72, 0x2d, 0x65, 0x76, 0x65, 0x6e, 0x74, 
	0x73, 0x3a, 0x20, 0x6e, 0x6f, 0x6e, 0x65, 0x3b, 0xa, 0x20, 
	0x20, 0x6c, 0x69, 0x20, 0x7b, 0xa, 0x20, 0x20, 0x20, 0x20, 
	0x62, 0x61, 0x63, 0x6b, 0x67, 0x72, 0x6f, 0x75, 0x6e, 0x64, 
	0x3a, 0x20, 0x72, 0x67, 0x62, 0x61, 0x28, 0x30, 0x2c, 0x20, 
	0x30, 0x2c, 0x20, 0x30, 0x2c, 0x20, 0x30, 0x2e, 0x37, 0x32, 
	0x29, 0x3b, 0x20, 0x63, 0x6f, 0x6c, 0x6f, 0x72, 0x3a, 0x20, 
	0x23, 0x66, 0x66, 0x66, 0x3b, 0x20, 0x62, 0x6f, 0x72, 0x64, 
	0x65, 0x72, 0x2d, 0x72, 0x61, 0x64, 0x69, 0x75, 0x73, 0x3a, 
	0x20, 0x34, 0x70, 0x78, 0x3b, 0xa, 0x20, 0x20, 0x20, 0x20, 
	0x70, 0x61, 0x64, 0x64, 0x69, 0x6e, 0x67, 0x3a, 0x20, 0x32, 
	0x70, 0x78, 0x20, 0x38, 0x70, 0x78, 0x3b, 0x20, 0x66, 0x6f, 
	0x6e, 0x74, 0x2d, 0x73, 0x69, 0x7a, 0x65, 0x3a, 0x20, 0x30, 
	0x2e, 0x37, 0x38, 0x72, 0x65, 0x6d, 0x3b, 0x20, 0x66, 0x6f, 
	0x6e, 0x74, 0x2d, 0x77, 0x65, 0x69, 0x67, 0x68, 0x74, 0x3a, 
	0x20, 0x37, 0x30, 0x30, 0x3b, 0x20, 0x66, 0x6f, 0x6e, 0x74, 
	0x2d, 0x66, 0x61, 0x6d, 0x69, 0x6c, 0x79, 0x3a, 0x20, 0x6d, 
	0x6f, 0x6e, 0x6f, 0x73, 0x70, 0x61, 0x63, 0x65, 0x3b, 0xa, 
	0x20, 0x20, 0x7d, 0xa, 0x20, 0x20, 0x6c, 0x69, 0x3a, 0x66, 
	0x69, 0x72, 0x73, 0x74, 0x2d, 0x63, 0x68, 0x69, 0x6c, 0x64, 
	0x20, 0x7b, 0x20, 0x62, 0x61, 0x63, 0x6b, 0x67, 0x72, 0x6f, 
	0x75, 0x6e, 0x64, 0x3a, 0x20, 0x72, 0x67, 0x62, 0x61, 0x28, 
	0x30, 0x2c, 0x20, 0x30, 0x2c, 0x20, 0x30, 0x2c, 0x20, 0x30, 
	0x2e, 0x38, 0x38, 0x29, 0x3b, 0x20, 0x63, 0x6f, 0x6c, 0x6f, 
	0x72, 0x3a, 0x20, 0x23, 0x66, 0x66, 0x64, 0x34, 0x30, 0x30, 
	0x3b, 0x20, 0x7d, 0xa, 0x7d, 0xa, 0xa, 0x2f, 0x2a, 0x20, 
	0x35, 0x2e, 0x20, 0xe3, 0x82, 0xa2, 0xe3, 0x83, 0xa9, 0xe3, 
	0x83, 0xbc, 0xe3, 0x83, 0x88, 0xe9, 0x80, 0x9a, 0xe7, 0x9f, 
	0xa5, 0x20, 0x2a, 0x2f, 0xa, 0x23, 0x61, 0x6c, 0x65, 0x72, 
	0x74, 0x2d, 0x62, 0x61, 0x6e, 0x6e, 0x65, 0x72, 0x20, 0x7b, 
	0xa, 0x20, 0x20, 0x70, 0x6f, 0x73, 0x69, 0x74, 0x69, 0x6f, 
	0x6e, 0x3a, 0x20, 0x20, 0x66, 0x69, 0x78, 0x65, 0x64, 0x3b, 
	0x20, 0x74, 0x6f, 0x70, 0x3a, 0x20, 0x63, 0x61, 0x6c, 0x63, 
	0x28, 0x36, 0x30, 0x70, 0x78, 0x20, 0x2b, 0x20, 0x65, 0x6e, 
	0x76, 0x28, 0x73, 0x61, 0x66, 0x65, 0x2d, 0x61, 0x72, 0x65, 
	0x61, 0x2d, 0x69, 0x6e, 0x73, 0x65, 0x74, 0x2d, 0x74, 0x6f, 
	0x70, 0x2c, 0x20, 0x30, 0x70, 0x78, 0x29, 0x29, 0x3b, 0x20, 
	0x6c, 0x65, 0x66, 0x74, 0x3a, 0x20, 0x35, 0x30, 0x25, 0x3b, 
	0xa, 0x20, 0x20, 0x74, 0x72, 0x61, 0x6e, 0x73, 0x6c, 0x61, 
	0x74, 0x65, 0x3a, 0x20, 0x2d, 0x35, 0x30, 0x25, 0x20, 0x30, 
	0x3b, 0x20, 0x62, 0x61, 0x63, 0x6b, 0x67, 0x72, 0x6f, 0x75, 
	0x6e, 0x64, 0x3a, 0x20, 0x23, 0x66, 0x66, 0x66, 0x3b, 0x20, 
	0x62, 0x6f, 0x72, 0x64, 0x65, 0x72, 0x3a, 0x20, 0x32, 0x70, 
	0x78, 0x20, 0x73, 0x6f, 0x6c, 0x69, 0x64, 0x20, 0x23, 0x30, 
	0x30, 0x30, 0x3b, 0x20, 0x62, 0x6f, 0x72, 0x64, 0x65, 0x72, 
	0x2d, 0x72, 0x61, 0x64, 0x69, 0x75, 0x73, 0x3a, 0x20, 0x36, 
	0x70, 0x78, 0x3b, 0xa, 0x20, 0x20, 0x70, 0x61, 0x64, 0x64, 
	0x69, 0x6e, 0x67, 0x3a, 0x20, 0x20, 0x20, 0x38, 0x70, 0x78, 
	0x20, 0x31, 0x36, 0x70, 0x78, 0x3b, 0x20, 0x66, 0x6f, 0x6e, 
	0x74, 0x2d, 0x77, 0x65, 0x69, 0x67, 0x68, 0x74, 0x3a, 0x20, 
	0x37, 0x30, 0x30, 0x3b, 0x20, 0x62, 0x6f, 0x78, 0x2d, 0x73, 
	0x68, 0x61, 0x64, 0x6f, 0x77, 0x3a, 0x20, 0x30, 0x20, 0x34, 
	0x70, 0x78, 0x20, 0x31, 0x34, 0x70, 0x78, 0x20, 0x72, 0x67, 
	0x62, 0x61, 0x28, 0x30, 0x2c, 0x20, 0x30, 0x2c, 0x20, 0x30, 
	0x2c, 0x20, 0x30, 0x2e, 0x31, 0x35, 0x29, 0x3b, 0xa, 0x20, 
	0x20, 0x6d, 0x61, 0x72, 0x67, 0x69, 0x6e, 0x3a, 0x20, 0x20, 
	0x20, 0x20, 0x30, 0x3b, 0x20, 0x7a, 0x2d, 0x69, 0x6e, 0x64, 
	0x65, 0x78, 0x3a, 0x20, 0x38, 0x30, 0x3b, 0xa, 0x7d, 0xa, 
	0xa, 0x2f, 0x2a, 0x20, 0x35, 0x62, 0x2e, 0x20, 0xe4, 0xb8, 
	0xad, 0xe6, 0x96, 0xad, 0xe7, 0x90, 0x86, 0xe7, 0x94, 0xb1, 
	0xef, 0xbc, 0x9a, 0xe6, 0x8b, 0x92, 0xe5, 0x90, 0xa6, 0xe7, 
	0x90, 0x86, 0xe7, 0x94, 0xb1, 0xe3, 0x83, 0x90, 0xe3, 0x83, 
	0x8a, 0xe3, 0x83, 0xbc, 0xef, 0xbc, 0x88, 0x23, 0x61, 0x6c, 
	0x65, 0x72, 0x74, 0x2d, 0x62, 0x61, 0x6e, 0x6e, 0x65, 0x72, 
	0xef, 0xbc, 0x89, 0xe3, 0x81, 0xa8, 0xe5, 0x90, 0x8c, 0xe3, 
	0x81, 0x98, 0xe7, 0x94, 0xbb, 0xe9, 0x9d, 0xa2, 0xe4, 0xb8, 
	0x8a, 0xe9, 0x83, 0xa8, 0xe4, 0xb8, 0xad, 0xe5, 0xa4, 0xae, 
	0xe3, 0x81, 0xab, 0xe5, 0x87, 0xba, 0xe3, 0x81, 0x99, 0xe3, 
	0x80, 0x82, 0xa, 0x20, 0x20, 0x20, 0x20, 0x20, 0x20, 0x20, 
	0x62, 0x6f, 0x64, 0x79, 0x20, 0xe5, 0x86, 0x85, 0xe3, 0x81, 
	0xae, 0xe8, 0xa6, 0x81, 0xe7, 0xb4, 0xa0, 0xe3, 0x81, 0xaa, 
	0xe3, 0x81, 0xae, 0xe3, 0x81, 0xa7, 0xe3, 0x80, 0x81, 0xe7, 
	0xb8, 0xa6, 0xe6, 0x8c, 0x81, 0xe3, 0x81, 0xa1, 0xe5, 0x9b, 
	0x9e, 0xe8, 0xbb, 0xa2, 0xef, 0xbc, 0x88, 0x31, 0x30, 0x20, 
	0xe7, 0xab, 0xa0, 0xef, 0xbc, 0x89, 0xe6, 0x99, 0x82, 0xe3, 
	0x82, 0x82, 0x20, 0x62, 0x6f, 0x64, 0x79, 0x20, 0xe3, 0x81, 
	0xa8, 0xe4, 0xb8, 0x80, 0xe7, 0xb7, 0x92, 0xe3, 0x81, 0xab, 
	0xe5, 0x9b, 0x9e, 0xe8, 0xbb, 0xa2, 0xe3, 0x81, 0x97, 0xe3, 
	0x81, 0xa6, 0xe5, 0x90, 0x8c, 0xe3, 0x81, 0x98, 0xe4, 0xbd, 
	0x8d, 0xe7, 0xbd, 0xae, 0xe3, 0x81, 0xab, 0xe3, 0x81, 0xaa, 
	0xe3, 0x82, 0x8b, 0xe3, 0x80, 0x82, 0xa, 0x20, 0x20, 0x20, 
	0x20, 0x20, 0x20, 0x20, 0xe6, 0x8b, 0x92, 0xe5, 0x90, 0xa6, 
	0xe7, 0x90, 0x86, 0xe7, 0x94, 0xb1, 0xe3, 0x83, 0x90, 0xe3, 
	0x83, 0x8a, 0xe3, 0x83, 0xbc, 0xe3, 0x81, 0xaf, 0xe4, 0xb8, 
	0x80, 0xe6, 0x99, 0x82, 0xe8, 0xa1, 0xa8, 0xe7, 0xa4, 0xba, 
	0xe3, 0x81, 0xa7, 0xe3, 0x80, 0x81, 0xe5, 0x87, 0xba, 0xe3, 
	0x81, 0xa6, 0xe3, 0x81, 0x84, 0xe3, 0x82, 0x8b, 0xe9, 0x96, 
	0x93, 0xe3, 0x81, 0xaf, 0xe3, 0x81, 0x93, 0xe3, 0x81, 0xa1, 
	0xe3, 0x82, 0x89, 0xe3, 0x81, 0xae, 0xe4, 0xb8, 0x8a, 0xe3, 
	0x81, 0xab, 0xe9, 0x87, 0x8d, 0xe3, 0x81, 0xaa, 0xe3, 0x82, 
	0x8b, 0xe3, 0x80, 0x82, 0x20, 0x2a, 0x2f, 0xa, 0x23, 0x73, 
	0x74, 0x6f, 0x70, 0x2d, 0x72, 0x65, 0x61, 0x73, 0x6f, 0x6e, 
	0x20, 0x7b, 0xa, 0x20, 0x20, 0x70, 0x6f, 0x73, 0x69, 0x74, 
	0x69, 0x6f, 0x6e, 0x3a, 0x20, 0x20, 0x61, 0x62, 0x73, 0x6f, 
	0x6c, 0x75, 0x74, 0x65, 0x3b, 0x20, 0x74, 0x6f, 0x70, 0x3a, 
	0x20, 0x63, 0x61, 0x6c, 0x63, 0x28, 0x36, 0x30, 0x70, 0x78, 
	0x20, 0x2b, 0x20, 0x65, 0x6e, 0x76, 0x28, 0x73, 0x61, 0x66, 
	0x65, 0x2d, 0x61, 0x72, 0x65, 0x61, 0x2d, 0x69, 0x6e, 0x73, 
	0x65, 0x74, 0x2d, 0x74, 0x6f, 0x70, 0x2c, 0x20, 0x30, 0x70, 
	0x78, 0x29, 0x29, 0x3b, 0x20, 0x6c, 0x65, 0x66, 0x74, 0x3a, 
	0x20, 0x35, 0x30, 0x25, 0x3b, 0xa, 0x20, 0x20, 0x74, 0x72, 
	0x61, 0x6e, 0x73, 0x6c, 0x61, 0x74, 0x65, 0x3a, 0x20, 0x2d, 
	0x35, 0x30, 0x25, 0x20, 0x30, 0x3b, 0x20, 0x6d, 0x61, 0x78, 
	0x2d, 0x77, 0x69, 0x64, 0x74, 0x68, 0x3a, 0x20, 0x6d, 0x69, 
	0x6e, 0x28, 0x39, 0x30, 0x25, 0x2c, 0x20, 0x34, 0x38, 0x30, 
	0x70, 0x78, 0x29, 0x3b, 0x20, 0x7a, 0x2d, 0x69, 0x6e, 0x64, 
	0x65, 0x78, 0x3a, 0x20, 0x33, 0x30, 0x3b, 0xa, 0x20, 0x20, 
	0x64, 0x69, 0x73, 0x70, 0x6c, 0x61, 0x79, 0x3a, 0x20, 0x20, 
	0x20, 0x6e, 0x6f, 0x6e, 0x65, 0x3b, 0x20, 0x61, 0x6c, 0x69, 
	0x67, 0x6e, 0x2d, 0x69, 0x74, 0x65, 0x6d, 0x73, 0x3a, 0x20, 
	0x63, 0x65, 0x6e, 0x74, 0x65, 0x72, 0x3b, 0x20, 0x6a, 0x75, 
	0x73, 0x74, 0x69, 0x66, 0x79, 0x2d, 0x63, 0x6f, 0x6e, 0x74, 
	0x65, 0x6e, 0x74, 0x3a, 0x20, 0x63, 0x65, 0x6e, 0x74, 0x65, 
	0x72, 0x3b, 0x20, 0x67, 0x61, 0x70, 0x3a, 0x20, 0x34, 0x70, 
	0x78, 0x3b, 0xa, 0x20, 0x20, 0x70, 0x61, 0x64, 0x64, 0x69, 
	0x6e, 0x67, 0x3a, 0x20, 0x20, 0x20, 0x38, 0x70, 0x78, 0x20, 
	0x31, 0x36, 0x70, 0x78, 0x3b, 0x20, 0x62, 0x61, 0x63, 0x6b, 
	0x67, 0x72, 0x6f, 0x75, 0x6e, 0x64, 0x3a, 0x20, 0x23, 0x30, 
	0x30, 0x30, 0x3b, 0x20, 0x62, 0x6f, 0x72, 0x64, 0x65, 0x72, 
	0x3a, 0x20, 0x32, 0x70, 0x78, 0x20, 0x73, 0x6f, 0x6c, 0x69, 
	0x64, 0x20, 0x23, 0x30, 0x30, 0x30, 0x3b, 0x20, 0x62, 0x6f, 
	0x72, 0x64, 0x65, 0x72, 0x2d, 0x72, 0x61, 0x64, 0x69, 0x75, 
	0x73, 0x3a, 0x20, 0x36, 0x70, 0x78, 0x3b, 0xa, 0x20, 0x20, 
	0x66, 0x6f, 0x6e, 0x74, 0x2d, 0x73, 0x69, 0x7a, 0x65, 0x3a, 
	0x20, 0x30, 0x2e, 0x39, 0x35, 0x72, 0x65, 0x6d, 0x3b, 0x20, 
	0x66, 0x6f, 0x6e, 0x74, 0x2d, 0x77, 0x65, 0x69, 0x67, 0x68, 
	0x74, 0x3a, 0x20, 0x38, 0x30, 0x30, 0x3b, 0x20, 0x63, 0x6f, 
	0x6c, 0x6f, 0x72, 0x3a, 0x20, 0x23, 0x61, 0x61, 0x61, 0x3b, 
	0x20, 0x77, 0x68, 0x69, 0x74, 0x65, 0x2d, 0x73, 0x70, 0x61, 
	0x63, 0x65, 0x3a, 0x20, 0x6e, 0x6f, 0x72, 0x6d, 0x61, 0x6c, 
	0x3b, 0x20, 0x74, 0x65, 0x78, 0x74, 0x2d, 0x61, 0x6c, 0x69, 
	0x67, 0x6e, 0x3a, 0x20, 0x63, 0x65, 0x6e, 0x74, 0x65, 0x72, 
	0x3b, 0xa, 0x20, 0x20, 0x62, 0x6f, 0x78, 0x2d, 0x73, 0x68, 
	0x61, 0x64, 0x6f, 0x77, 0x3a, 0x20, 0x30, 0x20, 0x34, 0x70, 
	0x78, 0x20, 0x31, 0x34, 0x70, 0x78, 0x20, 0x72, 0x67, 0x62, 
	0x61, 0x28, 0x30, 0x2c, 0x20, 0x30, 0x2c, 0x20, 0x30, 0x2c, 
	0x20, 0x30, 0x2e, 0x31, 0x35, 0x29, 0x3b, 0x20, 0x70, 0x6f, 
	0x69, 0x6e, 0x74, 0x65, 0x72, 0x2d, 0x65, 0x76, 0x65, 0x6e, 
	0x74, 0x73, 0x3a, 0x20, 0x6e, 0x6f, 0x6e, 0x65, 0x3b, 0xa, 
	0x20, 0x20, 0x23, 0x73, 0x74, 0x6f, 0x70, 0x2d, 0x72, 0x65, 
	0x61, 0x73, 0x6f, 0x6e, 0x2d, 0x74, 0x65, 0x78, 0x74, 0x20, 
	0x7b, 0x20, 0x63, 0x6f, 0x6c, 0x6f, 0x72, 0x3a, 0x20, 0x23, 
	0x66, 0x66, 0x66, 0x3b, 0x20, 0x7d, 0xa, 0x7d, 0xa, 0xa, 
	0x2f, 0x2a, 0x20, 0x36, 0x2e, 0x20, 0xe6, 0x93, 0x8d, 0xe4, 
	0xbd, 0x9c, 0xe3, 0x83, 0x95, 0xe3, 0x83, 0x83, 0xe3, 0x82, 
	0xbf, 0xe3, 0x83, 0xbc, 0x20, 0x2a, 0x2f, 0xa, 0x2e, 0x62, 
	0x6f, 0x74, 0x74, 0x6f, 0x6d, 0x2d, 0x62, 0x61, 0x72, 0x20, 
	0x7b, 0xa, 0x20, 0x20, 0x70, 0x6f, 0x73, 0x69, 0x74, 0x69, 
	0x6f, 0x6e, 0x3a, 0x20, 0x20, 0x61, 0x62, 0x73, 0x6f, 0x6c, 
	0x75, 0x74, 0x65, 0x3b, 0xa, 0x20, 0x20, 0x62, 0x6f, 0x74, 
	0x74, 0x6f, 0x6d, 0x3a, 0x20, 0x6d, 0x61, 0x78, 0x28, 0x31, 
	0x32, 0x70, 0x78, 0x2c, 0x20, 0x65, 0x6e, 0x76, 0x28, 0x73, 
	0x61, 0x66, 0x65, 0x2d, 0x61, 0x72, 0x65, 0x61, 0x2d, 0x69, 
	0x6e, 0x73, 0x65, 0x74, 0x2d, 0x62, 0x6f, 0x74, 0x74, 0x6f, 
	0x6d, 0x2c, 0x20, 0x30, 0x70, 0x78, 0x29, 0x29, 0x3b, 0xa, 
	0x20, 0x20, 0x72, 0x69, 0x67, 0x68, 0x74, 0x3a, 0x20, 0x20, 
	0x6d, 0x61, 0x78, 0x28, 0x31, 0x32, 0x70, 0x78, 0x2c, 0x20, 
	0x65, 0x6e, 0x76, 0x28, 0x73, 0x61, 0x66, 0x65, 0x2d, 0x61, 
	0x72, 0x65, 0x61, 0x2d, 0x69, 0x6e, 0x73, 0x65, 0x74, 0x2d, 
	0x72, 0x69, 0x67, 0x68, 0x74, 0x2c, 0x20, 0x30, 0x70, 0x78, 
	0x29, 0x29, 0x3b, 0xa, 0x20, 0x20, 0x64, 0x69, 0x73, 0x70, 
	0x6c, 0x61, 0x79, 0x3a, 0x20, 0x66, 0x6c, 0x65, 0x78, 0x3b, 
	0x20, 0x66, 0x6c, 0x65, 0x78, 0x2d, 0x64, 0x69, 0x72, 0x65, 
	0x63, 0x74, 0x69, 0x6f, 0x6e, 0x3a, 0x20, 0x63, 0x6f, 0x6c, 
	0x75, 0x6d, 0x6e, 0x3b, 0x20, 0x61, 0x6c, 0x69, 0x67, 0x6e, 
	0x2d, 0x69, 0x74, 0x65, 0x6d, 0x73, 0x3a, 0x20, 0x66, 0x6c, 
	0x65, 0x78, 0x2d, 0x65, 0x6e, 0x64, 0x3b, 0x20, 0x67, 0x61, 
	0x70, 0x3a, 0x20, 0x38, 0x70, 0x78, 0x3b, 0x20, 0x7a, 0x2d, 
	0x69, 0x6e, 0x64, 0x65, 0x78, 0x3a, 0x20, 0x32, 0x35, 0x3b, 
	0xa, 0xa, 0x20, 0x20, 0x2e, 0x61, 0x63, 0x74, 0x69, 0x6f, 
	0x6e, 0x2d, 0x72, 0x6f, 0x77, 0x20, 0x7b, 0xa, 0x20, 0x20, 
	0x20, 0x20, 0x64, 0x69, 0x73, 0x70, 0x6c, 0x61, 0x79, 0x3a, 
	0x20, 0x66, 0x6c, 0x65, 0x78, 0x3b, 0x20, 0x67, 0x61, 0x70, 
	0x3a, 0x20, 0x38, 0x70, 0x78, 0x3b, 0xa, 0xa, 0x20, 0x20, 
	0x20, 0x20, 0x2e, 0x61, 0x63, 0x74, 0x69, 0x6f, 0x6e, 0x2d, 
	0x62, 0x74, 0x6e, 0x20, 0x7b, 0xa, 0x20, 0x20, 0x20, 0x20, 
	0x20, 0x20, 0x77, 0x69, 0x64, 0x74, 0x68, 0x3a, 0x20, 0x63, 
	0x6c, 0x61, 0x6d, 0x70, 0x28, 0x31, 0x31, 0x32, 0x70, 0x78, 
	0x2c, 0x20, 0x31, 0x38, 0x76, 0x77, 0x2c, 0x20, 0x31, 0x37, 
	0x30, 0x70, 0x78, 0x29, 0x3b, 0x20, 0x6d, 0x69, 0x6e, 0x2d, 
	0x68, 0x65, 0x69, 0x67, 0x68, 0x74, 0x3a, 0x20, 0x34, 0x38, 
	0x70, 0x78, 0x3b, 0x20, 0x70, 0x61, 0x64, 0x64, 0x69, 0x6e, 
	0x67, 0x3a, 0x20, 0x34, 0x70, 0x78, 0x20, 0x38, 0x70, 0x78, 
	0x3b, 0x20, 0x66, 0x6f, 0x6e, 0x74, 0x2d, 0x73, 0x69, 0x7a, 
	0x65, 0x3a, 0x20, 0x63, 0x6c, 0x61, 0x6d, 0x70, 0x28, 0x30, 
	0x2e, 0x39, 0x72, 0x65, 0x6d, 0x2c, 0x20, 0x32, 0x2e, 0x33, 
	0x76, 0x77, 0x2c, 0x20, 0x31, 0x2e, 0x31, 0x72, 0x65, 0x6d, 
	0x29, 0x3b, 0x20, 0x66, 0x6f, 0x6e, 0x74, 0x2d, 0x77, 0x65, 
	0x69, 0x67, 0x68, 0x74, 0x3a, 0x20, 0x38, 0x30, 0x30, 0x3b, 
	0x20, 0x62, 0x6f, 0x72, 0x64, 0x65, 0x72, 0x2d, 0x77, 0x69, 
	0x64, 0x74, 0x68, 0x3a, 0x20, 0x32, 0x70, 0x78, 0x3b, 0xa, 
	0x20, 0x20, 0x20, 0x20, 0x7d, 0xa, 0x20, 0x20, 0x7d, 0xa, 
	0x7d, 0xa, 0xa, 0x2f, 0x2a, 0x20, 0x50, 0x6f, 0x72, 0x74, 
	0x72, 0x61, 0x69, 0x74, 0x20, 0x6f, 0x6e, 0x20, 0x61, 0x20, 
	0x50, 0x43, 0x20, 0x77, 0x69, 0x6e, 0x64, 0x6f, 0x77, 0x20, 
	0x28, 0x66, 0x69, 0x6e, 0x65, 0x20, 0x70, 0x6f, 0x69, 0x6e, 
	0x74, 0x65, 0x72, 0x29, 0x3a, 0x20, 0x74, 0x68, 0x65, 0x20, 
	0x73, 0x61, 0x66, 0x65, 0x74, 0x79, 0x20, 0x61, 0x63, 0x74, 
	0x69, 0x6f, 0x6e, 0x73, 0x20, 0x73, 0x74, 0x61, 0x63, 0x6b, 
	0x20, 0x76, 0x65, 0x72, 0x74, 0x69, 0x63, 0x61, 0x6c, 0x6c, 
	0x79, 0x20, 0x75, 0x6e, 0x64, 0x65, 0x72, 0xa, 0x20, 0x20, 
	0x20, 0x74, 0x68, 0x65, 0x20, 0x73, 0x74, 0x65, 0x65, 0x72, 
	0x69, 0x6e, 0x67, 0x20, 0x70, 0x61, 0x64, 0x2e, 0x20, 0x20, 
	0x50, 0x68, 0x6f, 0x6e, 0x65, 0x73, 0x2f, 0x74, 0x61, 0x62, 
	0x6c, 0x65, 0x74, 0x73, 0x20, 0x68, 0x65, 0x6c, 0x64, 0x20, 
	0x75, 0x70, 0x72, 0x69, 0x67, 0x68, 0x74, 0x20, 0x61, 0x72, 
	0x65, 0x20, 0x72, 0x6f, 0x74, 0x61, 0x74, 0x65, 0x64, 0x20, 
	0x74, 0x6f, 0x20, 0x6c, 0x61, 0x6e, 0x64, 0x73, 0x63, 0x61, 
	0x70, 0x65, 0x20, 0x28, 0x73, 0x65, 0x63, 0x74, 0x69, 0x6f, 
	0x6e, 0x20, 0x31, 0x30, 0x29, 0x2e, 0x20, 0x2a, 0x2f, 0xa, 
	0x40, 0x6d, 0x65, 0x64, 0x69, 0x61, 0x20, 0x28, 0x6f, 0x72, 
	0x69, 0x65, 0x6e, 0x74, 0x61, 0x74, 0x69, 0x6f, 0x6e, 0x3a, 
	0x20, 0x70, 0x6f, 0x72, 0x74, 0x72, 0x61, 0x69, 0x74, 0x29, 
	0x20, 0x61, 0x6e, 0x64, 0x20, 0x28, 0x70, 0x6f, 0x69, 0x6e, 
	0x74, 0x65, 0x72, 0x3a, 0x20, 0x66, 0x69, 0x6e, 0x65, 0x29, 
	0x20, 0x7b, 0xa, 0x20, 0x20, 0x2e, 0x70, 0x61, 0x64, 0x2d, 
	0x6c, 0x65, 0x66, 0x74, 0x2c, 0x20, 0x2e, 0x70, 0x61, 0x64, 
	0x2d, 0x72, 0x69, 0x67, 0x68, 0x74, 0x20, 0x7b, 0x20, 0x77, 
	0x69, 0x64, 0x74, 0x68, 0x3a, 0x20, 0x63, 0x6c, 0x61, 0x6d, 
	0x70, 0x28, 0x38, 0x30, 0x70, 0x78, 0x2c, 0x20, 0x32, 0x32, 
	0x76, 0x77, 0x2c, 0x20, 0x31, 0x30, 0x34, 0x70, 0x78, 0x29, 
	0x3b, 0x20, 0x68, 0x65, 0x69, 0x67, 0x68, 0x74, 0x3a, 0x20, 
	0x38, 0x38, 0x70, 0x78, 0x3b, 0x20, 0x7d, 0xa, 0x20, 0x20, 
	0x2e, 0x70, 0x61, 0x64, 0x2d, 0x66, 0x6f, 0x72, 0x77, 0x61, 
	0x72, 0x64, 0x20, 0x7b, 0x20, 0x77, 0x69, 0x64, 0x74, 0x68, 
	0x3a, 0x20, 0x63, 0x6c, 0x61, 0x6d, 0x70, 0x28, 0x38, 0x30, 
	0x70, 0x78, 0x2c, 0x20, 0x32, 0x32, 0x76, 0x77, 0x2c, 0x20, 
	0x39, 0x36, 0x70, 0x78, 0x29, 0x3b, 0x20, 0x68, 0x65, 0x69, 
	0x67, 0x68, 0x74, 0x3a, 0x20, 0x31, 0x32, 0x38, 0x70, 0x78, 
	0x3b, 0x20, 0x7d, 0xa, 0x20, 0x20, 0x2e, 0x62, 0x6f, 0x74, 
	0x74, 0x6f, 0x6d, 0x2d, 0x62, 0x61, 0x72, 0x20, 0x7b, 0x20, 
	0x61, 0x6c, 0x69, 0x67, 0x6e, 0x2d, 0x69, 0x74, 0x65, 0x6d, 
	0x73, 0x3a, 0x20, 0x66, 0x6c, 0x65, 0x78, 0x2d, 0x65, 0x6e, 
	0x64, 0x3b, 0x20, 0x7d, 0xa, 0x20, 0x20, 0x2e, 0x62, 0x6f, 
	0x74, 0x74, 0x6f, 0x6d, 0x2d, 0x62, 0x61, 0x72, 0x20, 0x2e, 
	0x61, 0x63, 0x74, 0x69, 0x6f, 0x6e, 0x2d, 0x72, 0x6f, 0x77, 
	0x20, 0x7b, 0x20, 0x66, 0x6c, 0x65, 0x78, 0x2d, 0x64, 0x69, 
	0x72, 0x65, 0x63, 0x74, 0x69, 0x6f, 0x6e, 0x3a, 0x20, 0x63, 
	0x6f, 0x6c, 0x75, 0x6d, 0x6e, 0x3b, 0x20, 0x67, 0x61, 0x70, 
	0x3a, 0x20, 0x36, 0x70, 0x78, 0x3b, 0x20, 0x7d, 0xa, 0x20, 
	0x20, 0x2e, 0x62, 0x6f, 0x74, 0x74, 0x6f, 0x6d, 0x2d, 0x62, 
	0x61, 0x72, 0x20, 0x2e, 0x61, 0x63, 0x74, 0x69, 0x6f, 0x6e, 
	0x2d, 0x72, 0x6f, 0x77, 0x20, 0x2e, 0x61, 0x63, 0x74, 0x69, 
	0x6f, 0x6e, 0x2d, 0x62, 0x74, 0x6e, 0x20, 0x7b, 0xa, 0x20, 
	0x20, 0x20, 0x20, 0x77, 0x69, 0x64, 0x74, 0x68, 0x3a, 0x20, 
	0x63, 0x6c, 0x61, 0x6d, 0x70, 0x28, 0x31, 0x31, 0x32, 0x70, 
	0x78, 0x2c, 0x20, 0x33, 0x32, 0x76, 0x77, 0x2c, 0x20, 0x31, 
	0x35, 0x36, 0x70, 0x78, 0x29, 0x3b, 0x20, 0x6d, 0x69, 0x6e, 
	0x2d, 0x68, 0x65, 0x69, 0x67, 0x68, 0x74, 0x3a, 0x20, 0x34, 
	0x36, 0x70, 0x78, 0x3b, 0x20, 0x66, 0x6f, 0x6e, 0x74, 0x2d, 
	0x73, 0x69, 0x7a, 0x65, 0x3a, 0x20, 0x30, 0x2e, 0x39, 0x32, 
	0x72, 0x65, 0x6d, 0x3b, 0xa, 0x20, 0x20, 0x7d, 0xa, 0x7d, 
	0xa, 0xa, 0x40, 0x6d, 0x65, 0x64, 0x69, 0x61, 0x20, 0x28, 
	0x6f, 0x72, 0x69, 0x65, 0x6e, 0x74, 0x61, 0x74, 0x69, 0x6f, 
	0x6e, 0x3a, 0x20, 0x6c, 0x61, 0x6e, 0x64, 0x73, 0x63, 0x61, 
	0x70, 0x65, 0x29, 0x20, 0x61, 0x6e, 0x64, 0x20, 0x28, 0x6d, 
	0x61, 0x78, 0x2d, 0x68, 0x65, 0x69, 0x67, 0x68, 0x74, 0x3a, 
	0x20, 0x34, 0x33, 0x30, 0x70, 0x78, 0x29, 0x20, 0x7b, 0xa, 
	0x20, 0x20, 0x2e, 0x70, 0x61, 0x64, 0x2d, 0x6c, 0x65, 0x66, 
	0x74, 0x2c, 0x20, 0x2e, 0x70, 0x61, 0x64, 0x2d, 0x72, 0x69, 
	0x67, 0x68, 0x74, 0x20, 0x7b, 0x20, 0x77, 0x69, 0x64, 0x74, 
	0x68, 0x3a, 0x20, 0x39, 0x36, 0x70, 0x78, 0x3b, 0x20, 0x68, 
	0x65, 0x69, 0x67, 0x68, 0x74, 0x3a, 0x20, 0x38, 0x30, 0x70, 
	0x78, 0x3b, 0x20, 0x7d, 0xa, 0x20, 0x20, 0x2e, 0x70, 0x61, 
	0x64, 0x2d, 0x66, 0x6f, 0x72, 0x77, 0x61, 0x72, 0x64, 0x20, 
	0x7b, 0x20, 0x68, 0x65, 0x69, 0x67, 0x68, 0x74, 0x3a, 0x20, 
	0x31, 0x31, 0x32, 0x70, 0x78, 0x3b, 0x20, 0x7d, 0xa, 0x20, 
	0x20, 0x2e, 0x62, 0x6f, 0x74, 0x74, 0x6f, 0x6d, 0x2d, 0x62, 
	0x61, 0x72, 0x20, 0x2e, 0x61, 0x63, 0x74, 0x69, 0x6f, 0x6e, 
	0x2d, 0x72, 0x6f, 0x77, 0x20, 0x2e, 0x61, 0x63, 0x74, 0x69, 
	0x6f, 0x6e, 0x2d, 0x62, 0x74, 0x6e, 0x20, 0x7b, 0x20, 0x6d, 
	0x69, 0x6e, 0x2d, 0x68, 0x65, 0x69, 0x67, 0x68, 0x74, 0x3a, 
	0x20, 0x34, 0x36, 0x70, 0x78, 0x3b, 0x20, 0x7d, 0xa, 0x7d, 
	0xa, 0xa, 0x2f, 0x2a, 0x20, 0x37, 0x2e, 0x20, 0xe3, 0x82, 
	0xaa, 0xe3, 0x83, 0xbc, 0xe3, 0x83, 0x90, 0xe3, 0x83, 0xbc, 
	0xe3, 0x83, 0xac, 0xe3, 0x82, 0xa4, 0x20, 0x26, 0x20, 0x50, 
	0x6f, 0x70, 0x6f, 0x76, 0x65, 0x72, 0x20, 0xe3, 0x83, 0xa2, 
	0xe3, 0x83, 0xbc, 0xe3, 0x83, 0x80, 0xe3, 0x83, 0xab, 0x20, 
	0x2a, 0x2f, 0xa, 0x2e, 0x6f, 0x76, 0x65, 0x72, 0x6c, 0x61, 
	0x79, 0x20, 0x7b, 0xa, 0x20, 0x20, 0x64, 0x69, 0x73, 0x70, 
	0x6c, 0x61, 0x79, 0x3a, 0x20, 0x20, 0x20, 0x20, 0x20, 0x20, 
	0x6e, 0x6f, 0x6e, 0x65, 0x3b, 0x20, 0x70, 0x6f, 0x73, 0x69, 
	0x74, 0x69, 0x6f, 0x6e, 0x3a, 0x20, 0x66, 0x69, 0x78, 0x65, 
	0x64, 0x3b, 0x20, 0x69, 0x6e, 0x73, 0x65, 0x74, 0x3a, 0x20, 
	0x30, 0x3b, 0x20, 0x7a, 0x2d, 0x69, 0x6e, 0x64, 0x65, 0x78, 
	0x3a, 0x20, 0x31, 0x30, 0x30, 0x3b, 0xa, 0x20, 0x20, 0x61, 
	0x6c, 0x69, 0x67, 0x6e, 0x2d, 0x69, 0x74, 0x65, 0x6d, 0x73, 
	0x3a, 0x20, 0x20, 0x63, 0x65, 0x6e, 0x74, 0x65, 0x72, 0x3b, 
	0x20, 0x6a, 0x75, 0x73, 0x74, 0x69, 0x66, 0x79, 0x2d, 0x63, 
	0x6f, 0x6e, 0x74, 0x65, 0x6e, 0x74, 0x3a, 0x20, 0x63, 0x65, 
	0x6e, 0x74, 0x65, 0x72, 0x3b, 0x20, 0x70, 0x61, 0x64, 0x64, 
	0x69, 0x6e, 0x67, 0x3a, 0x20, 0x31, 0x36, 0x70, 0x78, 0x3b, 
	0xa, 0x20, 0x20, 0x62, 0x61, 0x63, 0x6b, 0x67, 0x72, 0x6f, 
	0x75, 0x6e, 0x64, 0x3a, 0x20, 0x72, 0x67, 0x62, 0x61, 0x28, 
	0x32, 0x35, 0x35, 0x2c, 0x20, 0x32, 0x35, 0x35, 0x2c, 0x20, 
	0x32, 0x35, 0x35, 0x2c, 0x20, 0x30, 0x2e, 0x39, 0x35, 0x29, 
	0x3b, 0xa, 0xa, 0x20, 0x20, 0x26, 0x23, 0x74, 0x6f, 0x72, 
	0x2d, 0x6f, 0x76, 0x65, 0x72, 0x6c, 0x61, 0x79, 0x20, 0x7b, 
	0xa, 0x20, 0x20, 0x20, 0x20, 0x62, 0x61, 0x63, 0x6b, 0x67, 
	0x72, 0x6f, 0x75, 0x6e, 0x64, 0x3a, 0x20, 0x72, 0x67, 0x62, 
	0x61, 0x28, 0x32, 0x35, 0x35, 0x2c, 0x20, 0x32, 0x35, 0x35, 
	0x2c, 0x20, 0x32, 0x35, 0x35, 0x2c, 0x20, 0x30, 0x2e, 0x39, 
	0x29, 0x3b, 0x20, 0x62, 0x61, 0x63, 0x6b, 0x64, 0x72, 0x6f, 
	0x70, 0x2d, 0x66, 0x69, 0x6c, 0x74, 0x65, 0x72, 0x3a, 0x20, 
	0x62, 0x6c, 0x75, 0x72, 0x28, 0x34, 0x70, 0x78, 0x29, 0x3b, 
	0xa, 0x20, 0x20, 0x20, 0x20, 0x62, 0x6f, 0x72, 0x64, 0x65, 
	0x72, 0x3a, 0x20, 0x20, 0x20, 0x20, 0x20, 0x20, 0x20, 0x36, 
	0x70, 0x78, 0x20, 0x73, 0x6f, 0x6c, 0x69, 0x64, 0x20, 0x23, 
	0x30, 0x30, 0x30, 0x3b, 0x20, 0x61, 0x6e, 0x69, 0x6d, 0x61, 
	0x74, 0x69, 0x6f, 0x6e, 0x3a, 0x20, 0x66, 0x6c, 0x61, 0x73, 
	0x68, 0x20, 0x30, 0x2e, 0x38, 0x73, 0x20, 0x69, 0x6e, 0x66, 
	0x69, 0x6e, 0x69, 0x74, 0x65, 0x20, 0x61, 0x6c, 0x74, 0x65, 
	0x72, 0x6e, 0x61, 0x74, 0x65, 0x3b, 0xa, 0x20, 0x20, 0x7d, 
	0xa, 0xa, 0x20, 0x20, 0x2e, 0x63, 0x61, 0x72, 0x64, 0x20, 
	0x7b, 0xa, 0x20, 0x20, 0x20, 0x20, 0x62, 0x61, 0x63, 0x6b, 
	0x67, 0x72, 0x6f, 0x75, 0x6e, 0x64, 0x3a, 0x20, 0x23, 0x66, 
	0x66, 0x66, 0x3b, 0x20, 0x62, 0x6f, 0x72, 0x64, 0x65, 0x72, 
	0x3a, 0x20, 0x32, 0x70, 0x78, 0x20, 0x73, 0x6f, 0x6c, 0x69, 
	0x64, 0x20, 0x23, 0x30, 0x30, 0x30, 0x3b, 0x20, 0x62, 0x6f, 
	0x72, 0x64, 0x65, 0x72, 0x2d, 0x72, 0x61, 0x64, 0x69, 0x75, 
	0x73, 0x3a, 0x20, 0x38, 0x70, 0x78, 0x3b, 0x20, 0x70, 0x61, 
	0x64, 0x64, 0x69, 0x6e, 0x67, 0x3a, 0x20, 0x32, 0x30, 0x70, 
	0x78, 0x3b, 0xa, 0x20, 0x20, 0x20, 0x20, 0x6d, 0x61, 0x78, 
	0x2d, 0x77, 0x69, 0x64, 0x74, 0x68, 0x3a, 0x20, 0x20, 0x20, 
	0x20, 0x34, 0x30, 0x30, 0x70, 0x78, 0x3b, 0x20, 0x77, 0x69, 
	0x64, 0x74, 0x68, 0x3a, 0x20, 0x31, 0x30, 0x30, 0x25, 0x3b, 
	0x20, 0x62, 0x6f, 0x78, 0x2d, 0x73, 0x68, 0x61, 0x64, 0x6f, 
	0x77, 0x3a, 0x20, 0x30, 0x20, 0x38, 0x70, 0x78, 0x20, 0x32, 
	0x34, 0x70, 0x78, 0x20, 0x72, 0x67, 0x62, 0x61, 0x28, 0x30, 
	0x2c, 0x20, 0x30, 0x2c, 0x20, 0x30, 0x2c, 0x20, 0x30, 0x2e, 
	0x32, 0x29, 0x3b, 0xa, 0x20, 0x20, 0x20, 0x20, 0x26, 0x2e, 
	0x63, 0x65, 0x6e, 0x74, 0x65, 0x72, 0x2c, 0x20, 0x26, 0x2e, 
	0x74, 0x6f, 0x72, 0x2d, 0x63, 0x61, 0x72, 0x64, 0x20, 0x7b, 
	0x20, 0x74, 0x65, 0x78, 0x74, 0x2d, 0x61, 0x6c, 0x69, 0x67, 
	0x6e, 0x3a, 0x20, 0x63, 0x65, 0x6e, 0x74, 0x65, 0x72, 0x3b, 
	0x20, 0x7d, 0xa, 0x20, 0x20, 0x20, 0x20, 0x68, 0x32, 0x20, 
	0x20, 0x20, 0x20, 0x20, 0x20, 0x20, 0x20, 0x20, 0x20, 0x20, 
	0x20, 0x20, 0x20, 0x20, 0x20, 0x20, 0x20, 0x20, 0x7b, 0x20, 
	0x66, 0x6f, 0x6e, 0x74, 0x2d, 0x73, 0x69, 0x7a, 0x65, 0x3a, 
	0x20, 0x31, 0x2e, 0x33, 0x72, 0x65, 0x6d, 0x3b, 0x20, 0x66, 
	0x6f, 0x6e, 0x74, 0x2d, 0x77, 0x65, 0x69, 0x67, 0x68, 0x74, 
	0x3a, 0x20, 0x38, 0x30, 0x30, 0x3b, 0x20, 0x6d, 0x61, 0x72, 
	0x67, 0x69, 0x6e, 0x2d, 0x62, 0x6f, 0x74, 0x74, 0x6f, 0x6d, 
	0x3a, 0x20, 0x36, 0x70, 0x78, 0x3b, 0x20, 0x7d, 0xa, 0x20, 
	0x20, 0x20, 0x20, 0x70, 0x20, 0x20, 0x20, 0x20, 0x20, 0x20, 
	0x20, 0x20, 0x20, 0x20, 0x20, 0x20, 0x20, 0x20, 0x20, 0x20, 
	0x20, 0x20, 0x20, 0x20, 0x7b, 0x20, 0x66, 0x6f, 0x6e, 0x74, 
	0x2d, 0x73, 0x69, 0x7a, 0x65, 0x3a, 0x20, 0x30, 0x2e, 0x39, 
	0x35, 0x72, 0x65, 0x6d, 0x3b, 0x20, 0x63, 0x6f, 0x6c, 0x6f, 
	0x72, 0x3a, 0x20, 0x23, 0x35, 0x35, 0x35, 0x3b, 0x20, 0x6d, 
	0x61, 0x72, 0x67, 0x69, 0x6e, 0x2d, 0x62, 0x6f, 0x74, 0x74, 
	0x6f, 0x6d, 0x3a, 0x20, 0x31, 0x30, 0x70, 0x78, 0x3b, 0x20, 
	0x7d, 0xa, 0x20, 0x20, 0x20, 0x20, 0x2e, 0x6d, 0x75, 0x74, 
	0x65, 0x64, 0x20, 0x20, 0x20, 0x20, 0x20, 0x20, 0x20, 0x20, 
	0x20, 0x20, 0x20, 0x20, 0x20, 0x20, 0x20, 0x7b, 0x20, 0x66, 
	0x6f, 0x6e, 0x74, 0x2d, 0x73, 0x69, 0x7a, 0x65, 0x3a, 0x20, 
	0x30, 0x2e, 0x38, 0x35, 0x72, 0x65, 0x6d, 0x3b, 0x20, 0x63, 
	0x6f, 0x6c, 0x6f, 0x72, 0x3a, 0x20, 0x23, 0x37, 0x37, 0x37, 
	0x3b, 0x20, 0x7d, 0xa, 0x20, 0x20, 0x20, 0x20, 0x2e, 0x74, 
	0x69, 0x6d, 0x65, 0x72, 0x20, 0x20, 0x20, 0x20, 0x20, 0x20, 
	0x20, 0x20, 0x20, 0x20, 0x20, 0x20, 0x20, 0x20, 0x20, 0x7b, 
	0x20, 0x66, 0x6f, 0x6e, 0x74, 0x2d, 0x73, 0x69, 0x7a, 0x65, 
	0x3a, 0x20, 0x31, 0x2e, 0x33, 0x35, 0x72, 0x65, 0x6d, 0x3b, 
	0x20, 0x66, 0x6f, 0x6e, 0x74, 0x2d, 0x77, 0x65, 0x69, 0x67, 
	0x68, 0x74, 0x3a, 0x20, 0x38, 0x30, 0x30, 0x3b, 0x20, 0x6d, 
	0x61, 0x72, 0x67, 0x69, 0x6e, 0x2d, 0x62, 0x6f, 0x74, 0x74, 
	0x6f, 0x6d, 0x3a, 0x20, 0x31, 0x36, 0x70, 0x78, 0x3b, 0x20, 
	0x7d, 0xa, 0x20, 0x20, 0x20, 0x20, 0x2e, 0x62, 0x74, 0x6e, 
	0x2d, 0x6c, 0x67, 0x20, 0x7b, 0x20, 0x77, 0x69, 0x64, 0x74, 
	0x68, 0x3a, 0x20, 0x31, 0x30, 0x30, 0x25, 0x3b, 0x20, 0x68, 
	0x65, 0x69, 0x67, 0x68, 0x74, 0x3a, 0x20, 0x34, 0x38, 0x70, 
	0x78, 0x3b, 0x20, 0x62, 0x61, 0x63, 0x6b, 0x67, 0x72, 0x6f, 
	0x75, 0x6e, 0x64, 0x3a, 0x20, 0x23, 0x30, 0x30, 0x30, 0x3b, 
	0x20, 0x63, 0x6f, 0x6c, 0x6f, 0x72, 0x3a, 0x20, 0x23, 0x66, 
	0x66, 0x66, 0x3b, 0x20, 0x66, 0x6f, 0x6e, 0x74, 0x2d, 0x73, 
	0x69, 0x7a, 0x65, 0x3a, 0x20, 0x31, 0x2e, 0x31, 0x35, 0x72, 
	0x65, 0x6d, 0x3b, 0x20, 0x66, 0x6f, 0x6e, 0x74, 0x2d, 0x77, 
	0x65, 0x69, 0x67, 0x68, 0x74, 0x3a, 0x20, 0x38, 0x30, 0x30, 
	0x3b, 0x20, 0x7d, 0xa, 0x20, 0x20, 0x7d, 0xa, 0x7d, 0xa, 
	0xa, 0x2f, 0x2a, 0x20, 0x49, 0x4e, 0x46, 0x4f, 0x20, 0x50, 
	0x6f, 0x70, 0x6f, 0x76, 0x65, 0x72, 0x20, 0x2a, 0x2f, 0xa, 
	0x2e, 0x6d, 0x6f, 0x64, 0x61, 0x6c, 0x2d, 0x63, 0x61, 0x72, 
	0x64, 0x20, 0x7b, 0xa, 0x20, 0x20, 0x6d, 0x61, 0x72, 0x67, 
	0x69, 0x6e, 0x3a, 0x20, 0x20, 0x20, 0x20, 0x61, 0x75, 0x74, 
	0x6f, 0x3b, 0x20, 0x62, 0x6f, 0x72, 0x64, 0x65, 0x72, 0x3a, 
	0x20, 0x32, 0x70, 0x78, 0x20, 0x73, 0x6f, 0x6c, 0x69, 0x64, 
	0x20, 0x23, 0x30, 0x30, 0x30, 0x3b, 0x20, 0x62, 0x6f, 0x72, 
	0x64, 0x65, 0x72, 0x2d, 0x72, 0x61, 0x64, 0x69, 0x75, 0x73, 
	0x3a, 0x20, 0x38, 0x70, 0x78, 0x3b, 0x20, 0x70, 0x61, 0x64, 
	0x64, 0x69, 0x6e, 0x67, 0x3a, 0x20, 0x63, 0x6c, 0x61, 0x6d, 
	0x70, 0x28, 0x31, 0x34, 0x70, 0x78, 0x2c, 0x20, 0x33, 0x76, 
	0x77, 0x2c, 0x20, 0x32, 0x32, 0x70, 0x78, 0x29, 0x3b, 0xa, 
	0x20, 0x20, 0x6d, 0x61, 0x78, 0x2d, 0x77, 0x69, 0x64, 0x74, 
	0x68, 0x3a, 0x20, 0x35, 0x36, 0x30, 0x70, 0x78, 0x3b, 0x20, 
	0x77, 0x69, 0x64, 0x74, 0x68, 0x3a, 0x20, 0x6d, 0x69, 0x6e, 
	0x28, 0x35, 0x36, 0x30, 0x70, 0x78, 0x2c, 0x20, 0x63, 0x61, 
	0x6c, 0x63, 0x28, 0x31, 0x30, 0x30, 0x76, 0x77, 0x20, 0x2d, 
	0x20, 0x32, 0x34, 0x70, 0x78, 0x20, 0x2d, 0x20, 0x65, 0x6e, 
	0x76, 0x28, 0x73, 0x61, 0x66, 0x65, 0x2d, 0x61, 0x72, 0x65, 
	0x61, 0x2d, 0x69, 0x6e, 0x73, 0x65, 0x74, 0x2d, 0x6c, 0x65, 
	0x66, 0x74, 0x2c, 0x20, 0x30, 0x70, 0x78, 0x29, 0x20, 0x2d, 
	0x20, 0x65, 0x6e, 0x76, 0x28, 0x73, 0x61, 0x66, 0x65, 0x2d, 
	0x61, 0x72, 0x65, 0x61, 0x2d, 0x69, 0x6e, 0x73, 0x65, 0x74, 
	0x2d, 0x72, 0x69, 0x67, 0x68, 0x74, 0x2c, 0x20, 0x30, 0x70, 
	0x78, 0x29, 0x29, 0x29, 0x3b, 0xa, 0x20, 0x20, 0x6d, 0x61, 
	0x78, 0x2d, 0x68, 0x65, 0x69, 0x67, 0x68, 0x74, 0x3a, 0x20, 
	0x63, 0x61, 0x6c, 0x63, 0x28, 0x31, 0x30, 0x30, 0x64, 0x76, 
	0x68, 0x20, 0x2d, 0x20, 0x32, 0x34, 0x70, 0x78, 0x20, 0x2d, 
	0x20, 0x65, 0x6e, 0x76, 0x28, 0x73, 0x61, 0x66, 0x65, 0x2d, 
	0x61, 0x72, 0x65, 0x61, 0x2d, 0x69, 0x6e, 0x73, 0x65, 0x74, 
	0x2d, 0x74, 0x6f, 0x70, 0x2c, 0x20, 0x30, 0x70, 0x78, 0x29, 
	0x20, 0x2d, 0x20, 0x65, 0x6e, 0x76, 0x28, 0x73, 0x61, 0x66, 
	0x65, 0x2d, 0x61, 0x72, 0x65, 0x61, 0x2d, 0x69, 0x6e, 0x73, 
	0x65, 0x74, 0x2d, 0x62, 0x6f, 0x74, 0x74, 0x6f, 0x6d, 0x2c, 
	0x20, 0x30, 0x70, 0x78, 0x29, 0x29, 0x3b, 0xa, 0x20, 0x20, 
	0x6f, 0x76, 0x65, 0x72, 0x66, 0x6c, 0x6f, 0x77, 0x2d, 0x79, 
	0x3a, 0x20, 0x61, 0x75, 0x74, 0x6f, 0x3b, 0x20, 0x6f, 0x76, 
	0x65, 0x72, 0x73, 0x63, 0x72, 0x6f, 0x6c, 0x6c, 0x2d, 0x62, 
	0x65, 0x68, 0x61, 0x76, 0x69, 0x6f, 0x72, 0x3a, 0x20, 0x63, 
	0x6f, 0x6e, 0x74, 0x61, 0x69, 0x6e, 0x3b, 0x20, 0x74, 0x6f, 
	0x75, 0x63, 0x68, 0x2d, 0x61, 0x63, 0x74, 0x69, 0x6f, 0x6e, 
	0x3a, 0x20, 0x70, 0x61, 0x6e, 0x2d, 0x79, 0x3b, 0xa, 0x20, 
	0x20, 0x62, 0x61, 0x63, 0x6b, 0x67, 0x72, 0x6f, 0x75, 0x6e, 
	0x64, 0x3a, 0x20, 0x23, 0x66, 0x66, 0x66, 0x3b, 0x20, 0x62, 
	0x6f, 0x78, 0x2d, 0x73, 0x68, 0x61, 0x64, 0x6f, 0x77, 0x3a, 
	0x20, 0x30, 0x20, 0x38, 0x70, 0x78, 0x20, 0x32, 0x34, 0x70, 
	0x78, 0x20, 0x72, 0x67, 0x62, 0x61, 0x28, 0x30, 0x2c, 0x20, 
	0x30, 0x2c, 0x20, 0x30, 0x2c, 0x20, 0x30, 0x2e, 0x32, 0x29, 
	0x3b, 0xa, 0x20, 0x20, 0x68, 0x32, 0x20, 0x20, 0x20, 0x20, 
	0x20, 0x7b, 0x20, 0x66, 0x6f, 0x6e, 0x74, 0x2d, 0x73, 0x69, 
	0x7a, 0x65, 0x3a, 0x20, 0x31, 0x2e, 0x33, 0x72, 0x65, 0x6d, 
	0x3b, 0x20, 0x66, 0x6f, 0x6e, 0x74, 0x2d, 0x77, 0x65, 0x69, 
	0x67, 0x68, 0x74, 0x3a, 0x20, 0x38, 0x30, 0x30, 0x3b, 0x20, 
	0x6d, 0x61, 0x72, 0x67, 0x69, 0x6e, 0x2d, 0x62, 0x6f, 0x74, 
	0x74, 0x6f, 0x6d, 0x3a, 0x20, 0x36, 0x70, 0x78, 0x3b, 0x20, 
	0x7d, 0xa, 0x20, 0x20, 0x2e, 0x6d, 0x75, 0x74, 0x65, 0x64, 
	0x20, 0x7b, 0x20, 0x66, 0x6f, 0x6e, 0x74, 0x2d, 0x73, 0x69, 
	0x7a, 0x65, 0x3a, 0x20, 0x30, 0x2e, 0x38, 0x35, 0x72, 0x65, 
	0x6d, 0x3b, 0x20, 0x63, 0x6f, 0x6c, 0x6f, 0x72, 0x3a, 0x20, 
	0x23, 0x37, 0x37, 0x37, 0x3b, 0x20, 0x6d, 0x61, 0x72, 0x67, 
	0x69, 0x6e, 0x2d, 0x62, 0x6f, 0x74, 0x74, 0x6f, 0x6d, 0x3a, 
	0x20, 0x31, 0x30, 0x70, 0x78, 0x3b, 0x20, 0x7d, 0xa, 0x20, 
	0x20, 0x75, 0x6c, 0x20, 0x20, 0x20, 0x20, 0x20, 0x7b, 0x20, 
	0x6d, 0x61, 0x72, 0x67, 0x69, 0x6e, 0x3a, 0x20, 0x36, 0x70, 
	0x78, 0x20, 0x30, 0x20, 0x30, 0x20, 0x31, 0x38, 0x70, 0x78, 
	0x3b, 0x20, 0x6c, 0x69, 0x6e, 0x65, 0x2d, 0x68, 0x65, 0x69, 
	0x67, 0x68, 0x74, 0x3a, 0x20, 0x31, 0x2e, 0x36, 0x3b, 0x20, 
	0x66, 0x6f, 0x6e, 0x74, 0x2d, 0x73, 0x69, 0x7a, 0x65, 0x3a, 
	0x20, 0x30, 0x2e, 0x39, 0x35, 0x72, 0x65, 0x6d, 0x3b, 0x20, 
	0x7d, 0xa, 0x20, 0x20, 0x63, 0x6f, 0x64, 0x65, 0x20, 0x20, 
	0x20, 0x7b, 0x20, 0x62, 0x61, 0x63, 0x6b, 0x67, 0x72, 0x6f, 
	0x75, 0x6e, 0x64, 0x3a, 0x20, 0x23, 0x65, 0x65, 0x65, 0x3b, 
	0x20, 0x70, 0x61, 0x64, 0x64, 0x69, 0x6e, 0x67, 0x3a, 0x20, 
	0x32, 0x70, 0x78, 0x20, 0x35, 0x70, 0x78, 0x3b, 0x20, 0x62, 
	0x6f, 0x72, 0x64, 0x65, 0x72, 0x2d, 0x72, 0x61, 0x64, 0x69, 
	0x75, 0x73, 0x3a, 0x20, 0x34, 0x70, 0x78, 0x3b, 0x20, 0x66, 
	0x6f, 0x6e, 0x74, 0x2d, 0x73, 0x69, 0x7a, 0x65, 0x3a, 0x20, 
	0x30, 0x2e, 0x38, 0x35, 0x65, 0x6d, 0x3b, 0x20, 0x7d, 0xa, 
	0xa, 0x20, 0x20, 0x26, 0x3a, 0x3a, 0x62, 0x61, 0x63, 0x6b, 
	0x64, 0x72, 0x6f, 0x70, 0x20, 0x7b, 0xa, 0x20, 0x20, 0x20, 
	0x20, 0x62, 0x61, 0x63, 0x6b, 0x67, 0x72, 0x6f, 0x75, 0x6e, 
	0x64, 0x3a, 0x20, 0x20, 0x20, 0x20, 0x72, 0x67, 0x62, 0x61, 
	0x28, 0x30, 0x2c, 0x20, 0x30, 0x2c, 0x20, 0x30, 0x2c, 0x20, 
	0x30, 0x2e, 0x35, 0x29, 0x3b, 0xa, 0x20, 0x20, 0x20, 0x20, 
	0x62, 0x61, 0x63, 0x6b, 0x64, 0x72, 0x6f, 0x70, 0x2d, 0x66, 
	0x69, 0x6c, 0x74, 0x65, 0x72, 0x3a, 0x20, 0x62, 0x6c, 0x75, 
	0x72, 0x28, 0x33, 0x70, 0x78, 0x29, 0x3b, 0xa, 0x20, 0x20, 
	0x7d, 0xa, 0x7d, 0xa, 0xa, 0x2f, 0x2a, 0x20, 0x38, 0x2e, 
	0x20, 0xe7, 0x8a, 0xb6, 0xe6, 0x85, 0x8b, 0xe9, 0xa7, 0x86, 
	0xe5, 0x8b, 0x95, 0xe3, 0x82, 0xb9, 0xe3, 0x82, 0xbf, 0xe3, 
	0x82, 0xa4, 0xe3, 0x83, 0xab, 0x20, 0x2a, 0x2f, 0xa, 0x62, 
	0x6f, 0x64, 0x79, 0x5b, 0x64, 0x61, 0x74, 0x61, 0x2d, 0x73, 
	0x74, 0x61, 0x74, 0x65, 0x3d, 0x22, 0x44, 0x49, 0x53, 0x43, 
	0x4f, 0x4e, 0x4e, 0x45, 0x43, 0x54, 0x45, 0x44, 0x22, 0x5d, 
	0x20, 0x7b, 0xa, 0x20, 0x20, 0x23, 0x64, 0x69, 0x73, 0x63, 
	0x6f, 0x6e, 0x6e, 0x65, 0x63, 0x74, 0x65, 0x64, 0x2d, 0x6f, 
	0x76, 0x65, 0x72, 0x6c, 0x61, 0x79, 0x20, 0x20, 0x20, 0x20, 
	0x20, 0x7b, 0x20, 0x64, 0x69, 0x73, 0x70, 0x6c, 0x61, 0x79, 
	0x3a, 0x20, 0x66, 0x6c, 0x65, 0x78, 0x3b, 0x20, 0x7d, 0xa, 
	0x20, 0x20, 0x23, 0x73, 0x74, 0x61, 0x74, 0x75, 0x73, 0x2d, 
	0x62, 0x61, 0x64, 0x67, 0x65, 0x20, 0x2e, 0x73, 0x74, 0x61, 
	0x74, 0x75, 0x73, 0x2d, 0x64, 0x6f, 0x74, 0x20, 0x7b, 0x20, 
	0x62, 0x61, 0x63, 0x6b, 0x67, 0x72, 0x6f, 0x75, 0x6e, 0x64, 
	0x3a, 0x20, 0x74, 0x72, 0x61, 0x6e, 0x73, 0x70, 0x61, 0x72, 
	0x65, 0x6e, 0x74, 0x3b, 0x20, 0x62, 0x6f, 0x72, 0x64, 0x65, 
	0x72, 0x3a, 0x20, 0x31, 0x2e, 0x35, 0x70, 0x78, 0x20, 0x73, 
	0x6f, 0x6c, 0x69, 0x64, 0x20, 0x23, 0x30, 0x30, 0x30, 0x3b, 
	0x20, 0x7d, 0xa, 0x20, 0x20, 0x23, 0x62, 0x74, 0x6e, 0x2d, 
	0x6d, 0x6f, 0x64, 0x65, 0x2c, 0x20, 0x2e, 0x70, 0x61, 0x64, 
	0x2d, 0x62, 0x74, 0x6e, 0x20, 0x7b, 0x20, 0x6f, 0x70, 0x61, 
	0x63, 0x69, 0x74, 0x79, 0x3a, 0x20, 0x30, 0x2e, 0x33, 0x35, 
	0x3b, 0x20, 0x70, 0x6f, 0x69, 0x6e, 0x74, 0x65, 0x72, 0x2d, 
	0x65, 0x76, 0x65, 0x6e, 0x74, 0x73, 0x3a, 0x20, 0x6e, 0x6f, 
	0x6e, 0x65, 0x3b, 0x20, 0x7d, 0xa, 0x7d, 0xa, 0xa, 0x62, 
	0x6f, 0x64, 0x79, 0x5b, 0x64, 0x61, 0x74, 0x61, 0x2d, 0x73, 
	0x74, 0x61, 0x74, 0x65, 0x3d, 0x22, 0x41, 0x55, 0x54, 0x4f, 
	0x5f, 0x54, 0x4f, 0x52, 0x22, 0x5d, 0x2c, 0x20, 0x62, 0x6f, 
	0x64, 0x79, 0x5b, 0x64, 0x61, 0x74, 0x61, 0x2d, 0x73, 0x74, 
	0x61, 0x74, 0x65, 0x3d, 0x22, 0x54, 0x4f, 0x52, 0x5f, 0x4d, 
	0x41, 0x4e, 0x55, 0x41, 0x4c, 0x5f, 0x50, 0x45, 0x4e, 0x44, 
	0x49, 0x4e, 0x47, 0x22, 0x5d, 0x20, 0x7b, 0xa, 0x20, 0x20, 
	0x23, 0x74, 0x6f, 0x72, 0x2d, 0x6f, 0x76, 0x65, 0x72, 0x6c, 
	0x61, 0x79, 0x20, 0x7b, 0x20, 0x64, 0x69, 0x73, 0x70, 0x6c, 
	0x61, 0x79, 0x3a, 0x20, 0x66, 0x6c, 0x65, 0x78, 0x3b, 0x20, 
	0x7d, 0xa, 0x20, 0x20, 0x23, 0x62, 0x74, 0x6e, 0x2d, 0x6d, 
	0x6f, 0x64, 0x65, 0x2c, 0x20, 0x2e, 0x70, 0x61, 0x64, 0x2d, 
	0x62, 0x74, 0x6e, 0x20, 0x7b, 0x20, 0x6f, 0x70, 0x61, 0x63, 
	0x69, 0x74, 0x79, 0x3a, 0x20, 0x30, 0x2e, 0x33, 0x35, 0x3b, 
	0x20, 0x70, 0x6f, 0x69, 0x6e, 0x74, 0x65, 0x72, 0x2d, 0x65, 
	0x76, 0x65, 0x6e, 0x74, 0x73, 0x3a, 0x20, 0x6e, 0x6f, 0x6e, 
	0x65, 0x3b, 0x20, 0x7d, 0xa, 0x7d, 0xa, 0xa, 0x62, 0x6f, 
	0x64, 0x79, 0x5b, 0x64, 0x61, 0x74, 0x61, 0x2d, 0x73, 0x74, 
	0x61, 0x74, 0x65, 0x5e, 0x3d, 0x22, 0x41, 0x55, 0x54, 0x4f, 
	0x22, 0x5d, 0x20, 0x7b, 0xa, 0x20, 0x20, 0x2e, 0x70, 0x61, 
	0x64, 0x2d, 0x62, 0x74, 0x6e, 0x20, 0x7b, 0x20, 0x6f, 0x70, 
	0x61, 0x63, 0x69, 0x74, 0x79, 0x3a, 0x20, 0x30, 0x2e, 0x33, 
	0x35, 0x3b, 0x20, 0x70, 0x6f, 0x69, 0x6e, 0x74, 0x65, 0x72, 
	0x2d, 0x65, 0x76, 0x65, 0x6e, 0x74, 0x73, 0x3a, 0x20, 0x6e, 
	0x6f, 0x6e, 0x65, 0x3b, 0x20, 0x7d, 0xa, 0x20, 0x20, 0x23, 
	0x62, 0x74, 0x6e, 0x2d, 0x6d, 0x6f, 0x64, 0x65, 0x20, 0x7b, 
	0xa, 0x20, 0x20, 0x20, 0x20, 0x62, 0x61, 0x63, 0x6b, 0x67, 
	0x72, 0x6f, 0x75, 0x6e, 0x64, 0x3a, 0x20, 0x23, 0x30, 0x30, 
	0x30, 0x3b, 0x20, 0x63, 0x6f, 0x6c, 0x6f, 0x72, 0x3a, 0x20, 
	0x23, 0x66, 0x66, 0x66, 0x3b, 0xa, 0x20, 0x20, 0x20, 0x20, 
	0x26, 0x3a, 0x61, 0x63, 0x74, 0x69, 0x76, 0x65, 0x20, 0x7b, 
	0x20, 0x62, 0x61, 0x63, 0x6b, 0x67, 0x72, 0x6f, 0x75, 0x6e, 
	0x64, 0x3a, 0x20, 0x23, 0x66, 0x66, 0x66, 0x3b, 0x20, 0x63, 
	0x6f, 0x6c, 0x6f, 0x72, 0x3a, 0x20, 0x23, 0x30, 0x30, 0x30, 
	0x3b, 0x20, 0x7d, 0xa, 0x20, 0x20, 0x7d, 0xa, 0x7d, 0xa, 
	0xa, 0x62, 0x6f, 0x64, 0x79, 0x5b, 0x64, 0x61, 0x74, 0x61, 
	0x2d, 0x73, 0x74, 0x61, 0x74, 0x65, 0x24, 0x3d, 0x22, 0x5f, 
	0x50, 0x45, 0x4e, 0x44, 0x49, 0x4e, 0x47, 0x22, 0x5d, 0x20, 
	0x23, 0x62, 0x74, 0x6e, 0x2d, 0x6d, 0x6f, 0x64, 0x65, 0x20, 
	0x7b, 0xa, 0x20, 0x20, 0x6f, 0x70, 0x61, 0x63, 0x69, 0x74, 
	0x79, 0x3a, 0x20, 0x30, 0x2e, 0x37, 0x3b, 0x20, 0x63, 0x75, 
	0x72, 0x73, 0x6f, 0x72, 0x3a, 0x20, 0x77, 0x61, 0x69, 0x74, 
	0x3b, 0x20, 0x70, 0x6f, 0x69, 0x6e, 0x74, 0x65, 0x72, 0x2d, 
	0x65, 0x76, 0x65, 0x6e, 0x74, 0x73, 0x3a, 0x20, 0x6e, 0x6f, 
	0x6e, 0x65, 0x3b, 0xa, 0x7d, 0xa, 0xa, 0x62, 0x6f, 0x64, 
	0x79, 0x5b, 0x64, 0x61, 0x74, 0x61, 0x2d, 0x73, 0x74, 0x61, 
	0x74, 0x65, 0x2a, 0x3d, 0x22, 0x41, 0x42, 0x4f, 0x52, 0x54, 
	0x22, 0x5d, 0x20, 0x7b, 0xa, 0x20, 0x20, 0x23, 0x73, 0x74, 
	0x6f, 0x70, 0x2d, 0x72, 0x65, 0x61, 0x73, 0x6f, 0x6e, 0x20, 
	0x7b, 0x20, 0x64, 0x69, 0x73, 0x70, 0x6c, 0x61, 0x79, 0x3a, 
	0x20, 0x66, 0x6c, 0x65, 0x78, 0x3b, 0x20, 0x7d, 0xa, 0x20, 
	0x20, 0x23, 0x62, 0x74, 0x6e, 0x2d, 0x6d, 0x6f, 0x64, 0x65, 
	0x2c, 0x20, 0x2e, 0x70, 0x61, 0x64, 0x2d, 0x62, 0x74, 0x6e, 
	0x20, 0x7b, 0x20, 0x6f, 0x70, 0x61, 0x63, 0x69, 0x74, 0x79, 
	0x3a, 0x20, 0x30, 0x2e, 0x33, 0x35, 0x3b, 0x20, 0x70, 0x6f, 
	0x69, 0x6e, 0x74, 0x65, 0x72, 0x2d, 0x65, 0x76, 0x65, 0x6e, 
	0x74, 0x73, 0x3a, 0x20, 0x6e, 0x6f, 0x6e, 0x65, 0x3b, 0x20, 
	0x7d, 0xa, 0x7d, 0xa, 0xa, 0x62, 0x6f, 0x64, 0x79, 0x5b, 
	0x64, 0x61, 0x74, 0x61, 0x2d, 0x73, 0x74, 0x6f, 0x70, 0x2d, 
	0x72, 0x65, 0x61, 0x73, 0x6f, 0x6e, 0x2d, 0x61, 0x63, 0x74, 
	0x69, 0x76, 0x65, 0x3d, 0x22, 0x74, 0x72, 0x75, 0x65, 0x22, 
	0x5d, 0x20, 0x23, 0x73, 0x74, 0x6f, 0x70, 0x2d, 0x72, 0x65, 
	0x61, 0x73, 0x6f, 0x6e, 0x20, 0x7b, 0x20, 0x64, 0x69, 0x73, 
	0x70, 0x6c, 0x61, 0x79, 0x3a, 0x20, 0x66, 0x6c, 0x65, 0x78, 
	0x3b, 0x20, 0x7d, 0xa, 0xa, 0x2e, 0x73, 0x70, 0x69, 0x6e, 
	0x6e, 0x65, 0x72, 0x20, 0x7b, 0xa, 0x20, 0x20, 0x77, 0x69, 
	0x64, 0x74, 0x68, 0x3a, 0x20, 0x20, 0x33, 0x36, 0x70, 0x78, 
	0x3b, 0x20, 0x68, 0x65, 0x69, 0x67, 0x68, 0x74, 0x3a, 0x20, 
	0x33, 0x36, 0x70, 0x78, 0x3b, 0x20, 0x62, 0x6f, 0x72, 0x64, 
	0x65, 0x72, 0x3a, 0x20, 0x33, 0x70, 0x78, 0x20, 0x73, 0x6f, 
	0x6c, 0x69, 0x64, 0x20, 0x23, 0x64, 0x64, 0x64, 0x3b, 0x20, 
	0x62, 0x6f, 0x72, 0x64, 0x65, 0x72, 0x2d, 0x74, 0x6f, 0x70, 
	0x2d, 0x63, 0x6f, 0x6c, 0x6f, 0x72, 0x3a, 0x20, 0x23, 0x30, 
	0x30, 0x30, 0x3b, 0x20, 0x62, 0x6f, 0x72, 0x64, 0x65, 0x72, 
	0x2d, 0x72, 0x61, 0x64, 0x69, 0x75, 0x73, 0x3a, 0x20, 0x35, 
	0x30, 0x25, 0x3b, 0xa, 0x20, 0x20, 0x6d, 0x61, 0x72, 0x67, 
	0x69, 0x6e, 0x3a, 0x20, 0x30, 0x20, 0x61, 0x75, 0x74, 0x6f, 
	0x20, 0x31, 0x32, 0x70, 0x78, 0x3b, 0x20, 0x61, 0x6e, 0x69, 
	0x6d, 0x61, 0x74, 0x69, 0x6f, 0x6e, 0x3a, 0x20, 0x73, 0x70, 
	0x69, 0x6e, 0x20, 0x30, 0x2e, 0x38, 0x73, 0x20, 0x6c, 0x69, 
	0x6e, 0x65, 0x61, 0x72, 0x20, 0x69, 0x6e, 0x66, 0x69, 0x6e, 
	0x69, 0x74, 0x65, 0x3b, 0xa, 0x7d, 0xa, 0x40, 0x6b, 0x65, 
	0x79, 0x66, 0x72, 0x61, 0x6d, 0x65, 0x73, 0x20, 0x73, 0x70, 
	0x69, 0x6e, 0x20, 0x20, 0x7b, 0x20, 0x74, 0x6f, 0x20, 0x7b, 
	0x20, 0x74, 0x72, 0x61, 0x6e, 0x73, 0x66, 0x6f, 0x72, 0x6d, 
	0x3a, 0x20, 0x72, 0x6f, 0x74, 0x61, 0x74, 0x65, 0x28, 0x33, 
	0x36, 0x30, 0x64, 0x65, 0x67, 0x29, 0x3b, 0x20, 0x7d, 0x20, 
	0x7d, 0xa, 0x40, 0x6b, 0x65, 0x79, 0x66, 0x72, 0x61, 0x6d, 
	0x65, 0x73, 0x20, 0x66, 0x6c, 0x61, 0x73, 0x68, 0x20, 0x7b, 
	0x20, 0x30, 0x25, 0x20, 0x7b, 0x20, 0x62, 0x6f, 0x72, 0x64, 
	0x65, 0x72, 0x2d, 0x63, 0x6f, 0x6c, 0x6f, 0x72, 0x3a, 0x20, 
	0x23, 0x63, 0x63, 0x63, 0x3b, 0x20, 0x7d, 0x20, 0x31, 0x30, 
	0x30, 0x25, 0x20, 0x7b, 0x20, 0x62, 0x6f, 0x72, 0x64, 0x65, 
	0x72, 0x2d, 0x63, 0x6f, 0x6c, 0x6f, 0x72, 0x3a, 0x20, 0x23, 
	0x30, 0x30, 0x30, 0x3b, 0x20, 0x7d, 0x20, 0x7d, 0xa, 0xa, 
	0x2f, 0x2a, 0x20, 0x3d, 0x3d, 0x3d, 0x3d, 0x3d, 0x3d, 0x3d, 
	0x3d, 0x3d, 0x3d, 0x3d, 0x3d, 0x3d, 0x3d, 0x3d, 0x3d, 0x3d, 
	0x3d, 0x3d, 0x3d, 0x3d, 0x3d, 0x3d, 0x3d, 0x3d, 0x3d, 0x3d, 
	0x3d, 0x3d, 0x3d, 0x3d, 0x3d, 0x3d, 0x3d, 0x3d, 0x3d, 0x3d, 
	0x3d, 0x3d, 0x3d, 0x3d, 0x3d, 0x3d, 0x3d, 0x3d, 0x3d, 0x3d, 
	0x3d, 0x3d, 0x3d, 0x3d, 0x3d, 0x3d, 0x3d, 0x3d, 0x3d, 0x3d, 
	0x3d, 0x3d, 0x3d, 0x3d, 0x3d, 0x3d, 0x3d, 0x3d, 0x3d, 0x3d, 
	0x3d, 0x3d, 0x3d, 0x3d, 0x3d, 0x3d, 0x3d, 0xa, 0x20, 0x20, 
	0x20, 0x39, 0x2e, 0x20, 0xe3, 0x82, 0xb9, 0xe3, 0x83, 0x9e, 
	0xe3, 0x83, 0x9b, 0xe3, 0x83, 0xbb, 0xe3, 0x82, 0xbf, 0xe3, 
	0x83, 0x96, 0xe3, 0x83, 0xac, 0xe3, 0x83, 0x83, 0xe3, 0x83, 
	0x88, 0xe7, 0xb8, 0xa6, 0xe6, 0x8c, 0x81, 0xe3, 0x81, 0xa1, 
	0xe6, 0x99, 0x82, 0xe3, 0x81, 0xaf, 0xe7, 0x94, 0xbb, 0xe9, 
	0x9d, 0xa2, 0xe5, 0x85, 0xa8, 0xe4, 0xbd, 0x93, 0xe3, 0x82, 
	0x92, 0x20, 0x39, 0x30, 0xc2, 0xb0, 0x20, 0xe5, 0x9b, 0x9e, 
	0xe8, 0xbb, 0xa2, 0xe3, 0x81, 0x97, 0xe3, 0x81, 0xa6, 0xe6, 
	0xa8, 0xaa, 0xe7, 0x94, 0xbb, 0xe9, 0x9d, 0xa2, 0xe3, 0x81, 
	0xa7, 0xe8, 0xa1, 0xa8, 0xe7, 0xa4, 0xba, 0xe3, 0x81, 0x99, 
	0xe3, 0x82, 0x8b, 0xa, 0x20, 0x20, 0x20, 0xef, 0xbc, 0x88, 
	0xe5, 0x85, 0xa8, 0xe7, 0x94, 0xbb, 0xe9, 0x9d, 0xa2, 0xef, 
	0xbc, 0x8b, 0xe5, 0x90, 0x91, 0xe3, 0x81, 0x8d, 0xe3, 0x83, 
	0xad, 0xe3, 0x83, 0x83, 0xe3, 0x82, 0xaf, 0xe3, 0x81, 0x8c, 
	0xe4, 0xbd, 0xbf, 0xe3, 0x81, 0x88, 0xe3, 0x82, 0x8b, 0xe7, 
	0xab, 0xaf, 0xe6, 0x9c, 0xab, 0xe3, 0x81, 0xa7, 0xe3, 0x81, 
	0xaf, 0x20, 0x6a, 0x73, 0x2f, 0x73, 0x63, 0x72, 0x65, 0x65, 
	0x6e, 0x2e, 0x6a, 0x73, 0x20, 0xe3, 0x81, 0x8c, 0xe3, 0x81, 
	0x9d, 0xe3, 0x81, 0xa1, 0xe3, 0x82, 0x89, 0xe3, 0x82, 0x92, 
	0xe4, 0xbd, 0xbf, 0xe3, 0x81, 0x86, 0xef, 0xbc, 0x89, 0xa, 
	0x20, 0x20, 0x20, 0x3d, 0x3d, 0x3d, 0x3d, 0x3d, 0x3d, 0x3d, 
	0x3d, 0x3d, 0x3d, 0x3d, 0x3d, 0x3d, 0x3d, 0x3d, 0x3d, 0x3d, 
	0x3d, 0x3d, 0x3d, 0x3d, 0x3d, 0x3d, 0x3d, 0x3d, 0x3d, 0x3d, 
	0x3d, 0x3d, 0x3d, 0x3d, 0x3d, 0x3d, 0x3d, 0x3d, 0x3d, 0x3d, 
	0x3d, 0x3d, 0x3d, 0x3d, 0x3d, 0x3d, 0x3d, 0x3d, 0x3d, 0x3d, 
	0x3d, 0x3d, 0x3d, 0x3d, 0x3d, 0x3d, 0x3d, 0x3d, 0x3d, 0x3d, 
	0x3d, 0x3d, 0x3d, 0x3d, 0x3d, 0x3d, 0x3d, 0x3d, 0x3d, 0x3d, 
	0x3d, 0x3d, 0x3d, 0x3d, 0x3d, 0x3d, 0x3d, 0x20, 0x2a, 0x2f, 
	0xa, 0x40, 0x6d, 0x65, 0x64, 0x69, 0x61, 0x20, 0x28, 0x6f, 
	0x72, 0x69, 0x65, 0x6e, 0x74, 0x61, 0x74, 0x69, 0x6f, 0x6e, 
	0x3a, 0x20, 0x70, 0x6f, 0x72, 0x74, 0x72, 0x61, 0x69, 0x74, 
	0x29, 0x20, 0x61, 0x6e, 0x64, 0x20, 0x28, 0x70, 0x6f, 0x69, 
	0x6e, 0x74, 0x65, 0x72, 0x3a, 0x20, 0x63, 0x6f, 0x61, 0x72, 
	0x73, 0x65, 0x29, 0x20, 0x7b, 0xa, 0x20, 0x20, 0x62, 0x6f, 
	0x64, 0x79, 0x20, 0x7b, 0xa, 0x20, 0x20, 0x20, 0x20, 0x70, 
	0x6f, 0x73, 0x69, 0x74, 0x69, 0x6f, 0x6e, 0x3a, 0x20, 0x61, 
	0x62, 0x73, 0x6f, 0x6c, 0x75, 0x74, 0x65, 0x3b, 0x20, 0x74, 
	0x6f, 0x70, 0x3a, 0x20, 0x30, 0x3b, 0x20, 0x6c, 0x65, 0x66, 
	0x74, 0x3a, 0x20, 0x30, 0x3b, 0xa, 0x20, 0x20, 0x20, 0x20, 
	0x77, 0x69, 0x64, 0x74, 0x68, 0x3a, 0x20, 0x31, 0x30, 0x30, 
	0x64, 0x76, 0x68, 0x3b, 0x20, 0x68, 0x65, 0x69, 0x67, 0x68, 
	0x74, 0x3a, 0x20, 0x31, 0x30, 0x30, 0x76, 0x77, 0x3b, 0x20, 
	0x20, 0x20, 0x20, 0x20, 0x20, 0x20, 0x20, 0x20, 0x20, 0x20, 
	0x2f, 0x2a, 0x20, 0xe6, 0xa8, 0xaa, 0xe7, 0x94, 0xbb, 0xe9, 
	0x9d, 0xa2, 0xe3, 0x81, 0xae, 0xe5, 0xb9, 0x85, 0xe3, 0x83, 
	0xbb, 0xe9, 0xab, 0x98, 0xe3, 0x81, 0x95, 0x20, 0x2a, 0x2f, 
	0xa, 0x20, 0x20, 0x20, 0x20, 0x6d, 0x69, 0x6e, 0x2d, 0x68, 
	0x65, 0x69, 0x67, 0x68, 0x74, 0x3a, 0x20, 0x30, 0x3b, 0xa, 
	0x20, 0x20, 0x20, 0x20, 0x74, 0x72, 0x61, 0x6e, 0x73, 0x66, 
	0x6f, 0x72, 0x6d, 0x2d, 0x6f, 0x72, 0x69, 0x67, 0x69, 0x6e, 
	0x3a, 0x20, 0x74, 0x6f, 0x70, 0x20, 0x6c, 0x65, 0x66, 0x74, 
	0x3b, 0xa, 0x20, 0x20, 0x20, 0x20, 0x74, 0x72, 0x61, 0x6e, 
	0x73, 0x66, 0x6f, 0x72, 0x6d, 0x3a, 0x20, 0x74, 0x72, 0x61, 
	0x6e, 0x73, 0x6c, 0x61, 0x74, 0x65, 0x58, 0x28, 0x31, 0x30, 
	0x30, 0x76, 0x77, 0x29, 0x20, 0x72, 0x6f, 0x74, 0x61, 0x74, 
	0x65, 0x28, 0x39, 0x30, 0x64, 0x65, 0x67, 0x29, 0x3b, 0xa, 
	0x20, 0x20, 0x7d, 0xa, 0x20, 0x20, 0x2f, 0x2a, 0x20, 0xe5, 
	0x9b, 0x9e, 0xe8, 0xbb, 0xa2, 0xe5, 0xbe, 0x8c, 0xe3, 0x81, 
	0xae, 0xe9, 0xab, 0x98, 0xe3, 0x81, 0x95, 0xef, 0xbc, 0x88, 
	0x3d, 0x20, 0xe7, 0xab, 0xaf, 0xe6, 0x9c, 0xab, 0xe3, 0x81, 
	0xae, 0xe5, 0xb9, 0x85, 0xef, 0xbc, 0x89, 0xe3, 0x81, 0x8c, 
	0xe5, 0xb0, 0x8f, 0xe3, 0x81, 0x95, 0xe3, 0x81, 0x84, 0xe3, 
	0x81, 0xae, 0xe3, 0x81, 0xa7, 0xe3, 0x80, 0x81, 0xe6, 0xa8, 
	0xaa, 0xe6, 0x8c, 0x81, 0xe3, 0x81, 0xa1, 0xe3, 0x81, 0xae, 
	0xe5, 0xb0, 0x8f, 0xe7, 0x94, 0xbb, 0xe9, 0x9d, 0xa2, 0xe3, 
	0x81, 0xa8, 0xe5, 0x90, 0x8c, 0xe3, 0x81, 0x98, 0xe5, 0xaf, 
	0xb8, 0xe6, 0xb3, 0x95, 0xe3, 0x81, 0xab, 0xe3, 0x81, 0x99, 
	0xe3, 0x82, 0x8b, 0x20, 0x2a, 0x2f, 0xa, 0x20, 0x20, 0x2e, 
	0x70, 0x61, 0x64, 0x2d, 0x6c, 0x65, 0x66, 0x74, 0x2c, 0x20, 
	0x2e, 0x70, 0x61, 0x64, 0x2d, 0x72, 0x69, 0x67, 0x68, 0x74, 
	0x20, 0x7b, 0x20, 0x77, 0x69, 0x64, 0x74, 0x68, 0x3a, 0x20, 
	0x39, 0x36, 0x70, 0x78, 0x3b, 0x20, 0x68, 0x65, 0x69, 0x67, 
	0x68, 0x74, 0x3a, 0x20, 0x38, 0x30, 0x70, 0x78, 0x3b, 0x20, 
	0x7d, 0xa, 0x20, 0x20, 0x2e, 0x70, 0x61, 0x64, 0x2d, 0x66, 
	0x6f, 0x72, 0x77, 0x61, 0x72, 0x64, 0x20, 0x7b, 0x20, 0x68, 
	0x65, 0x69, 0x67, 0x68, 0x74, 0x3a, 0x20, 0x31, 0x31, 0x32, 
	0x70, 0x78, 0x3b, 0x20, 0x7d, 0xa, 0x20, 0x20, 0x2e, 0x62, 
	0x6f, 0x74, 0x74, 0x6f, 0x6d, 0x2d, 0x62, 0x61, 0x72, 0x20, 
	0x2e, 0x61, 0x63, 0x74, 0x69, 0x6f, 0x6e, 0x2d, 0x72, 0x6f, 
	0x77, 0x20, 0x2e, 0x61, 0x63, 0x74, 0x69, 0x6f, 0x6e, 0x2d, 
	0x62, 0x74, 0x6e, 0x20, 0x7b, 0x20, 0x6d, 0x69, 0x6e, 0x2d, 
	0x68, 0x65, 0x69, 0x67, 0x68, 0x74, 0x3a, 0x20, 0x34, 0x36, 
	0x70, 0x78, 0x3b, 0x20, 0x7d, 0xa, 0x20, 0x20, 0x2f, 0x2a, 
	0x20, 0x70, 0x6f, 0x70, 0x6f, 0x76, 0x65, 0x72, 0x20, 0xe3, 
	0x81, 0xaf, 0xe3, 0x83, 0x88, 0xe3, 0x83, 0x83, 0xe3, 0x83, 
	0x97, 0xe3, 0x83, 0xac, 0xe3, 0x82, 0xa4, 0xe3, 0x83, 0xa4, 
	0xe3, 0x83, 0xbc, 0xe3, 0x81, 0xab, 0xe5, 0x87, 0xba, 0xe3, 
	0x82, 0x8b, 0xe3, 0x81, 0x9f, 0xe3, 0x82, 0x81, 0x20, 0x62, 
	0x6f, 0x64, 0x79, 0x20, 0xe3, 0x81, 0xae, 0xe5, 0x9b, 0x9e, 
	0xe8, 0xbb, 0xa2, 0xe3, 0x82, 0x92, 0xe5, 0x8f, 0x97, 0xe3, 
	0x81, 0x91, 0xe3, 0x81, 0xaa, 0xe3, 0x81, 0x84, 0xe3, 0x80, 
	0x82, 0xe5, 0x80, 0x8b, 0xe5, 0x88, 0xa5, 0xe3, 0x81, 0xab, 
	0xe5, 0x9b, 0x9e, 0xe8, 0xbb, 0xa2, 0xe3, 0x81, 0x99, 0xe3, 
	0x82, 0x8b, 0x20, 0x2a, 0x2f, 0xa, 0x20, 0x20, 0x23, 0x69, 
	0x6e, 0x66, 0x6f, 0x2d, 0x6d, 0x6f, 0x64, 0x61, 0x6c, 0x20, 
	0x7b, 0xa, 0x20, 0x20, 0x20, 0x20, 0x2f, 0x2a, 0x20, 0xe5, 
	0x9b, 0x9e, 0xe8, 0xbb, 0xa2, 0xe5, 0x89, 0x8d, 0xe3, 0x81, 
	0xae, 0xe5, 0xb9, 0x85, 0xe3, 0x81, 0x8c, 0xe7, 0x94, 0xbb, 
	0xe9, 0x9d, 0xa2, 0xe5, 0xb9, 0x85, 0xe3, 0x82, 0x92, 0xe8, 
	0xb6, 0x85, 0xe3, 0x81, 0x88, 0xe3, 0x82, 0x8b, 0xe3, 0x81, 
	0xae, 0xe3, 0x81, 0xa7, 0x20, 0x6d, 0x61, 0x72, 0x67, 0x69, 
	0x6e, 0x3a, 0x61, 0x75, 0x74, 0x6f, 0x20, 0xe3, 0x81, 0xa7, 
	0xe3, 0x81, 0xaf, 0xe4, 0xb8, 0xad, 0xe5, 0xa4, 0xae, 0xe3, 
	0x81, 0xab, 0xe3, 0x81, 0xaa, 0xe3, 0x82, 0x89, 0xe3, 0x81, 
	0xaa, 0xe3, 0x81, 0x84, 0xe3, 0x80, 0x82, 0xe4, 0xb8, 0xad, 
	0xe5, 0xbf, 0x83, 0xe3, 0x82, 0x92, 0xe6, 0x98, 0x8e, 0xe7, 
	0xa4, 0xba, 0xe3, 0x81, 0x97, 0xe3, 0x81, 0xa6, 0xe5, 0x9b, 
	0x9e, 0xe8, 0xbb, 0xa2, 0xe3, 0x81, 0x99, 0xe3, 0x82, 0x8b, 
	0x20, 0x2a, 0x2f, 0xa, 0x20, 0x20, 0x20, 0x20, 0x69, 0x6e, 
	0x73, 0x65, 0x74, 0x3a, 0x20, 0x61, 0x75, 0x74, 0x6f, 0x3b, 
	0x20, 0x74, 0x6f, 0x70, 0x3a, 0x20, 0x35, 0x30, 0x25, 0x3b, 
	0x20, 0x6c, 0x65, 0x66, 0x74, 0x3a, 0x20, 0x35, 0x30, 0x25, 
	0x3b, 0x20, 0x6d, 0x61, 0x72, 0x67, 0x69, 0x6e, 0x3a, 0x20, 
	0x30, 0x3b, 0xa, 0x20, 0x20, 0x20, 0x20, 0x74, 0x72, 0x61, 
	0x6e, 0x73, 0x6c, 0x61, 0x74, 0x65, 0x3a, 0x20, 0x2d, 0x35, 
	0x30, 0x25, 0x20, 0x2d, 0x35, 0x30, 0x25, 0x3b, 0x20, 0x72, 
	0x6f, 0x74, 0x61, 0x74, 0x65, 0x3a, 0x20, 0x39, 0x30, 0x64, 
	0x65, 0x67, 0x3b, 0xa, 0x20, 0x20, 0x20, 0x20, 0x77, 0x69, 
	0x64, 0x74, 0x68, 0x3a, 0x20, 0x6d, 0x69, 0x6e, 0x28, 0x35, 
	0x36, 0x30, 0x70, 0x78, 0x2c, 0x20, 0x63, 0x61, 0x6c, 0x63, 
	0x28, 0x31, 0x30, 0x30, 0x64, 0x76, 0x68, 0x20, 0x2d, 0x20, 
	0x32, 0x34, 0x70, 0x78, 0x29, 0x29, 0x3b, 0x20, 0x6d, 0x61, 
	0x78, 0x2d, 0x68, 0x65, 0x69, 0x67, 0x68, 0x74, 0x3a, 0x20, 
	0x63, 0x61, 0x6c, 0x63, 0x28, 0x31, 0x30, 0x30, 0x76, 0x77, 
	0x20, 0x2d, 0x20, 0x32, 0x34, 0x70, 0x78, 0x29, 0x3b, 0xa, 
	0x20, 0x20, 0x7d, 0xa, 0x20, 0x20, 0x23, 0x61, 0x6c, 0x65, 
	0x72, 0x74, 0x2d, 0x62, 0x61, 0x6e, 0x6e, 0x65, 0x72, 0x20, 
	0x7b, 0xa, 0x20, 0x20, 0x20, 0x20, 0x74, 0x6f, 0x70, 0x3a, 
	0x20, 0x35, 0x30, 0x25, 0x3b, 0x20, 0x6c, 0x65, 0x66, 0x74, 
	0x3a, 0x20, 0x61, 0x75, 0x74, 0x6f, 0x3b, 0x20, 0x72, 0x69, 
	0x67, 0x68, 0x74, 0x3a, 0x20, 0x63, 0x61, 0x6c, 0x63, 0x28, 
	0x38, 0x30, 0x70, 0x78, 0x20, 0x2b, 0x20, 0x65, 0x6e, 0x76, 
	0x28, 0x73, 0x61, 0x66, 0x65, 0x2d, 0x61, 0x72, 0x65, 0x61, 
	0x2d, 0x69, 0x6e, 0x73, 0x65, 0x74, 0x2d, 0x72, 0x69, 0x67, 
	0x68, 0x74, 0x2c, 0x20, 0x30, 0x70, 0x78, 0x29, 0x29, 0x3b, 
	0xa, 0x20, 0x20, 0x20, 0x20, 0x74, 0x72, 0x61, 0x6e, 0x73, 
	0x6c, 0x61, 0x74, 0x65, 0x3a, 0x20, 0x35, 0x30, 0x25, 0x20, 
	0x2d, 0x35, 0x30, 0x25, 0x3b, 0x20, 0x72, 0x6f, 0x74, 0x61, 
	0x74, 0x65, 0x3a, 0x20, 0x39, 0x30, 0x64, 0x65, 0x67, 0x3b, 
	0xa, 0x20, 0x20, 0x7d, 0xa, 0x7d, 0xa, };

const struct fsdata_file file_404_html[] = {{NULL, data_404_html, data_404_html + 10, sizeof(data_404_html) - 10, FS_FILE_FLAGS_HEADER_INCLUDED | FS_FILE_FLAGS_HEADER_PERSISTENT}};

const struct fsdata_file file_index_html[] = {{file_404_html, data_index_html, data_index_html + 12, sizeof(data_index_html) - 12, FS_FILE_FLAGS_HEADER_INCLUDED | FS_FILE_FLAGS_HEADER_PERSISTENT}};

const struct fsdata_file file_js_app_js[] = {{file_index_html, data_js_app_js, data_js_app_js + 11, sizeof(data_js_app_js) - 11, FS_FILE_FLAGS_HEADER_INCLUDED | FS_FILE_FLAGS_HEADER_PERSISTENT}};

const struct fsdata_file file_js_comm_js[] = {{file_js_app_js, data_js_comm_js, data_js_comm_js + 12, sizeof(data_js_comm_js) - 12, FS_FILE_FLAGS_HEADER_INCLUDED | FS_FILE_FLAGS_HEADER_PERSISTENT}};

const struct fsdata_file file_js_constants_js[] = {{file_js_comm_js, data_js_constants_js, data_js_constants_js + 17, sizeof(data_js_constants_js) - 17, FS_FILE_FLAGS_HEADER_INCLUDED | FS_FILE_FLAGS_HEADER_PERSISTENT}};

const struct fsdata_file file_js_input_js[] = {{file_js_constants_js, data_js_input_js, data_js_input_js + 13, sizeof(data_js_input_js) - 13, FS_FILE_FLAGS_HEADER_INCLUDED | FS_FILE_FLAGS_HEADER_PERSISTENT}};

const struct fsdata_file file_js_screen_js[] = {{file_js_input_js, data_js_screen_js, data_js_screen_js + 14, sizeof(data_js_screen_js) - 14, FS_FILE_FLAGS_HEADER_INCLUDED | FS_FILE_FLAGS_HEADER_PERSISTENT}};

const struct fsdata_file file_js_state_machine_js[] = {{file_js_screen_js, data_js_state_machine_js, data_js_state_machine_js + 21, sizeof(data_js_state_machine_js) - 21, FS_FILE_FLAGS_HEADER_INCLUDED | FS_FILE_FLAGS_HEADER_PERSISTENT}};

const struct fsdata_file file_js_ui_js[] = {{file_js_state_machine_js, data_js_ui_js, data_js_ui_js + 10, sizeof(data_js_ui_js) - 10, FS_FILE_FLAGS_HEADER_INCLUDED | FS_FILE_FLAGS_HEADER_PERSISTENT}};

const struct fsdata_file file_js_video_js[] = {{file_js_ui_js, data_js_video_js, data_js_video_js + 13, sizeof(data_js_video_js) - 13, FS_FILE_FLAGS_HEADER_INCLUDED | FS_FILE_FLAGS_HEADER_PERSISTENT}};

const struct fsdata_file file_style_css[] = {{file_js_video_js, data_style_css, data_style_css + 11, sizeof(data_style_css) - 11, FS_FILE_FLAGS_HEADER_INCLUDED | FS_FILE_FLAGS_HEADER_PERSISTENT}};

#define FS_ROOT file_style_css

#define FS_NUMFILES 11
